iteration,dna,fitness,training_log.win-rate,training_log.total,training_log.PNL,testing_log.win-rate,testing_log.total,testing_log.PNL,parameters.ott_len,parameters.ott_percent,parameters.ott_bw,parameters.tps_qty_index
100,v+7v,1.9178894300304845,100,6,2.05,100,2,3.05,32,25,46,987
100,st7M,0.3379291347878128,67,43,17.72,55,29,5.52,30,395,46,468
100,ss=9,0.33698915656480516,63,49,27.46,55,29,3.77,30,390,61,215
100,wk8m,0.3341161013164155,69,71,10.77,75,36,10.96,32,349,48,873
100,GkB;,0.3209418859093462,55,81,17.16,50,53,3.5,14,349,73,241
100,vi1],0.3114449676593229,47,55,23.45,54,22,7.49,32,339,32,671
100,tl_5,0.3084500553490688,60,94,24.03,61,55,9.94,31,354,142,165
100,eDPu,0.2860745773908655,80,15,7.77,80,5,2.68,25,152,106,975
100,GqmJ,0.2804619542261131,49,63,17.22,57,42,26.97,14,380,176,430
100,rd/a,0.2733309196134496,53,63,19.35,52,23,6.26,30,314,27,722
100,Rk^O,0.26653028845316834,76,72,17.23,66,51,7.79,18,349,140,494
100,@FXc,0.26644232660662365,70,17,5.79,87,8,10.99,11,162,125,747
100,ha0j,0.25657681414438055,52,88,13.27,54,51,5.51,26,299,29,835
100,i`UK,0.2486518568946482,55,81,14.26,54,50,-9.7,27,294,118,443
100,Q@M^,0.24772078509224024,58,17,7.23,62,8,9.6,18,132,99,684
100,E1=o,0.24621474605565238,66,39,6.54,68,16,4.54,13,56,61,899
100,dUWl,0.2441381218062578,65,114,12.31,55,85,-16.91,25,238,123,861
100,1@]^,0.2375787393257166,62,16,5.2,75,8,12.46,5,132,137,684
100,^g.S,0.2366270985394855,50,80,20.07,57,42,13.53,23,329,24,544
100,veLM,0.23591792386723515,58,60,10.82,67,37,8.91,32,319,97,468
100,hoft,0.23192650497650552,77,62,9.41,75,37,7.31,26,369,159,962
100,HZg*,0.21403259730210009,33,24,9.03,58,12,23.83,14,263,162,25
100,U;Cg,0.21354927931891676,49,55,8.38,50,24,13.91,19,106,75,797
100,v?L:,0.21065290242268012,71,7,5.15,100,2,3.46,32,126,97,228
100,Z?N>,0.2059252176093693,81,11,4.32,83,6,7.1,21,126,101,278
100,k/9P,0.20025635189780924,46,13,4.17,60,5,15.14,27,45,51,506
100,nlF;,0.1947335041751584,66,57,15.92,71,35,17.17,29,354,82,241
100,dH=e,0.19009234516483303,63,172,7.88,55,127,14.86,25,172,61,772
100,7DXP,0.18221912162529136,56,23,6.16,54,11,18.3,8,152,125,506
100,Rea6,0.17583093138930622,47,74,12.85,50,50,3.74,18,319,147,177
100,v+7v,1.9178894300304845,100,6,2.05,100,2,3.05,32,25,46,987
100,st7M,0.3379291347878128,67,43,17.72,55,29,5.52,30,395,46,468
100,ss=9,0.33698915656480516,63,49,27.46,55,29,3.77,30,390,61,215
100,wk8m,0.3341161013164155,69,71,10.77,75,36,10.96,32,349,48,873
100,GkB;,0.3209418859093462,55,81,17.16,50,53,3.5,14,349,73,241
100,vi1],0.3114449676593229,47,55,23.45,54,22,7.49,32,339,32,671
100,tl_5,0.3084500553490688,60,94,24.03,61,55,9.94,31,354,142,165
100,eDPu,0.2860745773908655,80,15,7.77,80,5,2.68,25,152,106,975
100,GqmJ,0.2804619542261131,49,63,17.22,57,42,26.97,14,380,176,430
100,rd/a,0.2733309196134496,53,63,19.35,52,23,6.26,30,314,27,722
100,Rk^O,0.26653028845316834,76,72,17.23,66,51,7.79,18,349,140,494
100,@FXc,0.26644232660662365,70,17,5.79,87,8,10.99,11,162,125,747
100,ha0j,0.25657681414438055,52,88,13.27,54,51,5.51,26,299,29,835
100,i`UK,0.2486518568946482,55,81,14.26,54,50,-9.7,27,294,118,443
100,Q@M^,0.24772078509224024,58,17,7.23,62,8,9.6,18,132,99,684
100,E1=o,0.24621474605565238,66,39,6.54,68,16,4.54,13,56,61,899
100,dUWl,0.2441381218062578,65,114,12.31,55,85,-16.91,25,238,123,861
100,1@]^,0.2375787393257166,62,16,5.2,75,8,12.46,5,132,137,684
100,^g.S,0.2366270985394855,50,80,20.07,57,42,13.53,23,329,24,544
100,veLM,0.23591792386723515,58,60,10.82,67,37,8.91,32,319,97,468
100,hoft,0.23192650497650552,77,62,9.41,75,37,7.31,26,369,159,962
100,HZg*,0.21403259730210009,33,24,9.03,58,12,23.83,14,263,162,25
100,U;Cg,0.21354927931891676,49,55,8.38,50,24,13.91,19,106,75,797
100,v?L:,0.21065290242268012,71,7,5.15,100,2,3.46,32,126,97,228
100,Z?N>,0.2059252176093693,81,11,4.32,83,6,7.1,21,126,101,278
100,k/9P,0.20025635189780924,46,13,4.17,60,5,15.14,27,45,51,506
100,nlF;,0.1947335041751584,66,57,15.92,71,35,17.17,29,354,82,241
100,dH=e,0.19009234516483303,63,172,7.88,55,127,14.86,25,172,61,772
100,7DXP,0.18221912162529136,56,23,6.16,54,11,18.3,8,152,125,506
100,Rea6,0.17583093138930622,47,74,12.85,50,50,3.74,18,319,147,177
200,v+7v,1.9178894300304845,100,6,2.05,100,2,3.05,32,25,46,987
200,smB^,0.438771081170752,51,52,20.28,65,29,18.76,30,359,73,684
200,qmB^,0.438771081170752,51,52,20.28,65,29,18.76,30,359,73,684
200,st7M,0.3379291347878128,67,43,17.72,55,29,5.52,30,395,46,468
200,wk8m,0.3341161013164155,69,71,10.77,75,36,10.96,32,349,48,873
200,GkB;,0.3209418859093462,55,81,17.16,50,53,3.5,14,349,73,241
200,vi1],0.3114449676593229,47,55,23.45,54,22,7.49,32,339,32,671
200,tl_5,0.3084500553490688,60,94,24.03,61,55,9.94,31,354,142,165
200,GqmJ,0.2804619542261131,49,63,17.22,57,42,26.97,14,380,176,430
200,rd/a,0.2733309196134496,53,63,19.35,52,23,6.26,30,314,27,722
200,Rk^O,0.26653028845316834,76,72,17.23,66,51,7.79,18,349,140,494
200,@FXc,0.26644232660662365,70,17,5.79,87,8,10.99,11,162,125,747
200,ha0j,0.25657681414438055,52,88,13.27,54,51,5.51,26,299,29,835
200,Q@M^,0.24772078509224024,58,17,7.23,62,8,9.6,18,132,99,684
200,E1=o,0.24621474605565238,66,39,6.54,68,16,4.54,13,56,61,899
200,dUWl,0.2441381218062578,65,114,12.31,55,85,-16.91,25,238,123,861
200,1@]^,0.2375787393257166,62,16,5.2,75,8,12.46,5,132,137,684
200,hoft,0.23192650497650552,77,62,9.41,75,37,7.31,26,369,159,962
200,U;Cg,0.21354927931891676,49,55,8.38,50,24,13.91,19,106,75,797
200,v?L:,0.21065290242268012,71,7,5.15,100,2,3.46,32,126,97,228
200,Z?N>,0.2059252176093693,81,11,4.32,83,6,7.1,21,126,101,278
200,k/9P,0.20025635189780924,46,13,4.17,60,5,15.14,27,45,51,506
200,nlF;,0.1947335041751584,66,57,15.92,71,35,17.17,29,354,82,241
200,7DXP,0.18221912162529136,56,23,6.16,54,11,18.3,8,152,125,506
200,Rea6,0.17583093138930622,47,74,12.85,50,50,3.74,18,319,147,177
200,wa8(,0.1753554697005997,49,73,33.95,43,41,-4.27,32,299,48,0
200,d0>_,0.17236904626903934,62,8,2.55,100,3,6.94,25,51,63,696
200,wq8^,0.17126252728695493,60,43,25.73,48,29,5.72,32,380,48,684
200,2vGu,0.1629396773132757,54,114,4.19,50,64,-3.72,6,405,85,975
200,wc8^,0.15738361445775437,50,61,12.5,48,31,-12.7,32,309,48,684
300,v+7v,1.9178894300304845,100,6,2.05,100,2,3.05,32,25,46,987
300,sm7W,0.5439076204493064,54,53,30.62,53,26,13.92,30,359,46,595
300,smB^,0.438771081170752,51,52,20.28,65,29,18.76,30,359,73,684
300,qmB^,0.438771081170752,51,52,20.28,65,29,18.76,30,359,73,684
300,wBN^,0.4105702689513569,60,10,4.89,100,3,6.87,32,142,101,684
300,wv8^,0.3781395114932586,57,42,27.31,54,24,-2.76,32,405,48,684
300,w28^,0.3437433212977641,55,40,12.59,56,16,12.54,32,61,48,684
300,st7M,0.3379291347878128,67,43,17.72,55,29,5.52,30,395,46,468
300,sm?c,0.33589514296888745,62,50,16.19,62,27,13.08,30,359,65,747
300,wk8m,0.3341161013164155,69,71,10.77,75,36,10.96,32,349,48,873
300,GkB;,0.3209418859093462,55,81,17.16,50,53,3.5,14,349,73,241
300,wBL^,0.31776819979738674,66,12,8.33,75,4,6.33,32,142,97,684
300,vi1],0.3114449676593229,47,55,23.45,54,22,7.49,32,339,32,671
300,tl_5,0.3084500553490688,60,94,24.03,61,55,9.94,31,354,142,165
300,rd/a,0.2733309196134496,53,63,19.35,52,23,6.26,30,314,27,722
300,@FXc,0.26644232660662365,70,17,5.79,87,8,10.99,11,162,125,747
300,ha0j,0.25657681414438055,52,88,13.27,54,51,5.51,26,299,29,835
300,E1=o,0.24621474605565238,66,39,6.54,68,16,4.54,13,56,61,899
300,dUWl,0.2441381218062578,65,114,12.31,55,85,-16.91,25,238,123,861
300,1@]^,0.2375787393257166,62,16,5.2,75,8,12.46,5,132,137,684
300,hoft,0.23192650497650552,77,62,9.41,75,37,7.31,26,369,159,962
300,Mm7c,0.22846128244254152,52,82,10.16,51,41,5.38,16,359,46,747
300,v?L:,0.21065290242268012,71,7,5.15,100,2,3.46,32,126,97,228
300,k/9P,0.20025635189780924,46,13,4.17,60,5,15.14,27,45,51,506
300,wfN^,0.19897742188838216,51,56,16.74,60,38,11.21,32,324,101,684
300,7DXP,0.18221912162529136,56,23,6.16,54,11,18.3,8,152,125,506
300,Rea6,0.17583093138930622,47,74,12.85,50,50,3.74,18,319,147,177
300,wa8(,0.1753554697005997,49,73,33.95,43,41,-4.27,32,299,48,0
300,d0>_,0.17236904626903934,62,8,2.55,100,3,6.94,25,51,63,696
300,wq8^,0.17126252728695493,60,43,25.73,48,29,5.72,32,380,48,684
100,C)0[,1.284717390367518,52,63,9.41,54,31,6.54,19,14,49,646
100,HRBB,0.6948232571648328,52,17,10.81,77,9,10.21,22,169,138,329
100,Kf/+,0.5026140320475933,42,73,19.71,46,47,5.93,24,245,45,38
100,rL<-,0.4433242430740624,52,17,12.85,66,9,7.99,49,147,109,63
100,9A@I,0.43675735906503554,58,12,5.42,83,6,7.31,13,105,128,418
100,",jO2",0.4077917041557101,50,16,6.38,60,10,11.32,5,261,203,127
100,sm:p,0.3965990696750546,81,22,12.29,47,19,-4.65,49,272,99,911
100,lJ:H,0.37055406095651044,53,28,8.88,58,17,6.61,45,139,99,405
100,Z6:k,0.35648256968052616,70,10,2.38,100,4,5.72,34,63,99,848
100,PuN1,0.3407857187271402,56,16,8.01,75,8,12.83,27,302,198,114
100,j_04,0.33536733823288867,50,46,17.16,48,31,-7.74,44,219,49,152
100,kb;j,0.3300901185156095,52,44,8.73,39,38,-9.32,44,230,104,835
100,a`EI,0.3190060920692769,50,14,5.77,77,9,9.08,38,223,153,418
100,Yn18,0.3137012101715662,52,44,14.84,38,21,-12.73,33,276,54,203
100,/SJe,0.3132880651031497,87,8,3.51,83,6,4.4,6,173,178,772
100,uW8>,0.3061807336781614,52,59,12.11,47,48,-1.98,51,188,89,278
100,Cl>Y,0.30484273108267596,51,76,10.89,39,53,-12.46,19,268,119,620
100,NA?O,0.30223934985912976,83,6,3.18,100,3,3.99,26,105,124,494
100,"W,0T",0.29469749814302076,48,39,5.22,47,19,8.09,32,25,49,557
100,"W,0T",0.29469749814302076,48,39,5.22,47,19,8.09,32,25,49,557
100,NjMG,0.2808497608125212,60,10,4.91,83,6,9.86,26,261,193,392
100,*ZIB,0.2520745124987339,57,19,3.85,72,11,12.63,3,200,173,329
100,",cM,",0.23333517931942546,50,16,4.69,66,9,10.16,5,234,193,51
100,X`1F,0.2085654131523252,50,54,16.05,42,42,-0.21,32,223,54,380
100,^p+.,0.20643959878941767,38,39,10.26,43,23,-1.59,36,283,25,76
100,q)/P,0.2051930373455215,40,25,3.25,80,10,11.32,48,14,45,506
100,I/5[,0.19179287641816398,52,25,3.4,77,9,6.64,23,37,74,646
100,CNC\,0.19010865184935968,64,14,3.65,100,6,6.43,19,154,143,658
100,+oP+,0.18932528630676887,42,19,3.54,54,11,11.63,4,280,207,38
100,f\)O,0.17938508675896514,54,61,8.58,40,44,-4.19,41,207,15,494
200,C)0[,1.284717390367518,52,63,9.41,54,31,6.54,19,14,49,646
200,HRBB,0.6948232571648328,52,17,10.81,77,9,10.21,22,169,138,329
200,Kf/+,0.5026140320475933,42,73,19.71,46,47,5.93,24,245,45,38
200,rL<-,0.4433242430740624,52,17,12.85,66,9,7.99,49,147,109,63
200,9A@I,0.43675735906503554,58,12,5.42,83,6,7.31,13,105,128,418
200,",jO2",0.4077917041557101,50,16,6.38,60,10,11.32,5,261,203,127
200,sm:p,0.3965990696750546,81,22,12.29,47,19,-4.65,49,272,99,911
200,lJ:H,0.37055406095651044,53,28,8.88,58,17,6.61,45,139,99,405
200,Z6:k,0.35648256968052616,70,10,2.38,100,4,5.72,34,63,99,848
200,;q2I,0.3379092912420377,55,80,26.33,48,56,-5.02,14,287,59,418
200,a`EI,0.3190060920692769,50,14,5.77,77,9,9.08,38,223,153,418
200,Yn18,0.3137012101715662,52,44,14.84,38,21,-12.73,33,276,54,203
200,uW8>,0.3061807336781614,52,59,12.11,47,48,-1.98,51,188,89,278
200,Cl>Y,0.30484273108267596,51,76,10.89,39,53,-12.46,19,268,119,620
200,NA?O,0.30223934985912976,83,6,3.18,100,3,3.99,26,105,124,494
200,"W,0T",0.29469749814302076,48,39,5.22,47,19,8.09,32,25,49,557
200,"W,0T",0.29469749814302076,48,39,5.22,47,19,8.09,32,25,49,557
200,NjMG,0.2808497608125212,60,10,4.91,83,6,9.86,26,261,193,392
200,*ZIB,0.2520745124987339,57,19,3.85,72,11,12.63,3,200,173,329
200,X`1F,0.2085654131523252,50,54,16.05,42,42,-0.21,32,223,54,380
200,^p+.,0.20643959878941767,38,39,10.26,43,23,-1.59,36,283,25,76
200,q)/P,0.2051930373455215,40,25,3.25,80,10,11.32,48,14,45,506
200,I/5[,0.19179287641816398,52,25,3.4,77,9,6.64,23,37,74,646
200,CNC\,0.19010865184935968,64,14,3.65,100,6,6.43,19,154,143,658
200,+oP+,0.18932528630676887,42,19,3.54,54,11,11.63,4,280,207,38
200,;/2I,0.18214383508862064,48,85,8.75,33,51,-2.64,14,37,59,418
200,f\)O,0.17938508675896514,54,61,8.58,40,44,-4.19,41,207,15,494
200,KME0,0.17008301481807125,66,6,2.17,100,2,5.97,24,151,153,101
200,>8:Z,0.16373044160068223,50,20,2.58,63,11,6.23,16,71,99,633
200,\oCP,0.1635516435460799,45,44,6.69,31,32,-12.56,35,280,143,506
300,C)0[,1.284717390367518,52,63,9.41,54,31,6.54,19,14,49,646
300,HRBB,0.6948232571648328,52,17,10.81,77,9,10.21,22,169,138,329
300,rL<-,0.4433242430740624,52,17,12.85,66,9,7.99,49,147,109,63
300,9A@I,0.43675735906503554,58,12,5.42,83,6,7.31,13,105,128,418
300,",jO2",0.4077917041557101,50,16,6.38,60,10,11.32,5,261,203,127
300,sm:p,0.3965990696750546,81,22,12.29,47,19,-4.65,49,272,99,911
300,lJ:H,0.37055406095651044,53,28,8.88,58,17,6.61,45,139,99,405
300,Z6:k,0.35648256968052616,70,10,2.38,100,4,5.72,34,63,99,848
300,;q2I,0.3379092912420377,55,80,26.33,48,56,-5.02,14,287,59,418
300,p(.b,0.3216784687722509,55,29,3.64,66,12,5.46,48,10,40,734
300,a`EI,0.3190060920692769,50,14,5.77,77,9,9.08,38,223,153,418
300,Yn18,0.3137012101715662,52,44,14.84,38,21,-12.73,33,276,54,203
300,uW8>,0.3061807336781614,52,59,12.11,47,48,-1.98,51,188,89,278
300,Cl>Y,0.30484273108267596,51,76,10.89,39,53,-12.46,19,268,119,620
300,NA?O,0.30223934985912976,83,6,3.18,100,3,3.99,26,105,124,494
300,"W,0T",0.29469749814302076,48,39,5.22,47,19,8.09,32,25,49,557
300,"W,0T",0.29469749814302076,48,39,5.22,47,19,8.09,32,25,49,557
300,*ZIB,0.2520745124987339,57,19,3.85,72,11,12.63,3,200,173,329
300,k-.N,0.22716723354132,49,51,4.61,45,31,2.54,44,29,40,481
300,^p+.,0.20643959878941767,38,39,10.26,43,23,-1.59,36,283,25,76
300,q)/P,0.2051930373455215,40,25,3.25,80,10,11.32,48,14,45,506
300,I/5[,0.19179287641816398,52,25,3.4,77,9,6.64,23,37,74,646
300,+oP+,0.18932528630676887,42,19,3.54,54,11,11.63,4,280,207,38
300,f\)O,0.17938508675896514,54,61,8.58,40,44,-4.19,41,207,15,494
300,KME0,0.17008301481807125,66,6,2.17,100,2,5.97,24,151,153,101
300,>8:Z,0.16373044160068223,50,20,2.58,63,11,6.23,16,71,99,633
300,\oCP,0.1635516435460799,45,44,6.69,31,32,-12.56,35,280,143,506
300,kp.B,0.1499469134345329,69,26,28.23,41,12,-3.37,44,283,40,329
300,X+1Y,0.14949135666231775,53,28,2.73,77,9,7.25,32,21,54,620
300,pn.l,0.14057348089315239,83,24,6.11,47,17,-3.17,48,276,40,861
400,C)0[,1.284717390367518,52,63,9.41,54,31,6.54,19,14,49,646
400,rL<-,0.4433242430740624,52,17,12.85,66,9,7.99,49,147,109,63
400,",jO2",0.4077917041557101,50,16,6.38,60,10,11.32,5,261,203,127
400,sm:p,0.3965990696750546,81,22,12.29,47,19,-4.65,49,272,99,911
400,pp(t,0.37215638389231254,84,25,8.82,33,6,-1.2,48,283,10,962
400,lJ:H,0.37055406095651044,53,28,8.88,58,17,6.61,45,139,99,405
400,Z6:k,0.35648256968052616,70,10,2.38,100,4,5.72,34,63,99,848
400,p(.b,0.3216784687722509,55,29,3.64,66,12,5.46,48,10,40,734
400,Yn18,0.3137012101715662,52,44,14.84,38,21,-12.73,33,276,54,203
400,Cl>Y,0.30484273108267596,51,76,10.89,39,53,-12.46,19,268,119,620
400,NA?O,0.30223934985912976,83,6,3.18,100,3,3.99,26,105,124,494
400,"W,0T",0.29469749814302076,48,39,5.22,47,19,8.09,32,25,49,557
400,p1.<,0.2633329833384962,44,84,5.25,44,52,4.74,48,44,40,253
400,pp.1,0.24980531474791676,57,33,14.34,0,8,-21.02,48,283,40,114
400,k-.N,0.22716723354132,49,51,4.61,45,31,2.54,44,29,40,481
400,^p+.,0.20643959878941767,38,39,10.26,43,23,-1.59,36,283,25,76
400,q)/P,0.2051930373455215,40,25,3.25,80,10,11.32,48,14,45,506
400,+oP+,0.18932528630676887,42,19,3.54,54,11,11.63,4,280,207,38
400,f\)O,0.17938508675896514,54,61,8.58,40,44,-4.19,41,207,15,494
400,>8:Z,0.16373044160068223,50,20,2.58,63,11,6.23,16,71,99,633
400,\oCP,0.1635516435460799,45,44,6.69,31,32,-12.56,35,280,143,506
400,ppJt,0.15540994144117884,69,13,3.26,88,9,6.49,48,283,178,962
400,p1.H,0.15524298042216347,45,84,3.33,42,52,4.59,48,44,40,405
400,X+1Y,0.14949135666231775,53,28,2.73,77,9,7.25,32,21,54,620
400,pf:Q,0.14895882101751767,52,34,22.21,40,30,-1.46,48,245,99,519
400,pn.l,0.14057348089315239,83,24,6.11,47,17,-3.17,48,276,40,861
400,p1.3,0.1401871057979236,41,84,2.95,42,52,6.78,48,44,40,139
400,dU5^,0.1400180648722268,49,63,6.51,47,51,-8.55,40,181,74,684
400,pf>Q,0.13291366680035213,51,39,17.13,38,31,-18.09,48,245,119,519
400,pf.P,0.13160144831478113,45,37,6.98,38,26,-9.91,48,245,40,506
500,C)0[,1.284717390367518,52,63,9.41,54,31,6.54,19,14,49,646
500,gm.c,0.506845203330483,58,34,15.1,43,16,-9.65,42,272,40,747
500,pC:l,0.49805178976319003,75,12,6.01,85,7,5.15,48,113,99,861
500,rL<-,0.4433242430740624,52,17,12.85,66,9,7.99,49,147,109,63
500,",jO2",0.4077917041557101,50,16,6.38,60,10,11.32,5,261,203,127
500,sm:p,0.3965990696750546,81,22,12.29,47,19,-4.65,49,272,99,911
500,pp(t,0.37215638389231254,84,25,8.82,33,6,-1.2,48,283,10,962
500,lJ:H,0.37055406095651044,53,28,8.88,58,17,6.61,45,139,99,405
500,Z6:k,0.35648256968052616,70,10,2.38,100,4,5.72,34,63,99,848
500,p10F,0.33295416585519594,43,37,6.78,52,19,9.94,48,44,49,380
500,p(.b,0.3216784687722509,55,29,3.64,66,12,5.46,48,10,40,734
500,Yn18,0.3137012101715662,52,44,14.84,38,21,-12.73,33,276,54,203
500,Cl>Y,0.30484273108267596,51,76,10.89,39,53,-12.46,19,268,119,620
500,NA?O,0.30223934985912976,83,6,3.18,100,3,3.99,26,105,124,494
500,VM?s,0.296266714378473,77,18,5.83,100,6,5.21,31,151,124,949
500,p1.<,0.2633329833384962,44,84,5.25,44,52,4.74,48,44,40,253
500,pp.1,0.24980531474791676,57,33,14.34,0,8,-21.02,48,283,40,114
500,k-.N,0.22716723354132,49,51,4.61,45,31,2.54,44,29,40,481
500,p1.N,0.21838549552385844,47,84,4.35,44,52,3.17,48,44,40,481
500,q)/P,0.2051930373455215,40,25,3.25,80,10,11.32,48,14,45,506
500,+oP+,0.18932528630676887,42,19,3.54,54,11,11.63,4,280,207,38
500,f\)O,0.17938508675896514,54,61,8.58,40,44,-4.19,41,207,15,494
500,\oCP,0.1635516435460799,45,44,6.69,31,32,-12.56,35,280,143,506
500,ppJt,0.15540994144117884,69,13,3.26,88,9,6.49,48,283,178,962
500,p1.H,0.15524298042216347,45,84,3.33,42,52,4.59,48,44,40,405
500,X+1Y,0.14949135666231775,53,28,2.73,77,9,7.25,32,21,54,620
500,pf:Q,0.14895882101751767,52,34,22.21,40,30,-1.46,48,245,99,519
500,pn.l,0.14057348089315239,83,24,6.11,47,17,-3.17,48,276,40,861
500,p1.3,0.1401871057979236,41,84,2.95,42,52,6.78,48,44,40,139
500,pf>Q,0.13291366680035213,51,39,17.13,38,31,-18.09,48,245,119,519
600,C)0[,1.284717390367518,52,63,9.41,54,31,6.54,19,14,49,646
600,gm.c,0.506845203330483,58,34,15.1,43,16,-9.65,42,272,40,747
600,pC:l,0.49805178976319003,75,12,6.01,85,7,5.15,48,113,99,861
600,p).F,0.43606033874513295,62,27,6.74,72,11,8.21,48,14,40,380
600,",jO2",0.4077917041557101,50,16,6.38,60,10,11.32,5,261,203,127
600,pS.F,0.4006812389598647,43,69,11.07,40,50,1.16,48,173,40,380
600,ew)F,0.38210427829626176,70,20,18.53,35,14,-11.9,41,310,15,380
600,pp(t,0.37215638389231254,84,25,8.82,33,6,-1.2,48,283,10,962
600,p*.4,0.3647286967805022,48,31,6.22,50,16,7.57,48,18,40,152
600,p10F,0.33295416585519594,43,37,6.78,52,19,9.94,48,44,49,380
600,p(.b,0.3216784687722509,55,29,3.64,66,12,5.46,48,10,40,734
600,Yn18,0.3137012101715662,52,44,14.84,38,21,-12.73,33,276,54,203
600,Cl>Y,0.30484273108267596,51,76,10.89,39,53,-12.46,19,268,119,620
600,NA?O,0.30223934985912976,83,6,3.18,100,3,3.99,26,105,124,494
600,qw)F,0.2883870692039656,64,17,13.66,62,8,-17.3,48,310,15,380
600,pp.1,0.24980531474791676,57,33,14.34,0,8,-21.02,48,283,40,114
600,p1.N,0.21838549552385844,47,84,4.35,44,52,3.17,48,44,40,481
600,Vw:F,0.21328598487901612,57,35,12.32,44,18,-9.79,31,310,99,380
600,q)/P,0.2051930373455215,40,25,3.25,80,10,11.32,48,14,45,506
600,pZ.l,0.19429326068588657,54,62,6.38,50,36,-2.54,48,200,40,861
600,+oP+,0.18932528630676887,42,19,3.54,54,11,11.63,4,280,207,38
600,f\)O,0.17938508675896514,54,61,8.58,40,44,-4.19,41,207,15,494
600,\oCP,0.1635516435460799,45,44,6.69,31,32,-12.56,35,280,143,506
600,p].F,0.1564059976181525,45,55,6.49,46,30,-2.43,48,211,40,380
600,X+1Y,0.14949135666231775,53,28,2.73,77,9,7.25,32,21,54,620
600,pf:Q,0.14895882101751767,52,34,22.21,40,30,-1.46,48,245,99,519
600,p1.3,0.1401871057979236,41,84,2.95,42,52,6.78,48,44,40,139
600,pf.P,0.13160144831478113,45,37,6.98,38,26,-9.91,48,245,40,506
600,pw.3,0.1271666088645744,52,17,7.73,22,9,-22.07,48,310,40,139
600,pw.2,0.1261981784540722,47,17,7.77,22,9,-23.06,48,310,40,127
700,C)0[,1.284717390367518,52,63,9.41,54,31,6.54,19,14,49,646
700,gm.c,0.506845203330483,58,34,15.1,43,16,-9.65,42,272,40,747
700,",jO2",0.4077917041557101,50,16,6.38,60,10,11.32,5,261,203,127
700,ew)F,0.38210427829626176,70,20,18.53,35,14,-11.9,41,310,15,380
700,pp(t,0.37215638389231254,84,25,8.82,33,6,-1.2,48,283,10,962
700,p*.4,0.3647286967805022,48,31,6.22,50,16,7.57,48,18,40,152
700,p10F,0.33295416585519594,43,37,6.78,52,19,9.94,48,44,49,380
700,Yn18,0.3137012101715662,52,44,14.84,38,21,-12.73,33,276,54,203
700,Cl>Y,0.30484273108267596,51,76,10.89,39,53,-12.46,19,268,119,620
700,NA?O,0.30223934985912976,83,6,3.18,100,3,3.99,26,105,124,494
700,qw)F,0.2883870692039656,64,17,13.66,62,8,-17.3,48,310,15,380
700,p1.N,0.21838549552385844,47,84,4.35,44,52,3.17,48,44,40,481
700,p_.c,0.21618506255071843,44,49,7.97,40,35,-12.27,48,219,40,747
700,q)/P,0.2051930373455215,40,25,3.25,80,10,11.32,48,14,45,506
700,pZ.l,0.19429326068588657,54,62,6.38,50,36,-2.54,48,200,40,861
700,+oP+,0.18932528630676887,42,19,3.54,54,11,11.63,4,280,207,38
700,f\)O,0.17938508675896514,54,61,8.58,40,44,-4.19,41,207,15,494
700,\oCP,0.1635516435460799,45,44,6.69,31,32,-12.56,35,280,143,506
700,p].F,0.1564059976181525,45,55,6.49,46,30,-2.43,48,211,40,380
700,pf:Q,0.14895882101751767,52,34,22.21,40,30,-1.46,48,245,99,519
700,p1.3,0.1401871057979236,41,84,2.95,42,52,6.78,48,44,40,139
700,pw.2,0.1261981784540722,47,17,7.77,22,9,-23.06,48,310,40,127
700,p].4,0.11774845963424349,47,55,9.42,50,30,-1.39,48,211,40,152
700,pG.Q,0.11412528471893794,41,89,3.98,41,68,-4.28,48,128,40,519
700,pG.(,0.11384812217688665,39,89,4.82,35,68,-4.56,48,128,40,0
700,pY.v,0.11232388323834483,71,52,3.38,76,46,3.58,48,196,40,987
700,XY.A,0.11231642175059997,44,79,10.93,37,64,-6.23,32,196,40,316
700,pl.4,0.11124534898850855,57,21,17.49,23,17,-23.65,48,268,40,152
700,p?.b,0.10494146853952226,49,135,2.5,39,97,-13.54,48,97,40,734
700,XY/X,0.10479694482597296,52,87,11.32,46,64,-2.15,32,196,45,608
800,C)0[,1.284717390367518,52,63,9.41,54,31,6.54,19,14,49,646
800,gm.c,0.506845203330483,58,34,15.1,43,16,-9.65,42,272,40,747
800,",jO2",0.4077917041557101,50,16,6.38,60,10,11.32,5,261,203,127
800,ew)F,0.38210427829626176,70,20,18.53,35,14,-11.9,41,310,15,380
800,pp(t,0.37215638389231254,84,25,8.82,33,6,-1.2,48,283,10,962
800,p*.4,0.3647286967805022,48,31,6.22,50,16,7.57,48,18,40,152
800,p10F,0.33295416585519594,43,37,6.78,52,19,9.94,48,44,49,380
800,fY.c,0.29828726347583295,62,58,12.0,46,39,-3.47,41,196,40,747
800,hY.l,0.294520125039054,58,60,8.09,55,36,-2.31,43,196,40,861
800,hY.F,0.2655167676291864,44,56,10.32,41,36,-2.54,43,196,40,380
800,hY.F,0.2655167676291864,44,56,10.32,41,36,-2.54,43,196,40,380
800,q)/P,0.2051930373455215,40,25,3.25,80,10,11.32,48,14,45,506
800,pZ.l,0.19429326068588657,54,62,6.38,50,36,-2.54,48,200,40,861
800,+oP+,0.18932528630676887,42,19,3.54,54,11,11.63,4,280,207,38
800,f\)O,0.17938508675896514,54,61,8.58,40,44,-4.19,41,207,15,494
800,XYEc,0.17142264823419567,61,13,3.4,100,5,5.93,32,196,153,747
800,\oCP,0.1635516435460799,45,44,6.69,31,32,-12.56,35,280,143,506
800,pw.),0.15570250529138238,41,17,10.17,22,9,-28.2,48,310,40,13
800,XX9c,0.15504837493661872,51,88,7.18,61,67,11.99,32,192,94,747
800,pf:Q,0.14895882101751767,52,34,22.21,40,30,-1.46,48,245,99,519
800,p1.3,0.1401871057979236,41,84,2.95,42,52,6.78,48,44,40,139
800,Uw.p,0.13877878831203805,60,30,5.47,45,24,2.22,30,310,40,911
800,Uw.p,0.13877878831203805,60,30,5.47,45,24,2.22,30,310,40,911
800,vY9c,0.1377340560944792,47,53,5.45,51,45,-6.86,51,196,94,747
800,pwLp,0.13351633072421243,60,15,2.77,76,13,7.68,48,310,188,911
800,pw.2,0.1261981784540722,47,17,7.77,22,9,-23.06,48,310,40,127
800,pG.Q,0.11412528471893794,41,89,3.98,41,68,-4.28,48,128,40,519
800,XY.A,0.11231642175059997,44,79,10.93,37,64,-6.23,32,196,40,316
800,pl.4,0.11124534898850855,57,21,17.49,23,17,-23.65,48,268,40,152
800,e..s,0.11108039457512744,59,69,4.68,50,44,2.35,41,33,40,949
900,C)0[,1.284717390367518,52,63,9.41,54,31,6.54,19,14,49,646
900,gm.c,0.506845203330483,58,34,15.1,43,16,-9.65,42,272,40,747
900,ew)F,0.38210427829626176,70,20,18.53,35,14,-11.9,41,310,15,380
900,pp(t,0.37215638389231254,84,25,8.82,33,6,-1.2,48,283,10,962
900,p*.4,0.3647286967805022,48,31,6.22,50,16,7.57,48,18,40,152
900,p10F,0.33295416585519594,43,37,6.78,52,19,9.94,48,44,49,380
900,XY.?,0.28476260961460326,43,79,10.59,37,64,-5.9,32,196,40,291
900,hY.F,0.2655167676291864,44,56,10.32,41,36,-2.54,43,196,40,380
900,hY.F,0.2655167676291864,44,56,10.32,41,36,-2.54,43,196,40,380
900,XYG4,0.22380280697280855,66,9,3.67,75,4,6.35,32,196,163,152
900,q)/P,0.2051930373455215,40,25,3.25,80,10,11.32,48,14,45,506
900,pZ.l,0.19429326068588657,54,62,6.38,50,36,-2.54,48,200,40,861
900,f\)O,0.17938508675896514,54,61,8.58,40,44,-4.19,41,207,15,494
900,XYEc,0.17142264823419567,61,13,3.4,100,5,5.93,32,196,153,747
900,pw.),0.15570250529138238,41,17,10.17,22,9,-28.2,48,310,40,13
900,XX9c,0.15504837493661872,51,88,7.18,61,67,11.99,32,192,94,747
900,pf:Q,0.14895882101751767,52,34,22.21,40,30,-1.46,48,245,99,519
900,Uw.p,0.13877878831203805,60,30,5.47,45,24,2.22,30,310,40,911
900,vY9c,0.1377340560944792,47,53,5.45,51,45,-6.86,51,196,94,747
900,pwLp,0.13351633072421243,60,15,2.77,76,13,7.68,48,310,188,911
900,wG.4,0.13119339908123281,50,72,9.25,41,68,-1.73,52,128,40,152
900,pw.2,0.1261981784540722,47,17,7.77,22,9,-23.06,48,310,40,127
900,pY.4,0.12266655130584025,51,52,5.91,41,46,-7.45,48,196,40,152
900,pG.Q,0.11412528471893794,41,89,3.98,41,68,-4.28,48,128,40,519
900,hG.a,0.11289587880857728,44,99,2.75,42,85,-2.66,43,128,40,722
900,XY.A,0.11231642175059997,44,79,10.93,37,64,-6.23,32,196,40,316
900,pl.4,0.11124534898850855,57,21,17.49,23,17,-23.65,48,268,40,152
900,e..s,0.11108039457512744,59,69,4.68,50,44,2.35,41,33,40,949
900,p..w,0.10895378629673955,62,77,4.98,57,47,2.05,48,33,40,1000
900,hG(4,0.10631274875985502,41,97,3.67,36,92,-14.78,43,128,10,152
1000,C)0[,1.284717390367518,52,63,9.41,54,31,6.54,19,14,49,646
1000,gm.c,0.506845203330483,58,34,15.1,43,16,-9.65,42,272,40,747
1000,ew)F,0.38210427829626176,70,20,18.53,35,14,-11.9,41,310,15,380
1000,p*.4,0.3647286967805022,48,31,6.22,50,16,7.57,48,18,40,152
1000,p10F,0.33295416585519594,43,37,6.78,52,19,9.94,48,44,49,380
1000,XY.?,0.28476260961460326,43,79,10.59,37,64,-5.9,32,196,40,291
1000,hY.F,0.2655167676291864,44,56,10.32,41,36,-2.54,43,196,40,380
1000,hY.F,0.2655167676291864,44,56,10.32,41,36,-2.54,43,196,40,380
1000,q)/P,0.2051930373455215,40,25,3.25,80,10,11.32,48,14,45,506
1000,pZ.l,0.19429326068588657,54,62,6.38,50,36,-2.54,48,200,40,861
1000,XYEc,0.17142264823419567,61,13,3.4,100,5,5.93,32,196,153,747
1000,pw.),0.15570250529138238,41,17,10.17,22,9,-28.2,48,310,40,13
1000,XX9c,0.15504837493661872,51,88,7.18,61,67,11.99,32,192,94,747
1000,pf:Q,0.14895882101751767,52,34,22.21,40,30,-1.46,48,245,99,519
1000,Uw.p,0.13877878831203805,60,30,5.47,45,24,2.22,30,310,40,911
1000,pwLp,0.13351633072421243,60,15,2.77,76,13,7.68,48,310,188,911
1000,wG.4,0.13119339908123281,50,72,9.25,41,68,-1.73,52,128,40,152
1000,pw.2,0.1261981784540722,47,17,7.77,22,9,-23.06,48,310,40,127
1000,pY.4,0.12266655130584025,51,52,5.91,41,46,-7.45,48,196,40,152
1000,h_.4,0.11871813043996748,53,54,14.37,44,29,-6.85,43,219,40,152
1000,Xt.4,0.11840770039266393,53,39,12.48,41,17,-9.81,32,299,40,152
1000,pG.Q,0.11412528471893794,41,89,3.98,41,68,-4.28,48,128,40,519
1000,hG.a,0.11289587880857728,44,99,2.75,42,85,-2.66,43,128,40,722
1000,XY.A,0.11231642175059997,44,79,10.93,37,64,-6.23,32,196,40,316
1000,pl.4,0.11124534898850855,57,21,17.49,23,17,-23.65,48,268,40,152
1000,e..s,0.11108039457512744,59,69,4.68,50,44,2.35,41,33,40,949
1000,XuAv,0.10877373867034906,78,41,7.43,65,26,0.43,32,302,133,987
1000,hG(4,0.10631274875985502,41,97,3.67,36,92,-14.78,43,128,10,152
1000,XY/X,0.10479694482597296,52,87,11.32,46,64,-2.15,32,196,45,608
1000,Vw?6,0.10229106448556151,66,30,18.72,52,19,-10.15,31,310,124,177
1100,C)0[,1.284717390367518,52,63,9.41,54,31,6.54,19,14,49,646
1100,gm.c,0.506845203330483,58,34,15.1,43,16,-9.65,42,272,40,747
1100,ew)F,0.38210427829626176,70,20,18.53,35,14,-11.9,41,310,15,380
1100,hY.(,0.353327287732269,41,56,17.31,33,36,0.56,43,196,40,0
1100,p10F,0.33295416585519594,43,37,6.78,52,19,9.94,48,44,49,380
1100,h*.l,0.31113842879961573,60,40,5.12,47,23,2.78,43,18,40,861
1100,XY.?,0.28476260961460326,43,79,10.59,37,64,-5.9,32,196,40,291
1100,hY.F,0.2655167676291864,44,56,10.32,41,36,-2.54,43,196,40,380
1100,hY.F,0.2655167676291864,44,56,10.32,41,36,-2.54,43,196,40,380
1100,hY.t,0.21101615858916056,69,56,5.48,66,36,-0.6,43,196,40,962
1100,q)/P,0.2051930373455215,40,25,3.25,80,10,11.32,48,14,45,506
1100,hl.c,0.18489161779622937,62,35,9.52,55,18,-2.75,43,268,40,747
1100,XYEc,0.17142264823419567,61,13,3.4,100,5,5.93,32,196,153,747
1100,XX9c,0.15504837493661872,51,88,7.18,61,67,11.99,32,192,94,747
1100,h@.4,0.13364156940906416,40,135,4.89,37,105,-9.2,43,101,40,152
1100,pwLp,0.13351633072421243,60,15,2.77,76,13,7.68,48,310,188,911
1100,wG.4,0.13119339908123281,50,72,9.25,41,68,-1.73,52,128,40,152
1100,pY.4,0.12266655130584025,51,52,5.91,41,46,-7.45,48,196,40,152
1100,h_.4,0.11871813043996748,53,54,14.37,44,29,-6.85,43,219,40,152
1100,hG.F,0.1147333002868958,38,99,3.32,41,85,-2.81,43,128,40,380
1100,pG.Q,0.11412528471893794,41,89,3.98,41,68,-4.28,48,128,40,519
1100,hG.a,0.11289587880857728,44,99,2.75,42,85,-2.66,43,128,40,722
1100,XY.A,0.11231642175059997,44,79,10.93,37,64,-6.23,32,196,40,316
1100,pl.4,0.11124534898850855,57,21,17.49,23,17,-23.65,48,268,40,152
1100,e..s,0.11108039457512744,59,69,4.68,50,44,2.35,41,33,40,949
1100,hT.),0.11036947554678866,40,64,13.25,31,61,-9.38,43,177,40,13
1100,XuAv,0.10877373867034906,78,41,7.43,65,26,0.43,32,302,133,987
1100,hG(4,0.10631274875985502,41,97,3.67,36,92,-14.78,43,128,10,152
1100,hW.4,0.1051522275155937,41,56,4.76,42,54,3.76,43,188,40,152
1100,XY/X,0.10479694482597296,52,87,11.32,46,64,-2.15,32,196,45,608
1200,C)0[,1.284717390367518,52,63,9.41,54,31,6.54,19,14,49,646
1200,s*.4,0.6060937636053101,51,31,8.1,57,14,9.0,49,18,40,152
1200,g).4,0.5949142409515528,45,37,8.16,45,20,6.64,42,14,40,152
1200,gm.c,0.506845203330483,58,34,15.1,43,16,-9.65,42,272,40,747
1200,gX.],0.447811767524097,49,55,17.98,42,40,-2.35,42,192,40,671
1200,h*.w,0.42255970271219634,63,55,5.63,54,31,0.8,43,18,40,1000
1200,ew)F,0.38210427829626176,70,20,18.53,35,14,-11.9,41,310,15,380
1200,p10F,0.33295416585519594,43,37,6.78,52,19,9.94,48,44,49,380
1200,h*.f,0.3300264130944048,55,40,5.87,43,23,2.31,43,18,40,785
1200,h*.l,0.31113842879961573,60,40,5.12,47,23,2.78,43,18,40,861
1200,o*.4,0.30507613117890064,50,34,4.83,55,18,8.33,47,18,40,152
1200,h*.o,0.2771863325530614,60,40,4.14,52,23,3.64,43,18,40,899
1200,hY.F,0.2655167676291864,44,56,10.32,41,36,-2.54,43,196,40,380
1200,hY.t,0.21101615858916056,69,56,5.48,66,36,-0.6,43,196,40,962
1200,gY.*,0.18701916089340398,42,61,9.4,29,41,-6.73,42,196,40,25
1200,hl.c,0.18489161779622937,62,35,9.52,55,18,-2.75,43,268,40,747
1200,XYEc,0.17142264823419567,61,13,3.4,100,5,5.93,32,196,153,747
1200,gY.A,0.16276955657343548,42,61,7.74,31,41,-6.58,42,196,40,316
1200,XX9c,0.15504837493661872,51,88,7.18,61,67,11.99,32,192,94,747
1200,oY.4,0.14439314109018545,52,61,6.05,50,46,4.41,47,196,40,152
1200,h@.4,0.13364156940906416,40,135,4.89,37,105,-9.2,43,101,40,152
1200,pwLp,0.13351633072421243,60,15,2.77,76,13,7.68,48,310,188,911
1200,qY.4,0.12266655130584025,51,52,5.91,41,46,-7.45,48,196,40,152
1200,h_.4,0.11871813043996748,53,54,14.37,44,29,-6.85,43,219,40,152
1200,hY.*,0.11591611842888346,41,56,14.24,36,36,-3.62,43,196,40,25
1200,hG.F,0.1147333002868958,38,99,3.32,41,85,-2.81,43,128,40,380
1200,pG.Q,0.11412528471893794,41,89,3.98,41,68,-4.28,48,128,40,519
1200,hG.a,0.11289587880857728,44,99,2.75,42,85,-2.66,43,128,40,722
1200,Xw.s,0.11241013177020581,68,32,11.87,41,17,-5.91,32,310,40,949
1200,XY.A,0.11231642175059997,44,79,10.93,37,64,-6.23,32,196,40,316
1300,C)0[,1.284717390367518,52,63,9.41,54,31,6.54,19,14,49,646
1300,g).4,0.5949142409515528,45,37,8.16,45,20,6.64,42,14,40,152
1300,gT?4,0.5871632848617059,56,16,12.61,75,12,13.55,42,177,124,152
1300,gm.c,0.506845203330483,58,34,15.1,43,16,-9.65,42,272,40,747
1300,h*.w,0.42255970271219634,63,55,5.63,54,31,0.8,43,18,40,1000
1300,ew)F,0.38210427829626176,70,20,18.53,35,14,-11.9,41,310,15,380
1300,h*.f,0.3300264130944048,55,40,5.87,43,23,2.31,43,18,40,785
1300,h*.l,0.31113842879961573,60,40,5.12,47,23,2.78,43,18,40,861
1300,o*.4,0.30507613117890064,50,34,4.83,55,18,8.33,47,18,40,152
1300,h*.o,0.2771863325530614,60,40,4.14,52,23,3.64,43,18,40,899
1300,hY.F,0.2655167676291864,44,56,10.32,41,36,-2.54,43,196,40,380
1300,V^?4,0.2573272000371683,42,61,6.9,38,42,-7.09,31,215,124,152
1300,X].4,0.24949529530879058,44,67,12.73,43,51,-9.57,32,211,40,152
1300,hY.t,0.21101615858916056,69,56,5.48,66,36,-0.6,43,196,40,962
1300,gY.*,0.18701916089340398,42,61,9.4,29,41,-6.73,42,196,40,25
1300,hl.c,0.18489161779622937,62,35,9.52,55,18,-2.75,43,268,40,747
1300,XYEc,0.17142264823419567,61,13,3.4,100,5,5.93,32,196,153,747
1300,gV.4,0.16148709332371577,37,66,6.52,41,58,-3.89,42,185,40,152
1300,XX9c,0.15504837493661872,51,88,7.18,61,67,11.99,32,192,94,747
1300,oY.4,0.14439314109018545,52,61,6.05,50,46,4.41,47,196,40,152
1300,pwLp,0.13351633072421243,60,15,2.77,76,13,7.68,48,310,188,911
1300,qY.4,0.12266655130584025,51,52,5.91,41,46,-7.45,48,196,40,152
1300,h_.4,0.11871813043996748,53,54,14.37,44,29,-6.85,43,219,40,152
1300,hY.*,0.11591611842888346,41,56,14.24,36,36,-3.62,43,196,40,25
1300,XY+4,0.1150550571749678,49,87,13.48,44,68,-3.16,32,196,25,152
1300,hG.a,0.11289587880857728,44,99,2.75,42,85,-2.66,43,128,40,722
1300,Xw.s,0.11241013177020581,68,32,11.87,41,17,-5.91,32,310,40,949
1300,XY.A,0.11231642175059997,44,79,10.93,37,64,-6.23,32,196,40,316
1300,XY.A,0.11231642175059997,44,79,10.93,37,64,-6.23,32,196,40,316
1300,pl.4,0.11124534898850855,57,21,17.49,23,17,-23.65,48,268,40,152
1400,C)0[,1.284717390367518,52,63,9.41,54,31,6.54,19,14,49,646
1400,g).4,0.5949142409515528,45,37,8.16,45,20,6.64,42,14,40,152
1400,g).4,0.5949142409515528,45,37,8.16,45,20,6.64,42,14,40,152
1400,gT?4,0.5871632848617059,56,16,12.61,75,12,13.55,42,177,124,152
1400,h*.w,0.42255970271219634,63,55,5.63,54,31,0.8,43,18,40,1000
1400,ew)F,0.38210427829626176,70,20,18.53,35,14,-11.9,41,310,15,380
1400,h*.f,0.3300264130944048,55,40,5.87,43,23,2.31,43,18,40,785
1400,h*.l,0.31113842879961573,60,40,5.12,47,23,2.78,43,18,40,861
1400,hY.F,0.2655167676291864,44,56,10.32,41,36,-2.54,43,196,40,380
1400,V^?4,0.2573272000371683,42,61,6.9,38,42,-7.09,31,215,124,152
1400,X].4,0.24949529530879058,44,67,12.73,43,51,-9.57,32,211,40,152
1400,XY(3,0.22936428879698995,46,77,10.68,39,68,-14.6,32,196,10,139
1400,gY:4,0.21236751445307933,49,63,9.56,35,54,-13.19,42,196,99,152
1400,gY.*,0.18701916089340398,42,61,9.4,29,41,-6.73,42,196,40,25
1400,hl.c,0.18489161779622937,62,35,9.52,55,18,-2.75,43,268,40,747
1400,Xt.4,0.1770874022742321,53,39,12.48,41,17,-9.81,32,299,40,152
1400,XYEc,0.17142264823419567,61,13,3.4,100,5,5.93,32,196,153,747
1400,gV.4,0.16148709332371577,37,66,6.52,41,58,-3.89,42,185,40,152
1400,XX9c,0.15504837493661872,51,88,7.18,61,67,11.99,32,192,94,747
1400,oY.4,0.14439314109018545,52,61,6.05,50,46,4.41,47,196,40,152
1400,pwLp,0.13351633072421243,60,15,2.77,76,13,7.68,48,310,188,911
1400,Rs.F,0.12701148949557084,55,38,15.08,44,29,-4.53,29,295,40,380
1400,qY.4,0.12266655130584025,51,52,5.91,41,46,-7.45,48,196,40,152
1400,h_.4,0.11871813043996748,53,54,14.37,44,29,-6.85,43,219,40,152
1400,XY+4,0.1150550571749678,49,87,13.48,44,68,-3.16,32,196,25,152
1400,hG.a,0.11289587880857728,44,99,2.75,42,85,-2.66,43,128,40,722
1400,Xw.s,0.11241013177020581,68,32,11.87,41,17,-5.91,32,310,40,949
1400,XY.A,0.11231642175059997,44,79,10.93,37,64,-6.23,32,196,40,316
1400,e..s,0.11108039457512744,59,69,4.68,50,44,2.35,41,33,40,949
1400,hT.),0.11036947554678866,40,64,13.25,31,61,-9.38,43,177,40,13
1500,C)0[,1.284717390367518,52,63,9.41,54,31,6.54,19,14,49,646
1500,g).4,0.5949142409515528,45,37,8.16,45,20,6.64,42,14,40,152
1500,gT?4,0.5871632848617059,56,16,12.61,75,12,13.55,42,177,124,152
1500,gYC4,0.5809673767293576,60,10,10.16,87,8,13.06,42,196,143,152
1500,g+.4,0.4637184970552814,45,44,7.78,40,25,6.07,42,21,40,152
1500,h*.w,0.42255970271219634,63,55,5.63,54,31,0.8,43,18,40,1000
1500,XW(4,0.42164602203875706,40,95,14.05,41,75,4.3,32,188,10,152
1500,ew)F,0.38210427829626176,70,20,18.53,35,14,-11.9,41,310,15,380
1500,h*.f,0.3300264130944048,55,40,5.87,43,23,2.31,43,18,40,785
1500,h*.l,0.31113842879961573,60,40,5.12,47,23,2.78,43,18,40,861
1500,hY.F,0.2655167676291864,44,56,10.32,41,36,-2.54,43,196,40,380
1500,V^?4,0.2573272000371683,42,61,6.9,38,42,-7.09,31,215,124,152
1500,X].4,0.24949529530879058,44,67,12.73,43,51,-9.57,32,211,40,152
1500,XW44,0.23812881287200555,37,85,8.39,38,65,-8.44,32,188,69,152
1500,XY(3,0.22936428879698995,46,77,10.68,39,68,-14.6,32,196,10,139
1500,gq.4,0.2165526010685993,57,26,14.46,33,15,-11.2,42,287,40,152
1500,gY.*,0.18701916089340398,42,61,9.4,29,41,-6.73,42,196,40,25
1500,hl.c,0.18489161779622937,62,35,9.52,55,18,-2.75,43,268,40,747
1500,XYEc,0.17142264823419567,61,13,3.4,100,5,5.93,32,196,153,747
1500,Xe*4,0.16248436519173984,53,60,7.58,40,35,-8.92,32,242,20,152
1500,gV.4,0.16148709332371577,37,66,6.52,41,58,-3.89,42,185,40,152
1500,XX9c,0.15504837493661872,51,88,7.18,61,67,11.99,32,192,94,747
1500,XW.s,0.15232745991264804,64,89,3.83,57,69,6.54,32,188,40,949
1500,pwLp,0.13351633072421243,60,15,2.77,76,13,7.68,48,310,188,911
1500,Rs.F,0.12701148949557084,55,38,15.08,44,29,-4.53,29,295,40,380
1500,qY.4,0.12266655130584025,51,52,5.91,41,46,-7.45,48,196,40,152
1500,XY+4,0.1150550571749678,49,87,13.48,44,68,-3.16,32,196,25,152
1500,"Xe.,",0.114253672620486,43,62,6.24,47,38,-5.02,32,242,40,51
1500,Xw.s,0.11241013177020581,68,32,11.87,41,17,-5.91,32,310,40,949
1500,XY.A,0.11231642175059997,44,79,10.93,37,64,-6.23,32,196,40,316
1600,C)0[,1.284717390367518,52,63,9.41,54,31,6.54,19,14,49,646
1600,g).4,0.5949142409515528,45,37,8.16,45,20,6.64,42,14,40,152
1600,gT?4,0.5871632848617059,56,16,12.61,75,12,13.55,42,177,124,152
1600,gYC4,0.5809673767293576,60,10,10.16,87,8,13.06,42,196,143,152
1600,g+.4,0.4637184970552814,45,44,7.78,40,25,6.07,42,21,40,152
1600,h*.w,0.42255970271219634,63,55,5.63,54,31,0.8,43,18,40,1000
1600,XW(4,0.42164602203875706,40,95,14.05,41,75,4.3,32,188,10,152
1600,ew)F,0.38210427829626176,70,20,18.53,35,14,-11.9,41,310,15,380
1600,iY..,0.3477571104589095,41,56,15.71,36,36,-0.1,43,196,40,76
1600,h*.f,0.3300264130944048,55,40,5.87,43,23,2.31,43,18,40,785
1600,i*.4,0.3263494883857147,47,40,5.57,43,23,7.01,43,18,40,152
1600,h*.l,0.31113842879961573,60,40,5.12,47,23,2.78,43,18,40,861
1600,VY?B,0.29830069381250773,42,42,8.93,45,31,3.55,31,196,124,329
1600,hY.F,0.2655167676291864,44,56,10.32,41,36,-2.54,43,196,40,380
1600,V^?4,0.2573272000371683,42,61,6.9,38,42,-7.09,31,215,124,152
1600,X].4,0.24949529530879058,44,67,12.73,43,51,-9.57,32,211,40,152
1600,XW44,0.23812881287200555,37,85,8.39,38,65,-8.44,32,188,69,152
1600,VY?t,0.2329774588594958,71,42,5.36,64,31,-1.01,31,196,124,962
1600,XY(3,0.22936428879698995,46,77,10.68,39,68,-14.6,32,196,10,139
1600,gY.*,0.18701916089340398,42,61,9.4,29,41,-6.73,42,196,40,25
1600,hl.c,0.18489161779622937,62,35,9.52,55,18,-2.75,43,268,40,747
1600,Xe.n,0.1803866435319501,56,62,7.16,52,38,0.5,32,242,40,886
1600,_e.4,0.16812871834335283,41,58,7.49,35,42,-12.6,37,242,40,152
1600,gV.4,0.16148709332371577,37,66,6.52,41,58,-3.89,42,185,40,152
1600,XY?4,0.16029198878149312,43,41,4.2,43,30,-1.05,32,196,124,152
1600,XW.s,0.15232745991264804,64,89,3.83,57,69,6.54,32,188,40,949
1600,pwLp,0.13351633072421243,60,15,2.77,76,13,7.68,48,310,188,911
1600,WV.Q,0.12511912101859618,48,84,12.03,40,62,5.57,32,185,40,519
1600,Ys.F,0.12467724175923107,54,33,16.07,46,26,-10.2,33,295,40,380
1600,XY+4,0.1150550571749678,49,87,13.48,44,68,-3.16,32,196,25,152
1700,C)0[,1.284717390367518,52,63,9.41,54,31,6.54,19,14,49,646
1700,iXC),0.8960040462873952,70,10,13.42,66,6,12.15,43,192,143,13
1700,g).4,0.5949142409515528,45,37,8.16,45,20,6.64,42,14,40,152
1700,gT?4,0.5871632848617059,56,16,12.61,75,12,13.55,42,177,124,152
1700,gYC4,0.5809673767293576,60,10,10.16,87,8,13.06,42,196,143,152
1700,g+.4,0.4637184970552814,45,44,7.78,40,25,6.07,42,21,40,152
1700,h*.w,0.42255970271219634,63,55,5.63,54,31,0.8,43,18,40,1000
1700,ew)F,0.38210427829626176,70,20,18.53,35,14,-11.9,41,310,15,380
1700,iY..,0.3477571104589095,41,56,15.71,36,36,-0.1,43,196,40,76
1700,hY.=,0.3444998031883483,51,56,10.34,50,36,-0.36,43,196,40,266
1700,h*.f,0.3300264130944048,55,40,5.87,43,23,2.31,43,18,40,785
1700,i*.4,0.3263494883857147,47,40,5.57,43,23,7.01,43,18,40,152
1700,h*.l,0.31113842879961573,60,40,5.12,47,23,2.78,43,18,40,861
1700,VY?B,0.29830069381250773,42,42,8.93,45,31,3.55,31,196,124,329
1700,hY?9,0.2897324521116523,56,25,8.21,47,21,-2.56,43,196,124,215
1700,XV.4,0.2849381370271781,48,84,11.02,45,62,8.61,32,185,40,152
1700,hY.F,0.2655167676291864,44,56,10.32,41,36,-2.54,43,196,40,380
1700,X].4,0.24949529530879058,44,67,12.73,43,51,-9.57,32,211,40,152
1700,XW44,0.23812881287200555,37,85,8.39,38,65,-8.44,32,188,69,152
1700,VY?t,0.2329774588594958,71,42,5.36,64,31,-1.01,31,196,124,962
1700,hn.9,0.19708388600192206,61,31,12.39,55,18,6.29,43,276,40,215
1700,gY.*,0.18701916089340398,42,61,9.4,29,41,-6.73,42,196,40,25
1700,hl.c,0.18489161779622937,62,35,9.52,55,18,-2.75,43,268,40,747
1700,Xt14,0.18295562482177016,61,34,21.24,33,18,-5.47,32,299,54,152
1700,Xe.n,0.1803866435319501,56,62,7.16,52,38,0.5,32,242,40,886
1700,Xf.4,0.17170843157381213,45,59,6.46,37,40,-9.27,32,245,40,152
1700,_e.4,0.16812871834335283,41,58,7.49,35,42,-12.6,37,242,40,152
1700,gV.4,0.16148709332371577,37,66,6.52,41,58,-3.89,42,185,40,152
1700,XY?4,0.16029198878149312,43,41,4.2,43,30,-1.05,32,196,124,152
1700,X\.@,0.1548305505805568,38,67,5.9,36,50,-1.99,32,207,40,304
1800,C)0[,1.284717390367518,52,63,9.41,54,31,6.54,19,14,49,646
1800,iXC),0.8960040462873952,70,10,13.42,66,6,12.15,43,192,143,13
1800,g).4,0.5949142409515528,45,37,8.16,45,20,6.64,42,14,40,152
1800,gYC4,0.5809673767293576,60,10,10.16,87,8,13.06,42,196,143,152
1800,g+.4,0.4637184970552814,45,44,7.78,40,25,6.07,42,21,40,152
1800,ew)F,0.38210427829626176,70,20,18.53,35,14,-11.9,41,310,15,380
1800,iY..,0.3477571104589095,41,56,15.71,36,36,-0.1,43,196,40,76
1800,hY.=,0.3444998031883483,51,56,10.34,50,36,-0.36,43,196,40,266
1800,h*.f,0.3300264130944048,55,40,5.87,43,23,2.31,43,18,40,785
1800,i*.4,0.3263494883857147,47,40,5.57,43,23,7.01,43,18,40,152
1800,h*.l,0.31113842879961573,60,40,5.12,47,23,2.78,43,18,40,861
1800,VY?B,0.29830069381250773,42,42,8.93,45,31,3.55,31,196,124,329
1800,XY+3,0.27955639910830454,49,87,12.8,44,68,-1.82,32,196,25,139
1800,X].4,0.24949529530879058,44,67,12.73,43,51,-9.57,32,211,40,152
1800,XW44,0.23812881287200555,37,85,8.39,38,65,-8.44,32,188,69,152
1800,VY?t,0.2329774588594958,71,42,5.36,64,31,-1.01,31,196,124,962
1800,hn.9,0.19708388600192206,61,31,12.39,55,18,6.29,43,276,40,215
1800,hl.c,0.18489161779622937,62,35,9.52,55,18,-2.75,43,268,40,747
1800,Xt14,0.18295562482177016,61,34,21.24,33,18,-5.47,32,299,54,152
1800,Xe.n,0.1803866435319501,56,62,7.16,52,38,0.5,32,242,40,886
1800,Xf.4,0.17170843157381213,45,59,6.46,37,40,-9.27,32,245,40,152
1800,_e.4,0.16812871834335283,41,58,7.49,35,42,-12.6,37,242,40,152
1800,iY;_,0.16619625114700182,50,66,16.22,41,55,-12.41,43,196,104,696
1800,gV.4,0.16148709332371577,37,66,6.52,41,58,-3.89,42,185,40,152
1800,XY?4,0.16029198878149312,43,41,4.2,43,30,-1.05,32,196,124,152
1800,X\.@,0.1548305505805568,38,67,5.9,36,50,-1.99,32,207,40,304
1800,X\.c,0.1525176521809633,51,64,5.8,44,49,3.32,32,207,40,747
1800,XW.s,0.15232745991264804,64,89,3.83,57,69,6.54,32,188,40,949
1800,X_1_,0.1480426825672569,50,63,15.23,50,42,2.37,32,219,54,696
1800,iX.0,0.14599382951473383,39,58,5.27,40,50,2.67,43,192,40,101
1900,C)0[,1.284717390367518,52,63,9.41,54,31,6.54,19,14,49,646
1900,iXC),0.8960040462873952,70,10,13.42,66,6,12.15,43,192,143,13
1900,g+.4,0.4637184970552814,45,44,7.78,40,25,6.07,42,21,40,152
1900,ew)F,0.38210427829626176,70,20,18.53,35,14,-11.9,41,310,15,380
1900,hY.=,0.3444998031883483,51,56,10.34,50,36,-0.36,43,196,40,266
1900,hY.=,0.3444998031883483,51,56,10.34,50,36,-0.36,43,196,40,266
1900,h*.f,0.3300264130944048,55,40,5.87,43,23,2.31,43,18,40,785
1900,i*.4,0.3263494883857147,47,40,5.57,43,23,7.01,43,18,40,152
1900,h*.l,0.31113842879961573,60,40,5.12,47,23,2.78,43,18,40,861
1900,VY?B,0.29830069381250773,42,42,8.93,45,31,3.55,31,196,124,329
1900,XY+3,0.27955639910830454,49,87,12.8,44,68,-1.82,32,196,25,139
1900,i_*F,0.2621944889937367,46,54,12.85,36,25,-8.9,43,219,20,380
1900,i_7S,0.25471620672482,56,46,12.94,38,31,-7.41,43,219,84,544
1900,X].4,0.24949529530879058,44,67,12.73,43,51,-9.57,32,211,40,152
1900,XW44,0.23812881287200555,37,85,8.39,38,65,-8.44,32,188,69,152
1900,i_7G,0.22692345733834016,54,44,11.53,41,31,-5.97,43,219,84,392
1900,Xt14,0.18295562482177016,61,34,21.24,33,18,-5.47,32,299,54,152
1900,Xe.n,0.1803866435319501,56,62,7.16,52,38,0.5,32,242,40,886
1900,[_7F,0.17589162960409263,49,59,9.22,45,40,-10.87,34,219,84,380
1900,_e.4,0.16812871834335283,41,58,7.49,35,42,-12.6,37,242,40,152
1900,iY;_,0.16619625114700182,50,66,16.22,41,55,-12.41,43,196,104,696
1900,gV.4,0.16148709332371577,37,66,6.52,41,58,-3.89,42,185,40,152
1900,X\.@,0.1548305505805568,38,67,5.9,36,50,-1.99,32,207,40,304
1900,Qf1_,0.15357500230841986,46,73,11.46,43,41,-0.94,28,245,54,696
1900,i47F,0.152887641857089,40,10,1.48,100,2,4.57,43,56,84,380
1900,X\.c,0.1525176521809633,51,64,5.8,44,49,3.32,32,207,40,747
1900,X_1_,0.1480426825672569,50,63,15.23,50,42,2.37,32,219,54,696
1900,iX.0,0.14599382951473383,39,58,5.27,40,50,2.67,43,192,40,101
1900,X\.V,0.1427956162441611,40,64,5.82,42,49,2.37,32,207,40,582
1900,Xu.@,0.14173776024580392,57,33,8.77,26,19,-2.39,32,302,40,304
2000,C)0[,1.284717390367518,52,63,9.41,54,31,6.54,19,14,49,646
2000,iXC),0.8960040462873952,70,10,13.42,66,6,12.15,43,192,143,13
2000,Xu0>,0.627971122632023,78,28,20.17,58,24,4.42,32,302,49,278
2000,j_.[,0.36821236367692384,57,47,11.55,55,34,-0.76,44,219,40,646
2000,hY.=,0.3444998031883483,51,56,10.34,50,36,-0.36,43,196,40,266
2000,hY.=,0.3444998031883483,51,56,10.34,50,36,-0.36,43,196,40,266
2000,h*.f,0.3300264130944048,55,40,5.87,43,23,2.31,43,18,40,785
2000,i*.4,0.3263494883857147,47,40,5.57,43,23,7.01,43,18,40,152
2000,h*.l,0.31113842879961573,60,40,5.12,47,23,2.78,43,18,40,861
2000,hW<F,0.30511594749801735,47,46,8.68,44,38,5.08,43,188,109,380
2000,VY?B,0.29830069381250773,42,42,8.93,45,31,3.55,31,196,124,329
2000,XY=4,0.28140643689506495,46,60,7.5,40,50,-3.93,32,196,114,152
2000,XY+3,0.27955639910830454,49,87,12.8,44,68,-1.82,32,196,25,139
2000,i_7S,0.25471620672482,56,46,12.94,38,31,-7.41,43,219,84,544
2000,XY+g,0.25399253128577925,59,88,9.0,54,68,-3.54,32,196,25,797
2000,h_.9,0.2533779417128206,57,54,12.66,48,29,-3.78,43,219,40,215
2000,X].4,0.24949529530879058,44,67,12.73,43,51,-9.57,32,211,40,152
2000,XW44,0.23812881287200555,37,85,8.39,38,65,-8.44,32,188,69,152
2000,i_7G,0.22692345733834016,54,44,11.53,41,31,-5.97,43,219,84,392
2000,Vu.>,0.21750238319781465,73,34,13.07,60,25,6.58,31,302,40,278
2000,Xe.n,0.1803866435319501,56,62,7.16,52,38,0.5,32,242,40,886
2000,[_7F,0.17589162960409263,49,59,9.22,45,40,-10.87,34,219,84,380
2000,gV.4,0.16148709332371577,37,66,6.52,41,58,-3.89,42,185,40,152
2000,X\.@,0.1548305505805568,38,67,5.9,36,50,-1.99,32,207,40,304
2000,i47F,0.152887641857089,40,10,1.48,100,2,4.57,43,56,84,380
2000,X\.c,0.1525176521809633,51,64,5.8,44,49,3.32,32,207,40,747
2000,XY+u,0.14812159395944077,66,96,4.95,60,69,-1.11,32,196,25,975
2000,X_1_,0.1480426825672569,50,63,15.23,50,42,2.37,32,219,54,696
2000,Qh1F,0.14613143559219957,47,63,12.16,42,45,-2.98,28,253,54,380
2000,iX.0,0.14599382951473383,39,58,5.27,40,50,2.67,43,192,40,101
2100,C)0[,1.284717390367518,52,63,9.41,54,31,6.54,19,14,49,646
2100,iXC),0.8960040462873952,70,10,13.42,66,6,12.15,43,192,143,13
2100,Xu0>,0.627971122632023,78,28,20.17,58,24,4.42,32,302,49,278
2100,9(1F,0.5392872976812124,46,63,7.25,34,38,4.67,13,10,54,380
2100,hY.=,0.3444998031883483,51,56,10.34,50,36,-0.36,43,196,40,266
2100,hY.=,0.3444998031883483,51,56,10.34,50,36,-0.36,43,196,40,266
2100,h*.f,0.3300264130944048,55,40,5.87,43,23,2.31,43,18,40,785
2100,i*.4,0.3263494883857147,47,40,5.57,43,23,7.01,43,18,40,152
2100,h*.l,0.31113842879961573,60,40,5.12,47,23,2.78,43,18,40,861
2100,hW<F,0.30511594749801735,47,46,8.68,44,38,5.08,43,188,109,380
2100,XY=4,0.28140643689506495,46,60,7.5,40,50,-3.93,32,196,114,152
2100,XY+3,0.27955639910830454,49,87,12.8,44,68,-1.82,32,196,25,139
2100,i_7S,0.25471620672482,56,46,12.94,38,31,-7.41,43,219,84,544
2100,XY+g,0.25399253128577925,59,88,9.0,54,68,-3.54,32,196,25,797
2100,h_.9,0.2533779417128206,57,54,12.66,48,29,-3.78,43,219,40,215
2100,X].4,0.24949529530879058,44,67,12.73,43,51,-9.57,32,211,40,152
2100,Vu.>,0.21750238319781465,73,34,13.07,60,25,6.58,31,302,40,278
2100,[_7F,0.17589162960409263,49,59,9.22,45,40,-10.87,34,219,84,380
2100,gV.4,0.16148709332371577,37,66,6.52,41,58,-3.89,42,185,40,152
2100,X\.@,0.1548305505805568,38,67,5.9,36,50,-1.99,32,207,40,304
2100,i47F,0.152887641857089,40,10,1.48,100,2,4.57,43,56,84,380
2100,X\.c,0.1525176521809633,51,64,5.8,44,49,3.32,32,207,40,747
2100,X_1_,0.1480426825672569,50,63,15.23,50,42,2.37,32,219,54,696
2100,iX.0,0.14599382951473383,39,58,5.27,40,50,2.67,43,192,40,101
2100,Xu.@,0.14173776024580392,57,33,8.77,26,19,-2.39,32,302,40,304
2100,pwLp,0.13351633072421243,60,15,2.77,76,13,7.68,48,310,188,911
2100,Xk+_,0.13333645035960476,53,47,16.44,53,28,9.06,32,264,25,696
2100,h^.F,0.1316766790151979,50,38,9.64,42,38,1.89,43,215,40,380
2100,iY+_,0.12984929719255334,50,62,10.03,34,41,-6.86,43,196,25,696
2100,io7X,0.1277082836797754,54,37,6.11,56,16,-14.24,43,280,84,608
2200,C)0[,1.284717390367518,52,63,9.41,54,31,6.54,19,14,49,646
2200,iXC),0.8960040462873952,70,10,13.42,66,6,12.15,43,192,143,13
2200,Xu0>,0.627971122632023,78,28,20.17,58,24,4.42,32,302,49,278
2200,X).1,0.5710613648977267,49,55,9.18,35,31,4.39,32,14,40,114
2200,9(1F,0.5392872976812124,46,63,7.25,34,38,4.67,13,10,54,380
2200,eg..,0.35858196847271695,42,45,17.18,40,25,-20.77,41,249,40,76
2200,hY.=,0.3444998031883483,51,56,10.34,50,36,-0.36,43,196,40,266
2200,hY.=,0.3444998031883483,51,56,10.34,50,36,-0.36,43,196,40,266
2200,h*.f,0.3300264130944048,55,40,5.87,43,23,2.31,43,18,40,785
2200,h*.l,0.31113842879961573,60,40,5.12,47,23,2.78,43,18,40,861
2200,XY=4,0.28140643689506495,46,60,7.5,40,50,-3.93,32,196,114,152
2200,XY+3,0.27955639910830454,49,87,12.8,44,68,-1.82,32,196,25,139
2200,Zg.F,0.2687522471888389,46,56,10.19,51,41,-4.76,34,249,40,380
2200,i_7S,0.25471620672482,56,46,12.94,38,31,-7.41,43,219,84,544
2200,XY+g,0.25399253128577925,59,88,9.0,54,68,-3.54,32,196,25,797
2200,X].4,0.24949529530879058,44,67,12.73,43,51,-9.57,32,211,40,152
2200,"iY),",0.23741721325069864,38,60,11.41,31,41,-8.68,43,196,15,51
2200,Vu.>,0.21750238319781465,73,34,13.07,60,25,6.58,31,302,40,278
2200,[_7F,0.17589162960409263,49,59,9.22,45,40,-10.87,34,219,84,380
2200,XW=1,0.16701808460371456,42,54,3.94,42,40,7.96,32,188,114,114
2200,gV.4,0.16148709332371577,37,66,6.52,41,58,-3.89,42,185,40,152
2200,i47F,0.152887641857089,40,10,1.48,100,2,4.57,43,56,84,380
2200,i_)b,0.1515627917795144,63,66,22.12,48,33,-0.24,43,219,15,734
2200,X_1_,0.1480426825672569,50,63,15.23,50,42,2.37,32,219,54,696
2200,iX.0,0.14599382951473383,39,58,5.27,40,50,2.67,43,192,40,101
2200,Xu.@,0.14173776024580392,57,33,8.77,26,19,-2.39,32,302,40,304
2200,eg3F,0.13696964470844156,47,44,5.53,37,29,-5.57,41,249,64,380
2200,pwLp,0.13351633072421243,60,15,2.77,76,13,7.68,48,310,188,911
2200,Xk+_,0.13333645035960476,53,47,16.44,53,28,9.06,32,264,25,696
2200,h^.F,0.1316766790151979,50,38,9.64,42,38,1.89,43,215,40,380
2300,C)0[,1.284717390367518,52,63,9.41,54,31,6.54,19,14,49,646
2300,iXC),0.8960040462873952,70,10,13.42,66,6,12.15,43,192,143,13
2300,Xu0>,0.627971122632023,78,28,20.17,58,24,4.42,32,302,49,278
2300,X).1,0.5710613648977267,49,55,9.18,35,31,4.39,32,14,40,114
2300,9(1F,0.5392872976812124,46,63,7.25,34,38,4.67,13,10,54,380
2300,eg..,0.35858196847271695,42,45,17.18,40,25,-20.77,41,249,40,76
2300,hY.=,0.3444998031883483,51,56,10.34,50,36,-0.36,43,196,40,266
2300,eg./,0.31438306878723754,42,45,13.44,40,25,-19.52,41,249,40,89
2300,h*.l,0.31113842879961573,60,40,5.12,47,23,2.78,43,18,40,861
2300,XY=4,0.28140643689506495,46,60,7.5,40,50,-3.93,32,196,114,152
2300,XY+3,0.27955639910830454,49,87,12.8,44,68,-1.82,32,196,25,139
2300,Zg.F,0.2687522471888389,46,56,10.19,51,41,-4.76,34,249,40,380
2300,i_7S,0.25471620672482,56,46,12.94,38,31,-7.41,43,219,84,544
2300,XY+g,0.25399253128577925,59,88,9.0,54,68,-3.54,32,196,25,797
2300,X].4,0.24949529530879058,44,67,12.73,43,51,-9.57,32,211,40,152
2300,"iY),",0.23741721325069864,38,60,11.41,31,41,-8.68,43,196,15,51
2300,Vu.>,0.21750238319781465,73,34,13.07,60,25,6.58,31,302,40,278
2300,io)Q,0.18240037383973193,56,25,20.94,42,14,-13.48,43,280,15,519
2300,rg.F,0.17855475641597277,44,29,8.24,45,22,-3.0,49,249,40,380
2300,XW=1,0.16701808460371456,42,54,3.94,42,40,7.96,32,188,114,114
2300,gV.4,0.16148709332371577,37,66,6.52,41,58,-3.89,42,185,40,152
2300,i47F,0.152887641857089,40,10,1.48,100,2,4.57,43,56,84,380
2300,i_)b,0.1515627917795144,63,66,22.12,48,33,-0.24,43,219,15,734
2300,X_1_,0.1480426825672569,50,63,15.23,50,42,2.37,32,219,54,696
2300,iX.0,0.14599382951473383,39,58,5.27,40,50,2.67,43,192,40,101
2300,Xu.@,0.14173776024580392,57,33,8.77,26,19,-2.39,32,302,40,304
2300,eg3F,0.13696964470844156,47,44,5.53,37,29,-5.57,41,249,64,380
2300,pwLp,0.13351633072421243,60,15,2.77,76,13,7.68,48,310,188,911
2300,Xk+_,0.13333645035960476,53,47,16.44,53,28,9.06,32,264,25,696
2300,h^.F,0.1316766790151979,50,38,9.64,42,38,1.89,43,215,40,380
2400,C)0[,1.284717390367518,52,63,9.41,54,31,6.54,19,14,49,646
2400,iXC),0.8960040462873952,70,10,13.42,66,6,12.15,43,192,143,13
2400,X).1,0.5710613648977267,49,55,9.18,35,31,4.39,32,14,40,114
2400,9(1F,0.5392872976812124,46,63,7.25,34,38,4.67,13,10,54,380
2400,dj+F,0.37829964852684717,47,38,12.09,37,24,-11.26,40,261,25,380
2400,eg..,0.35858196847271695,42,45,17.18,40,25,-20.77,41,249,40,76
2400,eg./,0.31438306878723754,42,45,13.44,40,25,-19.52,41,249,40,89
2400,h*.l,0.31113842879961573,60,40,5.12,47,23,2.78,43,18,40,861
2400,XY=4,0.28140643689506495,46,60,7.5,40,50,-3.93,32,196,114,152
2400,XY+3,0.27955639910830454,49,87,12.8,44,68,-1.82,32,196,25,139
2400,Zg.F,0.2687522471888389,46,56,10.19,51,41,-4.76,34,249,40,380
2400,i_7S,0.25471620672482,56,46,12.94,38,31,-7.41,43,219,84,544
2400,X].4,0.24949529530879058,44,67,12.73,43,51,-9.57,32,211,40,152
2400,"iY),",0.23741721325069864,38,60,11.41,31,41,-8.68,43,196,15,51
2400,Vu.>,0.21750238319781465,73,34,13.07,60,25,6.58,31,302,40,278
2400,io)Q,0.18240037383973193,56,25,20.94,42,14,-13.48,43,280,15,519
2400,XW=1,0.16701808460371456,42,54,3.94,42,40,7.96,32,188,114,114
2400,X`+F,0.16556583451794396,49,61,15.67,41,41,-9.02,32,223,25,380
2400,lg+F,0.16340071061556982,55,34,17.92,50,18,-12.73,45,249,25,380
2400,i47F,0.152887641857089,40,10,1.48,100,2,4.57,43,56,84,380
2400,i_)b,0.1515627917795144,63,66,22.12,48,33,-0.24,43,219,15,734
2400,X_1_,0.1480426825672569,50,63,15.23,50,42,2.37,32,219,54,696
2400,iX.0,0.14599382951473383,39,58,5.27,40,50,2.67,43,192,40,101
2400,_Y+F,0.1432052956836384,48,56,6.85,46,49,-7.7,37,196,25,380
2400,Xu.@,0.14173776024580392,57,33,8.77,26,19,-2.39,32,302,40,304
2400,eg3F,0.13696964470844156,47,44,5.53,37,29,-5.57,41,249,64,380
2400,pwLp,0.13351633072421243,60,15,2.77,76,13,7.68,48,310,188,911
2400,Xk+_,0.13333645035960476,53,47,16.44,53,28,9.06,32,264,25,696
2400,h^.F,0.1316766790151979,50,38,9.64,42,38,1.89,43,215,40,380
2400,Ts)F,0.13051376783976024,65,38,20.98,42,19,-13.62,30,295,15,380
2500,C)0[,1.284717390367518,52,63,9.41,54,31,6.54,19,14,49,646
2500,iXC),0.8960040462873952,70,10,13.42,66,6,12.15,43,192,143,13
2500,X).1,0.5710613648977267,49,55,9.18,35,31,4.39,32,14,40,114
2500,9(1F,0.5392872976812124,46,63,7.25,34,38,4.67,13,10,54,380
2500,dj+F,0.37829964852684717,47,38,12.09,37,24,-11.26,40,261,25,380
2500,eg..,0.35858196847271695,42,45,17.18,40,25,-20.77,41,249,40,76
2500,eg./,0.31438306878723754,42,45,13.44,40,25,-19.52,41,249,40,89
2500,h*.l,0.31113842879961573,60,40,5.12,47,23,2.78,43,18,40,861
2500,XY=4,0.28140643689506495,46,60,7.5,40,50,-3.93,32,196,114,152
2500,Zg.F,0.2687522471888389,46,56,10.19,51,41,-4.76,34,249,40,380
2500,i_7S,0.25471620672482,56,46,12.94,38,31,-7.41,43,219,84,544
2500,X].4,0.24949529530879058,44,67,12.73,43,51,-9.57,32,211,40,152
2500,"iY),",0.23741721325069864,38,60,11.41,31,41,-8.68,43,196,15,51
2500,io)Q,0.18240037383973193,56,25,20.94,42,14,-13.48,43,280,15,519
2500,XW=1,0.16701808460371456,42,54,3.94,42,40,7.96,32,188,114,114
2500,X`+F,0.16556583451794396,49,61,15.67,41,41,-9.02,32,223,25,380
2500,lg+F,0.16340071061556982,55,34,17.92,50,18,-12.73,45,249,25,380
2500,i47F,0.152887641857089,40,10,1.48,100,2,4.57,43,56,84,380
2500,i_)b,0.1515627917795144,63,66,22.12,48,33,-0.24,43,219,15,734
2500,X_1_,0.1480426825672569,50,63,15.23,50,42,2.37,32,219,54,696
2500,iX.0,0.14599382951473383,39,58,5.27,40,50,2.67,43,192,40,101
2500,_Y+F,0.1432052956836384,48,56,6.85,46,49,-7.7,37,196,25,380
2500,Xu.@,0.14173776024580392,57,33,8.77,26,19,-2.39,32,302,40,304
2500,eg3F,0.13696964470844156,47,44,5.53,37,29,-5.57,41,249,64,380
2500,oG)F,0.1345528670635999,45,100,9.91,38,72,-9.37,47,128,15,380
2500,Xk+_,0.13333645035960476,53,47,16.44,53,28,9.06,32,264,25,696
2500,h^.F,0.1316766790151979,50,38,9.64,42,38,1.89,43,215,40,380
2500,Ts)F,0.13051376783976024,65,38,20.98,42,19,-13.62,30,295,15,380
2500,iY+_,0.12984929719255334,50,62,10.03,34,41,-6.86,43,196,25,696
2500,ig3F,0.1294307442990522,50,42,6.41,31,29,-17.28,43,249,64,380
2600,C)0[,1.284717390367518,52,63,9.41,54,31,6.54,19,14,49,646
2600,ijHF,0.6867899827607941,72,11,10.17,88,9,13.05,43,261,168,380
2600,X).1,0.5710613648977267,49,55,9.18,35,31,4.39,32,14,40,114
2600,9(1F,0.5392872976812124,46,63,7.25,34,38,4.67,13,10,54,380
2600,"ij,F",0.4155899406417016,56,30,16.14,52,21,-5.84,43,261,30,380
2600,eg..,0.35858196847271695,42,45,17.18,40,25,-20.77,41,249,40,76
2600,Cg<J,0.32236168470791693,47,73,9.96,37,56,-14.84,19,249,109,430
2600,h*.l,0.31113842879961573,60,40,5.12,47,23,2.78,43,18,40,861
2600,fj)?,0.3057598546646945,51,35,18.72,33,24,-16.23,41,261,15,291
2600,ij:?,0.29444295342752363,51,33,16.81,41,24,-11.83,43,261,99,291
2600,XY=4,0.28140643689506495,46,60,7.5,40,50,-3.93,32,196,114,152
2600,i_7S,0.25471620672482,56,46,12.94,38,31,-7.41,43,219,84,544
2600,X].4,0.24949529530879058,44,67,12.73,43,51,-9.57,32,211,40,152
2600,X\FJ,0.2239454716759506,50,12,4.33,100,5,7.08,32,207,158,430
2600,il)/,0.223027900120224,45,35,12.93,42,19,-14.73,43,268,15,89
2600,il)U,0.19911872184878804,51,35,9.95,47,19,-13.56,43,268,15,570
2600,io<F,0.19630154470216465,55,29,9.91,50,22,-9.96,43,280,109,380
2600,qj+F,0.16950927535523028,51,31,8.38,23,21,-20.47,48,261,25,380
2600,pg)F,0.16759670143420655,33,33,5.75,38,18,-16.62,48,249,15,380
2600,XW=1,0.16701808460371456,42,54,3.94,42,40,7.96,32,188,114,114
2600,hl)a,0.16390815781803722,54,35,7.37,47,19,-12.48,43,268,15,722
2600,lg+F,0.16340071061556982,55,34,17.92,50,18,-12.73,45,249,25,380
2600,i47F,0.152887641857089,40,10,1.48,100,2,4.57,43,56,84,380
2600,i_)b,0.1515627917795144,63,66,22.12,48,33,-0.24,43,219,15,734
2600,X_1_,0.1480426825672569,50,63,15.23,50,42,2.37,32,219,54,696
2600,iX.0,0.14599382951473383,39,58,5.27,40,50,2.67,43,192,40,101
2600,ig.F,0.1448514806639698,47,42,7.34,48,25,-9.75,43,249,40,380
2600,Xu.@,0.14173776024580392,57,33,8.77,26,19,-2.39,32,302,40,304
2600,X\?J,0.14132790813677937,45,48,3.95,47,34,1.52,32,207,124,430
2600,Xg.F,0.13898152133014655,46,64,6.34,52,42,5.66,32,249,40,380
2700,C)0[,1.284717390367518,52,63,9.41,54,31,6.54,19,14,49,646
2700,ijHF,0.6867899827607941,72,11,10.17,88,9,13.05,43,261,168,380
2700,X).1,0.5710613648977267,49,55,9.18,35,31,4.39,32,14,40,114
2700,9(1F,0.5392872976812124,46,63,7.25,34,38,4.67,13,10,54,380
2700,"ij,F",0.4155899406417016,56,30,16.14,52,21,-5.84,43,261,30,380
2700,eg..,0.35858196847271695,42,45,17.18,40,25,-20.77,41,249,40,76
2700,Cg<J,0.32236168470791693,47,73,9.96,37,56,-14.84,19,249,109,430
2700,h*.l,0.31113842879961573,60,40,5.12,47,23,2.78,43,18,40,861
2700,fj)?,0.3057598546646945,51,35,18.72,33,24,-16.23,41,261,15,291
2700,ij:?,0.29444295342752363,51,33,16.81,41,24,-11.83,43,261,99,291
2700,XY=4,0.28140643689506495,46,60,7.5,40,50,-3.93,32,196,114,152
2700,X].4,0.24949529530879058,44,67,12.73,43,51,-9.57,32,211,40,152
2700,X\FJ,0.2239454716759506,50,12,4.33,100,5,7.08,32,207,158,430
2700,il)U,0.19911872184878804,51,35,9.95,47,19,-13.56,43,268,15,570
2700,ep)J,0.19830943165119821,63,30,8.48,40,15,-4.45,41,283,15,430
2700,qj+F,0.16950927535523028,51,31,8.38,23,21,-20.47,48,261,25,380
2700,pg)F,0.16759670143420655,33,33,5.75,38,18,-16.62,48,249,15,380
2700,XW=1,0.16701808460371456,42,54,3.94,42,40,7.96,32,188,114,114
2700,hl)a,0.16390815781803722,54,35,7.37,47,19,-12.48,43,268,15,722
2700,lg+F,0.16340071061556982,55,34,17.92,50,18,-12.73,45,249,25,380
2700,_m+F,0.1562276738406224,54,42,6.83,45,22,-11.23,37,272,25,380
2700,i47F,0.152887641857089,40,10,1.48,100,2,4.57,43,56,84,380
2700,fl+a,0.1496831440010658,48,39,10.78,43,16,-13.01,41,268,25,722
2700,X_1_,0.1480426825672569,50,63,15.23,50,42,2.37,32,219,54,696
2700,iX.0,0.14599382951473383,39,58,5.27,40,50,2.67,43,192,40,101
2700,ig.F,0.1448514806639698,47,42,7.34,48,25,-9.75,43,249,40,380
2700,Xu.@,0.14173776024580392,57,33,8.77,26,19,-2.39,32,302,40,304
2700,X\?J,0.14132790813677937,45,48,3.95,47,34,1.52,32,207,124,430
2700,Xg.F,0.13898152133014655,46,64,6.34,52,42,5.66,32,249,40,380
2700,XY+A,0.13531604461412597,47,87,13.56,42,68,-4.24,32,196,25,316
2800,C)0[,1.284717390367518,52,63,9.41,54,31,6.54,19,14,49,646
2800,ijHF,0.6867899827607941,72,11,10.17,88,9,13.05,43,261,168,380
2800,X).1,0.5710613648977267,49,55,9.18,35,31,4.39,32,14,40,114
2800,9(1F,0.5392872976812124,46,63,7.25,34,38,4.67,13,10,54,380
2800,ip)k,0.4470167739552136,69,36,15.17,44,9,-12.13,43,283,15,848
2800,"ij,F",0.4155899406417016,56,30,16.14,52,21,-5.84,43,261,30,380
2800,sp)J,0.41110231670732517,60,28,16.46,33,12,-15.88,49,283,15,430
2800,i_)J,0.3828933973819611,55,52,16.69,48,31,-0.69,43,219,15,430
2800,eg..,0.35858196847271695,42,45,17.18,40,25,-20.77,41,249,40,76
2800,]p)J,0.3286619211196201,57,33,12.91,45,22,-4.93,36,283,15,430
2800,h*.l,0.31113842879961573,60,40,5.12,47,23,2.78,43,18,40,861
2800,fj)?,0.3057598546646945,51,35,18.72,33,24,-16.23,41,261,15,291
2800,ij:?,0.29444295342752363,51,33,16.81,41,24,-11.83,43,261,99,291
2800,X].4,0.24949529530879058,44,67,12.73,43,51,-9.57,32,211,40,152
2800,X\FJ,0.2239454716759506,50,12,4.33,100,5,7.08,32,207,158,430
2800,il)U,0.19911872184878804,51,35,9.95,47,19,-13.56,43,268,15,570
2800,ep)J,0.19830943165119821,63,30,8.48,40,15,-4.45,41,283,15,430
2800,qj+F,0.16950927535523028,51,31,8.38,23,21,-20.47,48,261,25,380
2800,pg)F,0.16759670143420655,33,33,5.75,38,18,-16.62,48,249,15,380
2800,XW=1,0.16701808460371456,42,54,3.94,42,40,7.96,32,188,114,114
2800,hl)a,0.16390815781803722,54,35,7.37,47,19,-12.48,43,268,15,722
2800,lg+F,0.16340071061556982,55,34,17.92,50,18,-12.73,45,249,25,380
2800,_m+F,0.1562276738406224,54,42,6.83,45,22,-11.23,37,272,25,380
2800,fl+a,0.1496831440010658,48,39,10.78,43,16,-13.01,41,268,25,722
2800,X_1_,0.1480426825672569,50,63,15.23,50,42,2.37,32,219,54,696
2800,iX.0,0.14599382951473383,39,58,5.27,40,50,2.67,43,192,40,101
2800,Xu.@,0.14173776024580392,57,33,8.77,26,19,-2.39,32,302,40,304
2800,X\?J,0.14132790813677937,45,48,3.95,47,34,1.52,32,207,124,430
2800,Q\1J,0.13701828902576255,44,86,10.68,42,54,-3.19,28,207,54,430
2800,XY+A,0.13531604461412597,47,87,13.56,42,68,-4.24,32,196,25,316
2900,C)0[,1.284717390367518,52,63,9.41,54,31,6.54,19,14,49,646
2900,ijHF,0.6867899827607941,72,11,10.17,88,9,13.05,43,261,168,380
2900,X).1,0.5710613648977267,49,55,9.18,35,31,4.39,32,14,40,114
2900,X`+F,0.45487874326458594,49,61,15.67,41,41,-9.02,32,223,25,380
2900,ip)k,0.4470167739552136,69,36,15.17,44,9,-12.13,43,283,15,848
2900,ip).,0.430059688775815,53,32,23.13,44,9,-15.38,43,283,15,76
2900,"ij,F",0.4155899406417016,56,30,16.14,52,21,-5.84,43,261,30,380
2900,i_)J,0.3828933973819611,55,52,16.69,48,31,-0.69,43,219,15,430
2900,]p)J,0.3286619211196201,57,33,12.91,45,22,-4.93,36,283,15,430
2900,ej)F,0.3174354665963285,57,35,12.98,33,24,-14.95,41,261,15,380
2900,h*.l,0.31113842879961573,60,40,5.12,47,23,2.78,43,18,40,861
2900,ij:?,0.29444295342752363,51,33,16.81,41,24,-11.83,43,261,99,291
2900,X].4,0.24949529530879058,44,67,12.73,43,51,-9.57,32,211,40,152
2900,X\FJ,0.2239454716759506,50,12,4.33,100,5,7.08,32,207,158,430
2900,il)U,0.19911872184878804,51,35,9.95,47,19,-13.56,43,268,15,570
2900,ep)J,0.19830943165119821,63,30,8.48,40,15,-4.45,41,283,15,430
2900,qj+F,0.16950927535523028,51,31,8.38,23,21,-20.47,48,261,25,380
2900,pg)F,0.16759670143420655,33,33,5.75,38,18,-16.62,48,249,15,380
2900,hl)a,0.16390815781803722,54,35,7.37,47,19,-12.48,43,268,15,722
2900,lg+F,0.16340071061556982,55,34,17.92,50,18,-12.73,45,249,25,380
2900,_m+F,0.1562276738406224,54,42,6.83,45,22,-11.23,37,272,25,380
2900,X_1_,0.1480426825672569,50,63,15.23,50,42,2.37,32,219,54,696
2900,iX.0,0.14599382951473383,39,58,5.27,40,50,2.67,43,192,40,101
2900,Xu.@,0.14173776024580392,57,33,8.77,26,19,-2.39,32,302,40,304
2900,Q\1J,0.13701828902576255,44,86,10.68,42,54,-3.19,28,207,54,430
2900,XY+A,0.13531604461412597,47,87,13.56,42,68,-4.24,32,196,25,316
2900,_o+F,0.13358579660476863,50,32,12.39,39,23,-9.22,37,280,25,380
2900,ig3F,0.1294307442990522,50,42,6.41,31,29,-17.28,43,249,64,380
2900,hl+Q,0.12881674071815113,46,32,16.82,38,18,-18.74,43,268,25,519
2900,il+Q,0.12881674071815113,46,32,16.82,38,18,-18.74,43,268,25,519
3000,C)0[,1.284717390367518,52,63,9.41,54,31,6.54,19,14,49,646
3000,ijHF,0.6867899827607941,72,11,10.17,88,9,13.05,43,261,168,380
3000,X).1,0.5710613648977267,49,55,9.18,35,31,4.39,32,14,40,114
3000,X`+F,0.45487874326458594,49,61,15.67,41,41,-9.02,32,223,25,380
3000,ip)k,0.4470167739552136,69,36,15.17,44,9,-12.13,43,283,15,848
3000,ip).,0.430059688775815,53,32,23.13,44,9,-15.38,43,283,15,76
3000,ip)f,0.4198072075360171,75,37,14.61,55,9,-10.85,43,283,15,785
3000,"ij,F",0.4155899406417016,56,30,16.14,52,21,-5.84,43,261,30,380
3000,i_)J,0.3828933973819611,55,52,16.69,48,31,-0.69,43,219,15,430
3000,ej)F,0.3174354665963285,57,35,12.98,33,24,-14.95,41,261,15,380
3000,h*.l,0.31113842879961573,60,40,5.12,47,23,2.78,43,18,40,861
3000,is)T,0.2623333607281401,58,29,13.2,50,14,-5.97,43,295,15,557
3000,X].4,0.24949529530879058,44,67,12.73,43,51,-9.57,32,211,40,152
3000,is)S,0.24182313597100835,56,32,13.0,42,14,-9.48,43,295,15,544
3000,il)U,0.19911872184878804,51,35,9.95,47,19,-13.56,43,268,15,570
3000,ep)J,0.19830943165119821,63,30,8.48,40,15,-4.45,41,283,15,430
3000,fp)J,0.19830943165119821,63,30,8.48,40,15,-4.45,41,283,15,430
3000,_a+Q,0.1929616032480244,45,61,9.53,45,37,0.44,37,226,25,519
3000,is)p,0.17666477961697077,75,29,6.98,64,14,-0.61,43,295,15,911
3000,qj+F,0.16950927535523028,51,31,8.38,23,21,-20.47,48,261,25,380
3000,pg)F,0.16759670143420655,33,33,5.75,38,18,-16.62,48,249,15,380
3000,lg+F,0.16340071061556982,55,34,17.92,50,18,-12.73,45,249,25,380
3000,Xu.@,0.14173776024580392,57,33,8.77,26,19,-2.39,32,302,40,304
3000,Q\1J,0.13701828902576255,44,86,10.68,42,54,-3.19,28,207,54,430
3000,XY+A,0.13531604461412597,47,87,13.56,42,68,-4.24,32,196,25,316
3000,_o+F,0.13358579660476863,50,32,12.39,39,23,-9.22,37,280,25,380
3000,hl+Q,0.12881674071815113,46,32,16.82,38,18,-18.74,43,268,25,519
3000,il+Q,0.12881674071815113,46,32,16.82,38,18,-18.74,43,268,25,519
3000,Xp.l,0.12843237940359256,68,44,5.13,52,23,1.61,32,283,40,861
3000,i])F,0.12645526766536874,45,66,10.76,29,37,-10.07,43,211,15,380
3100,C)0[,1.284717390367518,52,63,9.41,54,31,6.54,19,14,49,646
3100,ijHF,0.6867899827607941,72,11,10.17,88,9,13.05,43,261,168,380
3100,X).1,0.5710613648977267,49,55,9.18,35,31,4.39,32,14,40,114
3100,X`+F,0.45487874326458594,49,61,15.67,41,41,-9.02,32,223,25,380
3100,ip).,0.430059688775815,53,32,23.13,44,9,-15.38,43,283,15,76
3100,ip)f,0.4198072075360171,75,37,14.61,55,9,-10.85,43,283,15,785
3100,"ij,F",0.4155899406417016,56,30,16.14,52,21,-5.84,43,261,30,380
3100,i_)J,0.3828933973819611,55,52,16.69,48,31,-0.69,43,219,15,430
3100,h*.l,0.31113842879961573,60,40,5.12,47,23,2.78,43,18,40,861
3100,XX.Q,0.263438613316048,46,93,8.4,48,75,9.66,32,192,40,519
3100,X].4,0.24949529530879058,44,67,12.73,43,51,-9.57,32,211,40,152
3100,XlCQ,0.2449895579617266,41,56,11.15,39,43,-2.94,32,268,143,519
3100,is)S,0.24182313597100835,56,32,13.0,42,14,-9.48,43,295,15,544
3100,il)U,0.19911872184878804,51,35,9.95,47,19,-13.56,43,268,15,570
3100,ep)J,0.19830943165119821,63,30,8.48,40,15,-4.45,41,283,15,430
3100,fp)J,0.19830943165119821,63,30,8.48,40,15,-4.45,41,283,15,430
3100,_a+Q,0.1929616032480244,45,61,9.53,45,37,0.44,37,226,25,519
3100,Xe.Q,0.19004430307412348,45,62,9.38,50,38,-2.14,32,242,40,519
3100,is)p,0.17666477961697077,75,29,6.98,64,14,-0.61,43,295,15,911
3100,il=Q,0.17027065492703916,54,37,16.95,33,21,-19.46,43,268,114,519
3100,pg)F,0.16759670143420655,33,33,5.75,38,18,-16.62,48,249,15,380
3100,lg+F,0.16340071061556982,55,34,17.92,50,18,-12.73,45,249,25,380
3100,Xf.Q,0.1552847134753856,49,59,5.88,35,39,-5.49,32,245,40,519
3100,Xu.@,0.14173776024580392,57,33,8.77,26,19,-2.39,32,302,40,304
3100,XY+A,0.13531604461412597,47,87,13.56,42,68,-4.24,32,196,25,316
3100,`l+Q,0.13496054291735585,50,42,6.81,41,31,-7.39,37,268,25,519
3100,_o+F,0.13358579660476863,50,32,12.39,39,23,-9.22,37,280,25,380
3100,hl+Q,0.12881674071815113,46,32,16.82,38,18,-18.74,43,268,25,519
3100,il+Q,0.12881674071815113,46,32,16.82,38,18,-18.74,43,268,25,519
3100,Xp.l,0.12843237940359256,68,44,5.13,52,23,1.61,32,283,40,861
3200,C)0[,1.284717390367518,52,63,9.41,54,31,6.54,19,14,49,646
3200,ijHF,0.6867899827607941,72,11,10.17,88,9,13.05,43,261,168,380
3200,X).1,0.5710613648977267,49,55,9.18,35,31,4.39,32,14,40,114
3200,uj+.,0.4735295189037639,60,23,27.74,41,17,-1.8,51,261,25,76
3200,X`+F,0.45487874326458594,49,61,15.67,41,41,-9.02,32,223,25,380
3200,ip).,0.430059688775815,53,32,23.13,44,9,-15.38,43,283,15,76
3200,ip)f,0.4198072075360171,75,37,14.61,55,9,-10.85,43,283,15,785
3200,i_)J,0.3828933973819611,55,52,16.69,48,31,-0.69,43,219,15,430
3200,h*.l,0.31113842879961573,60,40,5.12,47,23,2.78,43,18,40,861
3200,XX.Q,0.263438613316048,46,93,8.4,48,75,9.66,32,192,40,519
3200,X].4,0.24949529530879058,44,67,12.73,43,51,-9.57,32,211,40,152
3200,XlCQ,0.2449895579617266,41,56,11.15,39,43,-2.94,32,268,143,519
3200,is)S,0.24182313597100835,56,32,13.0,42,14,-9.48,43,295,15,544
3200,Zl+8,0.23428155821543367,48,50,11.81,47,21,-11.02,34,268,25,203
3200,"_l,Q",0.22173229191675287,52,40,11.6,50,26,-0.7,37,268,30,519
3200,il)U,0.19911872184878804,51,35,9.95,47,19,-13.56,43,268,15,570
3200,ep)J,0.19830943165119821,63,30,8.48,40,15,-4.45,41,283,15,430
3200,fp)J,0.19830943165119821,63,30,8.48,40,15,-4.45,41,283,15,430
3200,_a+Q,0.1929616032480244,45,61,9.53,45,37,0.44,37,226,25,519
3200,_j+q,0.19204230478956674,61,49,4.16,52,23,-4.52,37,261,25,924
3200,Xe.Q,0.19004430307412348,45,62,9.38,50,38,-2.14,32,242,40,519
3200,is)p,0.17666477961697077,75,29,6.98,64,14,-0.61,43,295,15,911
3200,il=Q,0.17027065492703916,54,37,16.95,33,21,-19.46,43,268,114,519
3200,XlAQ,0.1696818892949468,40,50,7.8,48,37,-0.99,32,268,133,519
3200,pg)F,0.16759670143420655,33,33,5.75,38,18,-16.62,48,249,15,380
3200,lg+F,0.16340071061556982,55,34,17.92,50,18,-12.73,45,249,25,380
3200,Xf.Q,0.1552847134753856,49,59,5.88,35,39,-5.49,32,245,40,519
3200,_[+Q,0.15371836570177982,43,57,5.99,40,42,-5.1,37,204,25,519
3200,_Y+Q,0.14347729322270303,46,56,6.67,44,49,-10.58,37,196,25,519
3200,XY+A,0.13531604461412597,47,87,13.56,42,68,-4.24,32,196,25,316
3300,C)0[,1.284717390367518,52,63,9.41,54,31,6.54,19,14,49,646
3300,ijHF,0.6867899827607941,72,11,10.17,88,9,13.05,43,261,168,380
3300,X).1,0.5710613648977267,49,55,9.18,35,31,4.39,32,14,40,114
3300,uj+.,0.4735295189037639,60,23,27.74,41,17,-1.8,51,261,25,76
3300,X`+F,0.45487874326458594,49,61,15.67,41,41,-9.02,32,223,25,380
3300,ip)f,0.4198072075360171,75,37,14.61,55,9,-10.85,43,283,15,785
3300,"ij,.",0.4102334703366713,53,30,21.33,52,21,-3.42,43,261,30,76
3300,i_)J,0.3828933973819611,55,52,16.69,48,31,-0.69,43,219,15,430
3300,ir).,0.3507359464568293,44,29,14.91,38,13,-18.84,43,291,15,76
3300,XX.Q,0.263438613316048,46,93,8.4,48,75,9.66,32,192,40,519
3300,_p+8,0.2601614419965255,59,32,11.14,38,18,-0.93,37,283,25,203
3300,X].4,0.24949529530879058,44,67,12.73,43,51,-9.57,32,211,40,152
3300,XlCQ,0.2449895579617266,41,56,11.15,39,43,-2.94,32,268,143,519
3300,Zl+8,0.23428155821543367,48,50,11.81,47,21,-11.02,34,268,25,203
3300,"_l,Q",0.22173229191675287,52,40,11.6,50,26,-0.7,37,268,30,519
3300,_l)8,0.21460640712102005,63,41,11.61,46,26,-7.35,37,268,15,203
3300,ij4.,0.20161394099881477,54,35,12.82,38,21,-8.3,43,261,69,76
3300,il)U,0.19911872184878804,51,35,9.95,47,19,-13.56,43,268,15,570
3300,ep)J,0.19830943165119821,63,30,8.48,40,15,-4.45,41,283,15,430
3300,fp)J,0.19830943165119821,63,30,8.48,40,15,-4.45,41,283,15,430
3300,_j+q,0.19204230478956674,61,49,4.16,52,23,-4.52,37,261,25,924
3300,Xe.Q,0.19004430307412348,45,62,9.38,50,38,-2.14,32,242,40,519
3300,is)p,0.17666477961697077,75,29,6.98,64,14,-0.61,43,295,15,911
3300,XlAQ,0.1696818892949468,40,50,7.8,48,37,-0.99,32,268,133,519
3300,pg)F,0.16759670143420655,33,33,5.75,38,18,-16.62,48,249,15,380
3300,lg+F,0.16340071061556982,55,34,17.92,50,18,-12.73,45,249,25,380
3300,Xf.Q,0.1552847134753856,49,59,5.88,35,39,-5.49,32,245,40,519
3300,_Y+Q,0.14347729322270303,46,56,6.67,44,49,-10.58,37,196,25,519
3300,wj+(,0.1356485843435858,66,24,23.86,23,21,-17.99,52,261,25,0
3300,XY+A,0.13531604461412597,47,87,13.56,42,68,-4.24,32,196,25,316
3400,C)0[,1.284717390367518,52,63,9.41,54,31,6.54,19,14,49,646
3400,ijHF,0.6867899827607941,72,11,10.17,88,9,13.05,43,261,168,380
3400,X).1,0.5710613648977267,49,55,9.18,35,31,4.39,32,14,40,114
3400,ul.S,0.5421293269526053,57,28,19.32,31,16,-10.37,51,268,40,544
3400,ul.X,0.49308957025552874,67,28,17.36,37,16,-7.62,51,268,40,608
3400,X`+F,0.45487874326458594,49,61,15.67,41,41,-9.02,32,223,25,380
3400,ip)f,0.4198072075360171,75,37,14.61,55,9,-10.85,43,283,15,785
3400,ir).,0.3507359464568293,44,29,14.91,38,13,-18.84,43,291,15,76
3400,ulH2,0.33767828973090186,50,12,12.38,75,12,15.05,51,268,168,127
3400,uV.(,0.2648060028699697,45,55,13.94,35,39,-0.24,51,185,40,0
3400,XX.Q,0.263438613316048,46,93,8.4,48,75,9.66,32,192,40,519
3400,_p+8,0.2601614419965255,59,32,11.14,38,18,-0.93,37,283,25,203
3400,X].4,0.24949529530879058,44,67,12.73,43,51,-9.57,32,211,40,152
3400,XlCQ,0.2449895579617266,41,56,11.15,39,43,-2.94,32,268,143,519
3400,ujG(,0.23858889655128013,46,15,8.86,63,11,10.41,51,261,163,0
3400,Zl+8,0.23428155821543367,48,50,11.81,47,21,-11.02,34,268,25,203
3400,"_l,Q",0.22173229191675287,52,40,11.6,50,26,-0.7,37,268,30,519
3400,_l)8,0.21460640712102005,63,41,11.61,46,26,-7.35,37,268,15,203
3400,il)U,0.19911872184878804,51,35,9.95,47,19,-13.56,43,268,15,570
3400,ep)J,0.19830943165119821,63,30,8.48,40,15,-4.45,41,283,15,430
3400,fp)J,0.19830943165119821,63,30,8.48,40,15,-4.45,41,283,15,430
3400,_j+q,0.19204230478956674,61,49,4.16,52,23,-4.52,37,261,25,924
3400,Xe.Q,0.19004430307412348,45,62,9.38,50,38,-2.14,32,242,40,519
3400,"fs),",0.17903615564192515,55,27,11.51,29,17,-14.55,41,295,15,51
3400,is)p,0.17666477961697077,75,29,6.98,64,14,-0.61,43,295,15,911
3400,XlAQ,0.1696818892949468,40,50,7.8,48,37,-0.99,32,268,133,519
3400,Xf.Q,0.1552847134753856,49,59,5.88,35,39,-5.49,32,245,40,519
3400,uj.2,0.14655771123023276,50,24,8.27,36,19,1.49,51,261,40,127
3400,_Y+Q,0.14347729322270303,46,56,6.67,44,49,-10.58,37,196,25,519
3400,"Ls),",0.13918328087209958,43,55,6.38,31,29,-7.2,25,295,15,51
3500,C)0[,1.284717390367518,52,63,9.41,54,31,6.54,19,14,49,646
3500,ijHF,0.6867899827607941,72,11,10.17,88,9,13.05,43,261,168,380
3500,ulK2,0.6090076000505972,71,7,9.32,80,5,10.44,51,268,183,127
3500,X).1,0.5710613648977267,49,55,9.18,35,31,4.39,32,14,40,114
3500,ul._,0.5485871721949276,64,28,17.93,31,16,-8.69,51,268,40,696
3500,ul.S,0.5421293269526053,57,28,19.32,31,16,-10.37,51,268,40,544
3500,ul.X,0.49308957025552874,67,28,17.36,37,16,-7.62,51,268,40,608
3500,X`+F,0.45487874326458594,49,61,15.67,41,41,-9.02,32,223,25,380
3500,ul.@,0.45298644068442956,57,28,22.32,25,16,-11.09,51,268,40,304
3500,ip)f,0.4198072075360171,75,37,14.61,55,9,-10.85,43,283,15,785
3500,ir).,0.3507359464568293,44,29,14.91,38,13,-18.84,43,291,15,76
3500,ul.M,0.34720422101242265,69,23,12.59,31,16,-6.8,51,268,40,468
3500,uV.(,0.2648060028699697,45,55,13.94,35,39,-0.24,51,185,40,0
3500,uV.(,0.2648060028699697,45,55,13.94,35,39,-0.24,51,185,40,0
3500,XX.Q,0.263438613316048,46,93,8.4,48,75,9.66,32,192,40,519
3500,X].4,0.24949529530879058,44,67,12.73,43,51,-9.57,32,211,40,152
3500,Zl+8,0.23428155821543367,48,50,11.81,47,21,-11.02,34,268,25,203
3500,"_l,Q",0.22173229191675287,52,40,11.6,50,26,-0.7,37,268,30,519
3500,_l)8,0.21460640712102005,63,41,11.61,46,26,-7.35,37,268,15,203
3500,il)U,0.19911872184878804,51,35,9.95,47,19,-13.56,43,268,15,570
3500,ep)J,0.19830943165119821,63,30,8.48,40,15,-4.45,41,283,15,430
3500,fp)J,0.19830943165119821,63,30,8.48,40,15,-4.45,41,283,15,430
3500,_j+q,0.19204230478956674,61,49,4.16,52,23,-4.52,37,261,25,924
3500,Xe.Q,0.19004430307412348,45,62,9.38,50,38,-2.14,32,242,40,519
3500,"fs),",0.17903615564192515,55,27,11.51,29,17,-14.55,41,295,15,51
3500,is)p,0.17666477961697077,75,29,6.98,64,14,-0.61,43,295,15,911
3500,uj.2,0.14655771123023276,50,24,8.27,36,19,1.49,51,261,40,127
3500,"Ls),",0.13918328087209958,43,55,6.38,31,29,-7.2,25,295,15,51
3500,XY.(,0.136961166112275,41,79,11.5,35,64,-3.29,32,196,40,0
3500,wj+(,0.1356485843435858,66,24,23.86,23,21,-17.99,52,261,25,0
3600,C)0[,1.284717390367518,52,63,9.41,54,31,6.54,19,14,49,646
3600,ijHF,0.6867899827607941,72,11,10.17,88,9,13.05,43,261,168,380
3600,ulK2,0.6090076000505972,71,7,9.32,80,5,10.44,51,268,183,127
3600,X).1,0.5710613648977267,49,55,9.18,35,31,4.39,32,14,40,114
3600,ul._,0.5485871721949276,64,28,17.93,31,16,-8.69,51,268,40,696
3600,ul.S,0.5421293269526053,57,28,19.32,31,16,-10.37,51,268,40,544
3600,ul.X,0.49308957025552874,67,28,17.36,37,16,-7.62,51,268,40,608
3600,X`+F,0.45487874326458594,49,61,15.67,41,41,-9.02,32,223,25,380
3600,ul.@,0.45298644068442956,57,28,22.32,25,16,-11.09,51,268,40,304
3600,d+.k,0.42971014511200695,57,47,5.89,48,31,2.08,40,21,40,848
3600,ip)f,0.4198072075360171,75,37,14.61,55,9,-10.85,43,283,15,785
3600,ir).,0.3507359464568293,44,29,14.91,38,13,-18.84,43,291,15,76
3600,ul.M,0.34720422101242265,69,23,12.59,31,16,-6.8,51,268,40,468
3600,_p+.,0.2665722928668773,56,32,13.41,27,18,-1.6,37,283,25,76
3600,uV.(,0.2648060028699697,45,55,13.94,35,39,-0.24,51,185,40,0
3600,XX.Q,0.263438613316048,46,93,8.4,48,75,9.66,32,192,40,519
3600,X].4,0.24949529530879058,44,67,12.73,43,51,-9.57,32,211,40,152
3600,Zl+8,0.23428155821543367,48,50,11.81,47,21,-11.02,34,268,25,203
3600,"_l,Q",0.22173229191675287,52,40,11.6,50,26,-0.7,37,268,30,519
3600,_l)8,0.21460640712102005,63,41,11.61,46,26,-7.35,37,268,15,203
3600,il)U,0.19911872184878804,51,35,9.95,47,19,-13.56,43,268,15,570
3600,ep)J,0.19830943165119821,63,30,8.48,40,15,-4.45,41,283,15,430
3600,fp)J,0.19830943165119821,63,30,8.48,40,15,-4.45,41,283,15,430
3600,_j+q,0.19204230478956674,61,49,4.16,52,23,-4.52,37,261,25,924
3600,`i.F,0.18296244924814056,53,52,8.6,53,30,9.82,37,257,40,380
3600,"fs),",0.17903615564192515,55,27,11.51,29,17,-14.55,41,295,15,51
3600,is)p,0.17666477961697077,75,29,6.98,64,14,-0.61,43,295,15,911
3600,ui.:,0.1441462191336356,74,27,11.21,47,21,-6.91,51,257,40,228
3600,"Ls),",0.13918328087209958,43,55,6.38,31,29,-7.2,25,295,15,51
3600,XY.(,0.136961166112275,41,79,11.5,35,64,-3.29,32,196,40,0
3700,C)0[,1.284717390367518,52,63,9.41,54,31,6.54,19,14,49,646
3700,X).1,0.5710613648977267,49,55,9.18,35,31,4.39,32,14,40,114
3700,ul._,0.5485871721949276,64,28,17.93,31,16,-8.69,51,268,40,696
3700,ul.S,0.5421293269526053,57,28,19.32,31,16,-10.37,51,268,40,544
3700,X`+F,0.45487874326458594,49,61,15.67,41,41,-9.02,32,223,25,380
3700,d+.k,0.42971014511200695,57,47,5.89,48,31,2.08,40,21,40,848
3700,ir).,0.3507359464568293,44,29,14.91,38,13,-18.84,43,291,15,76
3700,ul.M,0.34720422101242265,69,23,12.59,31,16,-6.8,51,268,40,468
3700,_p+.,0.2665722928668773,56,32,13.41,27,18,-1.6,37,283,25,76
3700,XX.Q,0.263438613316048,46,93,8.4,48,75,9.66,32,192,40,519
3700,Zl+8,0.23428155821543367,48,50,11.81,47,21,-11.02,34,268,25,203
3700,"_l,Q",0.22173229191675287,52,40,11.6,50,26,-0.7,37,268,30,519
3700,_l)8,0.21460640712102005,63,41,11.61,46,26,-7.35,37,268,15,203
3700,il)U,0.19911872184878804,51,35,9.95,47,19,-13.56,43,268,15,570
3700,ep)J,0.19830943165119821,63,30,8.48,40,15,-4.45,41,283,15,430
3700,_j+q,0.19204230478956674,61,49,4.16,52,23,-4.52,37,261,25,924
3700,`i.F,0.18296244924814056,53,52,8.6,53,30,9.82,37,257,40,380
3700,is)p,0.17666477961697077,75,29,6.98,64,14,-0.61,43,295,15,911
3700,ui.:,0.1441462191336356,74,27,11.21,47,21,-6.91,51,257,40,228
3700,"Ls),",0.13918328087209958,43,55,6.38,31,29,-7.2,25,295,15,51
3700,mj..,0.13793587227164086,46,28,16.18,37,24,-16.16,46,261,40,76
3700,XY.(,0.136961166112275,41,79,11.5,35,64,-3.29,32,196,40,0
3700,wj+(,0.1356485843435858,66,24,23.86,23,21,-17.99,52,261,25,0
3700,XY+A,0.13531604461412597,47,87,13.56,42,68,-4.24,32,196,25,316
3700,sl.2,0.13503557702863103,51,29,7.66,36,19,-3.85,49,268,40,127
3700,_o+F,0.13358579660476863,50,32,12.39,39,23,-9.22,37,280,25,380
3700,Tj).,0.13073923927446393,40,67,5.25,34,35,-11.88,30,261,15,76
3700,ts.F,0.13010183449496637,85,20,23.83,40,15,-6.94,50,295,40,380
3700,ds.5,0.12887153193951334,60,38,9.47,30,10,-17.06,40,295,40,165
3700,hl+Q,0.12881674071815113,46,32,16.82,38,18,-18.74,43,268,25,519
3800,C)0[,1.284717390367518,52,63,9.41,54,31,6.54,19,14,49,646
3800,X).1,0.5710613648977267,49,55,9.18,35,31,4.39,32,14,40,114
3800,ul._,0.5485871721949276,64,28,17.93,31,16,-8.69,51,268,40,696
3800,dl.l,0.4633495395583836,68,41,13.11,50,16,-4.45,40,268,40,861
3800,X`+F,0.45487874326458594,49,61,15.67,41,41,-9.02,32,223,25,380
3800,d+.k,0.42971014511200695,57,47,5.89,48,31,2.08,40,21,40,848
3800,dl.@,0.40830904496892423,58,41,22.36,18,16,-20.89,40,268,40,304
3800,dl.^,0.36936948607865144,56,37,15.54,25,16,-15.99,40,268,40,684
3800,ir).,0.3507359464568293,44,29,14.91,38,13,-18.84,43,291,15,76
3800,ul.M,0.34720422101242265,69,23,12.59,31,16,-6.8,51,268,40,468
3800,dl.`,0.3464450777041944,56,37,13.79,43,16,-13.5,40,268,40,709
3800,_p+.,0.2665722928668773,56,32,13.41,27,18,-1.6,37,283,25,76
3800,Zl+8,0.23428155821543367,48,50,11.81,47,21,-11.02,34,268,25,203
3800,"_l,Q",0.22173229191675287,52,40,11.6,50,26,-0.7,37,268,30,519
3800,_l)8,0.21460640712102005,63,41,11.61,46,26,-7.35,37,268,15,203
3800,il)U,0.19911872184878804,51,35,9.95,47,19,-13.56,43,268,15,570
3800,ep)J,0.19830943165119821,63,30,8.48,40,15,-4.45,41,283,15,430
3800,is)p,0.17666477961697077,75,29,6.98,64,14,-0.61,43,295,15,911
3800,ui.:,0.1441462191336356,74,27,11.21,47,21,-6.91,51,257,40,228
3800,"Ls),",0.13918328087209958,43,55,6.38,31,29,-7.2,25,295,15,51
3800,dj.?,0.13812267677575632,48,39,22.42,38,21,-14.57,40,261,40,291
3800,mj..,0.13793587227164086,46,28,16.18,37,24,-16.16,46,261,40,76
3800,wj+(,0.1356485843435858,66,24,23.86,23,21,-17.99,52,261,25,0
3800,XY+A,0.13531604461412597,47,87,13.56,42,68,-4.24,32,196,25,316
3800,sl.2,0.13503557702863103,51,29,7.66,36,19,-3.85,49,268,40,127
3800,_o+F,0.13358579660476863,50,32,12.39,39,23,-9.22,37,280,25,380
3800,ul(2,0.13288049839789304,61,21,8.87,53,13,3.03,51,268,10,127
3800,ilA2,0.12909493795031451,55,40,21.18,34,32,-20.44,43,268,133,127
3800,ds.5,0.12887153193951334,60,38,9.47,30,10,-17.06,40,295,40,165
3800,hl+Q,0.12881674071815113,46,32,16.82,38,18,-18.74,43,268,25,519
3900,C)0[,1.284717390367518,52,63,9.41,54,31,6.54,19,14,49,646
3900,ul._,0.5485871721949276,64,28,17.93,31,16,-8.69,51,268,40,696
3900,X`+F,0.45487874326458594,49,61,15.67,41,41,-9.02,32,223,25,380
3900,d+.k,0.42971014511200695,57,47,5.89,48,31,2.08,40,21,40,848
3900,dl.@,0.40830904496892423,58,41,22.36,18,16,-20.89,40,268,40,304
3900,dl.^,0.36936948607865144,56,37,15.54,25,16,-15.99,40,268,40,684
3900,ir).,0.3507359464568293,44,29,14.91,38,13,-18.84,43,291,15,76
3900,ul.M,0.34720422101242265,69,23,12.59,31,16,-6.8,51,268,40,468
3900,dl.`,0.3464450777041944,56,37,13.79,43,16,-13.5,40,268,40,709
3900,_p+.,0.2665722928668773,56,32,13.41,27,18,-1.6,37,283,25,76
3900,"_l,Q",0.22173229191675287,52,40,11.6,50,26,-0.7,37,268,30,519
3900,_l)8,0.21460640712102005,63,41,11.61,46,26,-7.35,37,268,15,203
3900,il)U,0.19911872184878804,51,35,9.95,47,19,-13.56,43,268,15,570
3900,ep)J,0.19830943165119821,63,30,8.48,40,15,-4.45,41,283,15,430
3900,is)p,0.17666477961697077,75,29,6.98,64,14,-0.61,43,295,15,911
3900,ui.:,0.1441462191336356,74,27,11.21,47,21,-6.91,51,257,40,228
3900,"Ls),",0.13918328087209958,43,55,6.38,31,29,-7.2,25,295,15,51
3900,dj.?,0.13812267677575632,48,39,22.42,38,21,-14.57,40,261,40,291
3900,mj..,0.13793587227164086,46,28,16.18,37,24,-16.16,46,261,40,76
3900,XY+A,0.13531604461412597,47,87,13.56,42,68,-4.24,32,196,25,316
3900,sl.2,0.13503557702863103,51,29,7.66,36,19,-3.85,49,268,40,127
3900,dj.P,0.133008422552774,48,39,23.74,38,21,-14.03,40,261,40,506
3900,ul(2,0.13288049839789304,61,21,8.87,53,13,3.03,51,268,10,127
3900,ilA2,0.12909493795031451,55,40,21.18,34,32,-20.44,43,268,133,127
3900,ds.5,0.12887153193951334,60,38,9.47,30,10,-17.06,40,295,40,165
3900,hl+Q,0.12881674071815113,46,32,16.82,38,18,-18.74,43,268,25,519
3900,Xp.l,0.12843237940359256,68,44,5.13,52,23,1.61,32,283,40,861
3900,iX)F,0.12384186544455741,39,64,8.75,48,56,11.2,43,192,15,380
3900,ij:F,0.12364341003349169,54,33,13.1,45,24,-13.46,43,261,99,380
3900,up.J,0.12245904496906945,60,20,7.48,26,15,-18.9,51,283,40,430
4000,C)0[,1.284717390367518,52,63,9.41,54,31,6.54,19,14,49,646
4000,dj.i,0.5459377155296533,61,39,17.32,47,21,-10.64,40,261,40,823
4000,d+.k,0.42971014511200695,57,47,5.89,48,31,2.08,40,21,40,848
4000,d*.1,0.4143565104579701,46,41,7.08,40,25,5.36,40,18,40,114
4000,dl.@,0.40830904496892423,58,41,22.36,18,16,-20.89,40,268,40,304
4000,dl.@,0.40830904496892423,58,41,22.36,18,16,-20.89,40,268,40,304
4000,d*.*,0.3835838101079513,43,41,6.34,40,25,7.94,40,18,40,25
4000,dl.^,0.36936948607865144,56,37,15.54,25,16,-15.99,40,268,40,684
4000,ir).,0.3507359464568293,44,29,14.91,38,13,-18.84,43,291,15,76
4000,ul.M,0.34720422101242265,69,23,12.59,31,16,-6.8,51,268,40,468
4000,dl.`,0.3464450777041944,56,37,13.79,43,16,-13.5,40,268,40,709
4000,iv)W,0.3206380800478673,65,20,15.96,64,14,0.23,43,306,15,595
4000,ej)F,0.3174354665963285,57,35,12.98,33,24,-14.95,41,261,15,380
4000,`j)F,0.29308587728236035,50,44,12.31,36,25,-11.51,37,261,15,380
4000,_p+.,0.2665722928668773,56,32,13.41,27,18,-1.6,37,283,25,76
4000,Is.E,0.2637076438129559,51,54,13.87,45,33,1.72,23,295,40,367
4000,_l)8,0.21460640712102005,63,41,11.61,46,26,-7.35,37,268,15,203
4000,is)F,0.18369111163327745,58,29,10.39,42,14,-9.08,43,295,15,380
4000,djC?,0.17740567691126677,45,37,9.87,48,27,-0.7,40,261,143,291
4000,is)p,0.17666477961697077,75,29,6.98,64,14,-0.61,43,295,15,911
4000,ui.:,0.1441462191336356,74,27,11.21,47,21,-6.91,51,257,40,228
4000,"Ls),",0.13918328087209958,43,55,6.38,31,29,-7.2,25,295,15,51
4000,dj.?,0.13812267677575632,48,39,22.42,38,21,-14.57,40,261,40,291
4000,mj..,0.13793587227164086,46,28,16.18,37,24,-16.16,46,261,40,76
4000,T+.F,0.1367192702436107,45,72,8.68,38,50,1.3,30,21,40,380
4000,XY+A,0.13531604461412597,47,87,13.56,42,68,-4.24,32,196,25,316
4000,sl.2,0.13503557702863103,51,29,7.66,36,19,-3.85,49,268,40,127
4000,dj.P,0.133008422552774,48,39,23.74,38,21,-14.03,40,261,40,506
4000,dj.P,0.133008422552774,48,39,23.74,38,21,-14.03,40,261,40,506
4000,ul(2,0.13288049839789304,61,21,8.87,53,13,3.03,51,268,10,127
4100,C)0[,1.284717390367518,52,63,9.41,54,31,6.54,19,14,49,646
4100,dj.i,0.5459377155296533,61,39,17.32,47,21,-10.64,40,261,40,823
4100,dj.E,0.4314895534711066,48,39,17.37,38,21,-11.8,40,261,40,367
4100,d+.k,0.42971014511200695,57,47,5.89,48,31,2.08,40,21,40,848
4100,d*.1,0.4143565104579701,46,41,7.08,40,25,5.36,40,18,40,114
4100,dl.@,0.40830904496892423,58,41,22.36,18,16,-20.89,40,268,40,304
4100,d*.N,0.4062089658418422,48,41,7.19,44,25,3.36,40,18,40,481
4100,d*..,0.3857248498918622,46,41,6.41,40,25,8.43,40,18,40,76
4100,d*.*,0.3835838101079513,43,41,6.34,40,25,7.94,40,18,40,25
4100,dl.^,0.36936948607865144,56,37,15.54,25,16,-15.99,40,268,40,684
4100,ir).,0.3507359464568293,44,29,14.91,38,13,-18.84,43,291,15,76
4100,ej)F,0.3174354665963285,57,35,12.98,33,24,-14.95,41,261,15,380
4100,`j)F,0.29308587728236035,50,44,12.31,36,25,-11.51,37,261,15,380
4100,Is.E,0.2637076438129559,51,54,13.87,45,33,1.72,23,295,40,367
4100,dk.F,0.2586698129931042,56,32,10.76,40,20,-11.0,40,264,40,380
4100,_l)8,0.21460640712102005,63,41,11.61,46,26,-7.35,37,268,15,203
4100,is)F,0.18369111163327745,58,29,10.39,42,14,-9.08,43,295,15,380
4100,ui.:,0.1441462191336356,74,27,11.21,47,21,-6.91,51,257,40,228
4100,"Ls),",0.13918328087209958,43,55,6.38,31,29,-7.2,25,295,15,51
4100,dj.?,0.13812267677575632,48,39,22.42,38,21,-14.57,40,261,40,291
4100,mj..,0.13793587227164086,46,28,16.18,37,24,-16.16,46,261,40,76
4100,T+.F,0.1367192702436107,45,72,8.68,38,50,1.3,30,21,40,380
4100,XY+A,0.13531604461412597,47,87,13.56,42,68,-4.24,32,196,25,316
4100,sl.2,0.13503557702863103,51,29,7.66,36,19,-3.85,49,268,40,127
4100,dj.P,0.133008422552774,48,39,23.74,38,21,-14.03,40,261,40,506
4100,ul(2,0.13288049839789304,61,21,8.87,53,13,3.03,51,268,10,127
4100,dj)),0.13236868630819063,39,41,19.17,34,23,-13.3,40,261,15,13
4100,hl+Q,0.12881674071815113,46,32,16.82,38,18,-18.74,43,268,25,519
4100,Tu.F,0.12864170451024357,67,31,13.56,45,24,0.36,30,302,40,380
4100,Ts.g,0.12772109751956517,52,46,14.45,72,22,6.15,30,295,40,797
