iteration,dna,fitness,training_log.win-rate,training_log.total,training_log.PNL,testing_log.win-rate,testing_log.total,testing_log.PNL,parameters.ott_len,parameters.ott_percent,parameters.stop_loss,parameters.risk_reward,parameters.chop_rsi_len,parameters.chop_bandwidth,parameters.tps_index
60,.2D9Vno,1.124467060316727,88,9,11.0,0,3,-3.18,8,263,148,37,39,22,153
60,3?t61]B,1.0238709677419355,48,137,151.85,36,22,0.53,13,346,385,34,9,17,56
60,(^;[jZ(,0.7380311793817043,40,65,61.18,37,16,3.18,2,542,104,72,55,16,0
60,3:NfJV-,0.6290322580645161,43,132,99.92,39,23,2.37,13,314,198,83,29,15,11
60,0>NtWwn,0.49625968451885916,83,6,11.81,50,2,-0.1,10,339,198,97,39,25,151
60,uYkSlpO,0.4923297025859305,62,8,27.29,100,4,2.87,78,510,341,64,56,23,84
60,5Uqf*]Z,0.4676359363473308,51,95,75.66,75,12,12.6,15,485,370,83,4,17,108
60,.^ar.lD,0.37483870967741933,42,125,121.06,47,17,5.81,8,542,291,95,7,22,60
60,4?a=t`l,0.3464758143642209,68,16,33.21,44,9,0.92,14,346,291,41,63,18,146
60,"e(g,5-.",0.3447339058686641,45,87,55.6,33,15,2.93,62,200,321,24,12,3,13
60,=-^=1:9,0.3251612903225806,43,136,103.09,40,22,2.65,23,232,277,41,9,6,37
60,:5TX0UA,0.30580645161290326,45,135,102.9,45,20,-2.1,20,282,227,69,8,15,54
60,"3BHZ,8n",0.28322580645161294,64,149,66.98,54,22,-0.66,13,365,168,71,5,6,151
60,"N,pgE0i",0.27612903225806446,55,101,80.18,47,17,5.86,40,225,365,84,25,3,140
60,u9?08fc,0.265418805135178,65,72,30.1,66,12,9.48,78,308,124,28,15,20,127
60,-Hg<;@E,0.2587096774193548,38,171,76.64,42,21,6.16,7,403,321,40,17,8,62
60,\0:b[+1,0.2503225806451613,43,132,51.85,45,22,-4.52,53,251,99,79,43,2,19
60,qAJQ/bS,0.2432011903938873,47,63,48.25,40,10,-1.42,74,358,178,62,8,19,93
60,49Pr.7k,0.23612903225806453,58,156,49.37,50,24,0.15,14,308,207,95,7,6,144
60,MP]EMqa,0.2306814906363192,58,29,35.31,62,8,1.34,39,453,272,49,32,23,123
60,)\FDnR/,0.22580645161290322,37,111,61.12,33,18,3.29,3,529,158,48,58,14,15
60,1`Mru+I,0.22129032258064518,36,127,54.68,53,15,7.22,11,554,193,95,63,2,71
60,cAOZIKt,0.22094782134643673,62,78,10.16,81,11,7.3,60,358,203,71,28,12,164
60,@;:b.@h,0.21870967741935485,44,156,13.3,52,25,-0.21,26,320,99,79,7,8,138
60,e.MTe2c,0.2167741935483871,51,103,29.54,70,17,2.46,62,238,193,65,51,4,127
60,=8Fo72),0.20258064516129032,40,140,79.67,43,23,0.02,23,301,158,92,14,4,2
60,2JIGMAD,0.19806451612903225,40,155,66.8,44,18,0.82,12,415,173,51,32,9,60
60,75KOP[D,0.1896774193548387,43,116,44.67,45,22,0.12,17,282,183,59,34,16,60
60,q:XRt(^,0.18873210589541792,51,74,40.23,54,11,2.85,74,314,247,63,63,1,116
60,+5DfvJI,0.1761290322580645,36,265,53.39,22,45,-1.36,5,282,148,83,64,11,71
60,.2D9Vno,1.124467060316727,88,9,11.0,0,3,-3.18,8,263,148,37,39,22,153
60,3?t61]B,1.0238709677419355,48,137,151.85,36,22,0.53,13,346,385,34,9,17,56
60,(^;[jZ(,0.7380311793817043,40,65,61.18,37,16,3.18,2,542,104,72,55,16,0
60,3:NfJV-,0.6290322580645161,43,132,99.92,39,23,2.37,13,314,198,83,29,15,11
60,0>NtWwn,0.49625968451885916,83,6,11.81,50,2,-0.1,10,339,198,97,39,25,151
60,uYkSlpO,0.4923297025859305,62,8,27.29,100,4,2.87,78,510,341,64,56,23,84
60,5Uqf*]Z,0.4676359363473308,51,95,75.66,75,12,12.6,15,485,370,83,4,17,108
60,.^ar.lD,0.37483870967741933,42,125,121.06,47,17,5.81,8,542,291,95,7,22,60
60,4?a=t`l,0.3464758143642209,68,16,33.21,44,9,0.92,14,346,291,41,63,18,146
60,"e(g,5-.",0.3447339058686641,45,87,55.6,33,15,2.93,62,200,321,24,12,3,13
60,=-^=1:9,0.3251612903225806,43,136,103.09,40,22,2.65,23,232,277,41,9,6,37
60,:5TX0UA,0.30580645161290326,45,135,102.9,45,20,-2.1,20,282,227,69,8,15,54
60,"3BHZ,8n",0.28322580645161294,64,149,66.98,54,22,-0.66,13,365,168,71,5,6,151
60,"N,pgE0i",0.27612903225806446,55,101,80.18,47,17,5.86,40,225,365,84,25,3,140
60,u9?08fc,0.265418805135178,65,72,30.1,66,12,9.48,78,308,124,28,15,20,127
60,-Hg<;@E,0.2587096774193548,38,171,76.64,42,21,6.16,7,403,321,40,17,8,62
60,\0:b[+1,0.2503225806451613,43,132,51.85,45,22,-4.52,53,251,99,79,43,2,19
60,qAJQ/bS,0.2432011903938873,47,63,48.25,40,10,-1.42,74,358,178,62,8,19,93
60,49Pr.7k,0.23612903225806453,58,156,49.37,50,24,0.15,14,308,207,95,7,6,144
60,MP]EMqa,0.2306814906363192,58,29,35.31,62,8,1.34,39,453,272,49,32,23,123
60,)\FDnR/,0.22580645161290322,37,111,61.12,33,18,3.29,3,529,158,48,58,14,15
60,1`Mru+I,0.22129032258064518,36,127,54.68,53,15,7.22,11,554,193,95,63,2,71
60,cAOZIKt,0.22094782134643673,62,78,10.16,81,11,7.3,60,358,203,71,28,12,164
60,@;:b.@h,0.21870967741935485,44,156,13.3,52,25,-0.21,26,320,99,79,7,8,138
60,e.MTe2c,0.2167741935483871,51,103,29.54,70,17,2.46,62,238,193,65,51,4,127
60,=8Fo72),0.20258064516129032,40,140,79.67,43,23,0.02,23,301,158,92,14,4,2
60,2JIGMAD,0.19806451612903225,40,155,66.8,44,18,0.82,12,415,173,51,32,9,60
60,75KOP[D,0.1896774193548387,43,116,44.67,45,22,0.12,17,282,183,59,34,16,60
60,q:XRt(^,0.18873210589541792,51,74,40.23,54,11,2.85,74,314,247,63,63,1,116
60,+5DfvJI,0.1761290322580645,36,265,53.39,22,45,-1.36,5,282,148,83,64,11,71
120,.2D9Vno,1.124467060316727,88,9,11.0,0,3,-3.18,8,263,148,37,39,22,153
120,3?t61]B,1.0238709677419355,48,137,151.85,36,22,0.53,13,346,385,34,9,17,56
120,(^;[jZ(,0.7380311793817043,40,65,61.18,37,16,3.18,2,542,104,72,55,16,0
120,3:NfJV-,0.6290322580645161,43,132,99.92,39,23,2.37,13,314,198,83,29,15,11
120,0>NtWwn,0.49625968451885916,83,6,11.81,50,2,-0.1,10,339,198,97,39,25,151
120,uYkSlpO,0.4923297025859305,62,8,27.29,100,4,2.87,78,510,341,64,56,23,84
120,5Uqf*]Z,0.4676359363473308,51,95,75.66,75,12,12.6,15,485,370,83,4,17,108
120,.^ar.lD,0.37483870967741933,42,125,121.06,47,17,5.81,8,542,291,95,7,22,60
120,4?a=t`l,0.3464758143642209,68,16,33.21,44,9,0.92,14,346,291,41,63,18,146
120,"e(g,5-.",0.3447339058686641,45,87,55.6,33,15,2.93,62,200,321,24,12,3,13
120,=-^=1:9,0.3251612903225806,43,136,103.09,40,22,2.65,23,232,277,41,9,6,37
120,:5TX0UA,0.30580645161290326,45,135,102.9,45,20,-2.1,20,282,227,69,8,15,54
120,"N,pgE0i",0.27612903225806446,55,101,80.18,47,17,5.86,40,225,365,84,25,3,140
120,-Hg<;@E,0.2587096774193548,38,171,76.64,42,21,6.16,7,403,321,40,17,8,62
120,\0:b[+1,0.2503225806451613,43,132,51.85,45,22,-4.52,53,251,99,79,43,2,19
120,qAJQ/bS,0.2432011903938873,47,63,48.25,40,10,-1.42,74,358,178,62,8,19,93
120,49Pr.7k,0.23612903225806453,58,156,49.37,50,24,0.15,14,308,207,95,7,6,144
120,MP]EMqa,0.2306814906363192,58,29,35.31,62,8,1.34,39,453,272,49,32,23,123
120,)\FDnR/,0.22580645161290322,37,111,61.12,33,18,3.29,3,529,158,48,58,14,15
120,1`Mru+I,0.22129032258064518,36,127,54.68,53,15,7.22,11,554,193,95,63,2,71
120,cAOZIKt,0.22094782134643673,62,78,10.16,81,11,7.3,60,358,203,71,28,12,164
120,=8Fo72),0.20258064516129032,40,140,79.67,43,23,0.02,23,301,158,92,14,4,2
120,2JIGMAD,0.19806451612903225,40,155,66.8,44,18,0.82,12,415,173,51,32,9,60
120,75KOP[D,0.1896774193548387,43,116,44.67,45,22,0.12,17,282,183,59,34,16,60
120,q:XRt(^,0.18873210589541792,51,74,40.23,54,11,2.85,74,314,247,63,63,1,116
120,+5DfvJI,0.1761290322580645,36,265,53.39,22,45,-1.36,5,282,148,83,64,11,71
120,0L]a<_P,0.17290322580645162,45,122,45.93,55,18,8.79,10,428,272,78,18,18,86
120,*3Xto_P,0.16844661903894273,60,15,8.67,0,2,-1.97,4,270,247,97,59,18,86
120,]])<Bw;,0.16218594058721733,64,39,-15.41,100,14,3.78,54,535,15,40,23,25,41
120,v;6A/-K,0.155144542547745,58,99,10.11,68,16,12.18,79,320,79,45,8,3,75
180,.2D9Vno,1.124467060316727,88,9,11.0,0,3,-3.18,8,263,148,37,39,22,153
180,3?t61]B,1.0238709677419355,48,137,151.85,36,22,0.53,13,346,385,34,9,17,56
180,(^;[jZ(,0.7380311793817043,40,65,61.18,37,16,3.18,2,542,104,72,55,16,0
180,3:NfJV-,0.6290322580645161,43,132,99.92,39,23,2.37,13,314,198,83,29,15,11
180,0>NtWwn,0.49625968451885916,83,6,11.81,50,2,-0.1,10,339,198,97,39,25,151
180,uYkSlpO,0.4923297025859305,62,8,27.29,100,4,2.87,78,510,341,64,56,23,84
180,5Uqf*]Z,0.4676359363473308,51,95,75.66,75,12,12.6,15,485,370,83,4,17,108
180,.^ar.lD,0.37483870967741933,42,125,121.06,47,17,5.81,8,542,291,95,7,22,60
180,4?a=t`l,0.3464758143642209,68,16,33.21,44,9,0.92,14,346,291,41,63,18,146
180,=-^=1:9,0.3251612903225806,43,136,103.09,40,22,2.65,23,232,277,41,9,6,37
180,:5TX0UA,0.30580645161290326,45,135,102.9,45,20,-2.1,20,282,227,69,8,15,54
180,"N,pgE0i",0.27612903225806446,55,101,80.18,47,17,5.86,40,225,365,84,25,3,140
180,-Hg<;@E,0.2587096774193548,38,171,76.64,42,21,6.16,7,403,321,40,17,8,62
180,\0:b[+1,0.2503225806451613,43,132,51.85,45,22,-4.52,53,251,99,79,43,2,19
180,qAJQ/bS,0.2432011903938873,47,63,48.25,40,10,-1.42,74,358,178,62,8,19,93
180,MP]EMqa,0.2306814906363192,58,29,35.31,62,8,1.34,39,453,272,49,32,23,123
180,)\FDnR/,0.22580645161290322,37,111,61.12,33,18,3.29,3,529,158,48,58,14,15
180,1`Mru+I,0.22129032258064518,36,127,54.68,53,15,7.22,11,554,193,95,63,2,71
180,=8Fo72),0.20258064516129032,40,140,79.67,43,23,0.02,23,301,158,92,14,4,2
180,2JIGMAD,0.19806451612903225,40,155,66.8,44,18,0.82,12,415,173,51,32,9,60
180,75KOP[D,0.1896774193548387,43,116,44.67,45,22,0.12,17,282,183,59,34,16,60
180,q:XRt(^,0.18873210589541792,51,74,40.23,54,11,2.85,74,314,247,63,63,1,116
180,+5DfvJI,0.1761290322580645,36,265,53.39,22,45,-1.36,5,282,148,83,64,11,71
180,0L]a<_P,0.17290322580645162,45,122,45.93,55,18,8.79,10,428,272,78,18,18,86
180,*3Xto_P,0.16844661903894273,60,15,8.67,0,2,-1.97,4,270,247,97,59,18,86
180,]])<Bw;,0.16218594058721733,64,39,-15.41,100,14,3.78,54,535,15,40,23,25,41
180,v;6A/-K,0.155144542547745,58,99,10.11,68,16,12.18,79,320,79,45,8,3,75
180,"*:l,FP;",0.15483870967741936,30,273,53.76,28,39,17.06,4,314,346,24,26,13,41
180,"Z,McYkh",0.1511717898757839,67,34,27.38,71,7,1.02,51,225,193,80,41,21,138
180,.*cNbGv,0.14903225806451614,40,247,47.71,34,35,6.86,8,213,301,58,48,10,168
240,.2D9Vno,1.124467060316727,88,9,11.0,0,3,-3.18,8,263,148,37,39,22,153
240,(^;[jZ(,0.7380311793817043,40,65,61.18,37,16,3.18,2,542,104,72,55,16,0
240,0>NtWwn,0.49625968451885916,83,6,11.81,50,2,-0.1,10,339,198,97,39,25,151
240,uYkSlpO,0.4923297025859305,62,8,27.29,100,4,2.87,78,510,341,64,56,23,84
240,5Uqf*]Z,0.4676359363473308,51,95,75.66,75,12,12.6,15,485,370,83,4,17,108
240,.^ar.lD,0.37483870967741933,42,125,121.06,47,17,5.81,8,542,291,95,7,22,60
240,4?a=t`l,0.3464758143642209,68,16,33.21,44,9,0.92,14,346,291,41,63,18,146
240,=-^=1:9,0.3251612903225806,43,136,103.09,40,22,2.65,23,232,277,41,9,6,37
240,:5TX0UA,0.30580645161290326,45,135,102.9,45,20,-2.1,20,282,227,69,8,15,54
240,"N,pgE0i",0.27612903225806446,55,101,80.18,47,17,5.86,40,225,365,84,25,3,140
240,-Hg<;@E,0.2587096774193548,38,171,76.64,42,21,6.16,7,403,321,40,17,8,62
240,\0:b[+1,0.2503225806451613,43,132,51.85,45,22,-4.52,53,251,99,79,43,2,19
240,qAJQ/bS,0.2432011903938873,47,63,48.25,40,10,-1.42,74,358,178,62,8,19,93
240,MP]EMqa,0.2306814906363192,58,29,35.31,62,8,1.34,39,453,272,49,32,23,123
240,)\FDnR/,0.22580645161290322,37,111,61.12,33,18,3.29,3,529,158,48,58,14,15
240,1`Mru+I,0.22129032258064518,36,127,54.68,53,15,7.22,11,554,193,95,63,2,71
240,=8Fo72),0.20258064516129032,40,140,79.67,43,23,0.02,23,301,158,92,14,4,2
240,2JIGMAD,0.19806451612903225,40,155,66.8,44,18,0.82,12,415,173,51,32,9,60
240,q:XRt(^,0.18873210589541792,51,74,40.23,54,11,2.85,74,314,247,63,63,1,116
240,+5DfvJI,0.1761290322580645,36,265,53.39,22,45,-1.36,5,282,148,83,64,11,71
240,0L]a<_P,0.17290322580645162,45,122,45.93,55,18,8.79,10,428,272,78,18,18,86
240,]])<Bw;,0.16218594058721733,64,39,-15.41,100,14,3.78,54,535,15,40,23,25,41
240,v;6A/-K,0.155144542547745,58,99,10.11,68,16,12.18,79,320,79,45,8,3,75
240,"*:l,FP;",0.15483870967741936,30,273,53.76,28,39,17.06,4,314,346,24,26,13,41
240,"Z,McYkh",0.1511717898757839,67,34,27.38,71,7,1.02,51,225,193,80,41,21,138
240,.*cNbGv,0.14903225806451614,40,247,47.71,34,35,6.86,8,213,301,58,48,10,168
240,^GD*qaY,0.14832828110666396,64,39,17.34,58,12,7.56,55,396,148,22,60,18,105
240,"L3S,Jc,",0.1458743903364596,50,78,38.32,40,15,2.58,38,270,222,24,29,19,9
240,[Ua\997,0.14255164588825806,40,67,64.76,50,10,6.56,52,485,291,73,16,6,32
240,(\v[8.G,0.13806451612903223,32,227,77.55,35,28,12.76,2,529,395,72,15,3,67
300,.2D9Vno,1.124467060316727,88,9,11.0,0,3,-3.18,8,263,148,37,39,22,153
300,(^;[jZ(,0.7380311793817043,40,65,61.18,37,16,3.18,2,542,104,72,55,16,0
300,0>NtWwn,0.49625968451885916,83,6,11.81,50,2,-0.1,10,339,198,97,39,25,151
300,5Uqf*]Z,0.4676359363473308,51,95,75.66,75,12,12.6,15,485,370,83,4,17,108
300,.^ar.lD,0.37483870967741933,42,125,121.06,47,17,5.81,8,542,291,95,7,22,60
300,4?a=t`l,0.3464758143642209,68,16,33.21,44,9,0.92,14,346,291,41,63,18,146
300,=-^=1:9,0.3251612903225806,43,136,103.09,40,22,2.65,23,232,277,41,9,6,37
300,:5TX0UA,0.30580645161290326,45,135,102.9,45,20,-2.1,20,282,227,69,8,15,54
300,"N,pgE0i",0.27612903225806446,55,101,80.18,47,17,5.86,40,225,365,84,25,3,140
300,-Hg<;@E,0.2587096774193548,38,171,76.64,42,21,6.16,7,403,321,40,17,8,62
300,\0:b[+1,0.2503225806451613,43,132,51.85,45,22,-4.52,53,251,99,79,43,2,19
300,qAJQ/bS,0.2432011903938873,47,63,48.25,40,10,-1.42,74,358,178,62,8,19,93
300,MP]EMqa,0.2306814906363192,58,29,35.31,62,8,1.34,39,453,272,49,32,23,123
300,)\FDnR/,0.22580645161290322,37,111,61.12,33,18,3.29,3,529,158,48,58,14,15
300,1`Mru+I,0.22129032258064518,36,127,54.68,53,15,7.22,11,554,193,95,63,2,71
300,=8Fo72),0.20258064516129032,40,140,79.67,43,23,0.02,23,301,158,92,14,4,2
300,q:XRt(^,0.18873210589541792,51,74,40.23,54,11,2.85,74,314,247,63,63,1,116
300,+5DfvJI,0.1761290322580645,36,265,53.39,22,45,-1.36,5,282,148,83,64,11,71
300,0L]a<_P,0.17290322580645162,45,122,45.93,55,18,8.79,10,428,272,78,18,18,86
300,]])<Bw;,0.16218594058721733,64,39,-15.41,100,14,3.78,54,535,15,40,23,25,41
300,v;6A/-K,0.155144542547745,58,99,10.11,68,16,12.18,79,320,79,45,8,3,75
300,:MqI*X^,0.15393562646611933,55,92,74.68,64,14,10.57,20,434,370,53,4,16,116
300,:MuI*X^,0.15229966953205923,53,91,74.14,64,14,11.24,20,434,390,53,4,16,116
300,"Z,McYkh",0.1511717898757839,67,34,27.38,71,7,1.02,51,225,193,80,41,21,138
300,.*cNbGv,0.14903225806451614,40,247,47.71,34,35,6.86,8,213,301,58,48,10,168
300,^GD*qaY,0.14832828110666396,64,39,17.34,58,12,7.56,55,396,148,22,60,18,105
300,"L3S,Jc,",0.1458743903364596,50,78,38.32,40,15,2.58,38,270,222,24,29,19,9
300,[Ua\997,0.14255164588825806,40,67,64.76,50,10,6.56,52,485,291,73,16,6,32
300,0jVbK>a,0.13741935483870968,49,100,43.81,60,10,5.6,10,618,237,79,30,8,123
300,u:4-g1D,0.13032258064516128,66,107,-0.72,76,17,7.53,78,314,69,25,52,4,60
360,.2D9Vno,1.124467060316727,88,9,11.0,0,3,-3.18,8,263,148,37,39,22,153
360,(^;[jZ(,0.7380311793817043,40,65,61.18,37,16,3.18,2,542,104,72,55,16,0
360,0>NtWwn,0.49625968451885916,83,6,11.81,50,2,-0.1,10,339,198,97,39,25,151
360,5Uqf*]Z,0.4676359363473308,51,95,75.66,75,12,12.6,15,485,370,83,4,17,108
360,.^ar.lD,0.37483870967741933,42,125,121.06,47,17,5.81,8,542,291,95,7,22,60
360,4?a=t`l,0.3464758143642209,68,16,33.21,44,9,0.92,14,346,291,41,63,18,146
360,=-^=1:9,0.3251612903225806,43,136,103.09,40,22,2.65,23,232,277,41,9,6,37
360,:5TX0UA,0.30580645161290326,45,135,102.9,45,20,-2.1,20,282,227,69,8,15,54
360,"N,pgE0i",0.27612903225806446,55,101,80.18,47,17,5.86,40,225,365,84,25,3,140
360,-Hg<;@E,0.2587096774193548,38,171,76.64,42,21,6.16,7,403,321,40,17,8,62
360,\0:b[+1,0.2503225806451613,43,132,51.85,45,22,-4.52,53,251,99,79,43,2,19
360,qAJQ/bS,0.2432011903938873,47,63,48.25,40,10,-1.42,74,358,178,62,8,19,93
360,MP]EMqa,0.2306814906363192,58,29,35.31,62,8,1.34,39,453,272,49,32,23,123
360,)\FDnR/,0.22580645161290322,37,111,61.12,33,18,3.29,3,529,158,48,58,14,15
360,1`Mru+I,0.22129032258064518,36,127,54.68,53,15,7.22,11,554,193,95,63,2,71
360,=8Fo72),0.20258064516129032,40,140,79.67,43,23,0.02,23,301,158,92,14,4,2
360,q:XRt(^,0.18873210589541792,51,74,40.23,54,11,2.85,74,314,247,63,63,1,116
360,+5DfvJI,0.1761290322580645,36,265,53.39,22,45,-1.36,5,282,148,83,64,11,71
360,0L]a<_P,0.17290322580645162,45,122,45.93,55,18,8.79,10,428,272,78,18,18,86
360,]])<Bw;,0.16218594058721733,64,39,-15.41,100,14,3.78,54,535,15,40,23,25,41
360,v;6A/-K,0.155144542547745,58,99,10.11,68,16,12.18,79,320,79,45,8,3,75
360,:MqI*X^,0.15393562646611933,55,92,74.68,64,14,10.57,20,434,370,53,4,16,116
360,:MuI*X^,0.15229966953205923,53,91,74.14,64,14,11.24,20,434,390,53,4,16,116
360,"Z,McYkh",0.1511717898757839,67,34,27.38,71,7,1.02,51,225,193,80,41,21,138
360,.*cNbGv,0.14903225806451614,40,247,47.71,34,35,6.86,8,213,301,58,48,10,168
360,^GD*qaY,0.14832828110666396,64,39,17.34,58,12,7.56,55,396,148,22,60,18,105
360,"L3S,Jc,",0.1458743903364596,50,78,38.32,40,15,2.58,38,270,222,24,29,19,9
360,[Ua\997,0.14255164588825806,40,67,64.76,50,10,6.56,52,485,291,73,16,6,32
360,0jVbK>a,0.13741935483870968,49,100,43.81,60,10,5.6,10,618,237,79,30,8,123
360,u:4-g1D,0.13032258064516128,66,107,-0.72,76,17,7.53,78,314,69,25,52,4,60
420,.2D9Vno,1.124467060316727,88,9,11.0,0,3,-3.18,8,263,148,37,39,22,153
420,(^;[jZ(,0.7380311793817043,40,65,61.18,37,16,3.18,2,542,104,72,55,16,0
420,0>NtWwn,0.49625968451885916,83,6,11.81,50,2,-0.1,10,339,198,97,39,25,151
420,5Uqf*]Z,0.4676359363473308,51,95,75.66,75,12,12.6,15,485,370,83,4,17,108
420,.^ar.lD,0.37483870967741933,42,125,121.06,47,17,5.81,8,542,291,95,7,22,60
420,=-^=1:9,0.3251612903225806,43,136,103.09,40,22,2.65,23,232,277,41,9,6,37
420,:5TX0UA,0.30580645161290326,45,135,102.9,45,20,-2.1,20,282,227,69,8,15,54
420,"N,pgE0i",0.27612903225806446,55,101,80.18,47,17,5.86,40,225,365,84,25,3,140
420,-Hg<;@E,0.2587096774193548,38,171,76.64,42,21,6.16,7,403,321,40,17,8,62
420,\0:b[+1,0.2503225806451613,43,132,51.85,45,22,-4.52,53,251,99,79,43,2,19
420,qAJQ/bS,0.2432011903938873,47,63,48.25,40,10,-1.42,74,358,178,62,8,19,93
420,MP]EMqa,0.2306814906363192,58,29,35.31,62,8,1.34,39,453,272,49,32,23,123
420,)\FDnR/,0.22580645161290322,37,111,61.12,33,18,3.29,3,529,158,48,58,14,15
420,1`Mru+I,0.22129032258064518,36,127,54.68,53,15,7.22,11,554,193,95,63,2,71
420,=8Fo72),0.20258064516129032,40,140,79.67,43,23,0.02,23,301,158,92,14,4,2
420,q:XRt(^,0.18873210589541792,51,74,40.23,54,11,2.85,74,314,247,63,63,1,116
420,+5DfvJI,0.1761290322580645,36,265,53.39,22,45,-1.36,5,282,148,83,64,11,71
420,0L]a<_P,0.17290322580645162,45,122,45.93,55,18,8.79,10,428,272,78,18,18,86
420,]])<Bw;,0.16218594058721733,64,39,-15.41,100,14,3.78,54,535,15,40,23,25,41
420,v;6A/-K,0.155144542547745,58,99,10.11,68,16,12.18,79,320,79,45,8,3,75
420,:MqI*X^,0.15393562646611933,55,92,74.68,64,14,10.57,20,434,370,53,4,16,116
420,:MuI*X^,0.15229966953205923,53,91,74.14,64,14,11.24,20,434,390,53,4,16,116
420,"Z,McYkh",0.1511717898757839,67,34,27.38,71,7,1.02,51,225,193,80,41,21,138
420,.*cNbGv,0.14903225806451614,40,247,47.71,34,35,6.86,8,213,301,58,48,10,168
420,^GD*qaY,0.14832828110666396,64,39,17.34,58,12,7.56,55,396,148,22,60,18,105
420,"L3S,Jc,",0.1458743903364596,50,78,38.32,40,15,2.58,38,270,222,24,29,19,9
420,[Ua\997,0.14255164588825806,40,67,64.76,50,10,6.56,52,485,291,73,16,6,32
420,0jVbK>a,0.13741935483870968,49,100,43.81,60,10,5.6,10,618,237,79,30,8,123
420,WA9r3l\,0.12795950487697885,46,88,20.6,60,15,5.3,48,358,94,95,11,22,112
420,5-F3EA:,0.12451612903225806,43,208,40.68,36,33,4.36,15,232,158,31,25,9,39
480,.2D9Vno,1.124467060316727,88,9,11.0,0,3,-3.18,8,263,148,37,39,22,153
480,(^;[jZ(,0.7380311793817043,40,65,61.18,37,16,3.18,2,542,104,72,55,16,0
480,0>NtWwn,0.49625968451885916,83,6,11.81,50,2,-0.1,10,339,198,97,39,25,151
480,5Uqf*]Z,0.4676359363473308,51,95,75.66,75,12,12.6,15,485,370,83,4,17,108
480,.^ar.lD,0.37483870967741933,42,125,121.06,47,17,5.81,8,542,291,95,7,22,60
480,=-^=1:9,0.3251612903225806,43,136,103.09,40,22,2.65,23,232,277,41,9,6,37
480,:5TX0UA,0.30580645161290326,45,135,102.9,45,20,-2.1,20,282,227,69,8,15,54
480,"N,pgE0i",0.27612903225806446,55,101,80.18,47,17,5.86,40,225,365,84,25,3,140
480,-Hg<;@E,0.2587096774193548,38,171,76.64,42,21,6.16,7,403,321,40,17,8,62
480,\0:b[+1,0.2503225806451613,43,132,51.85,45,22,-4.52,53,251,99,79,43,2,19
480,qAJQ/bS,0.2432011903938873,47,63,48.25,40,10,-1.42,74,358,178,62,8,19,93
480,MP]EMqa,0.2306814906363192,58,29,35.31,62,8,1.34,39,453,272,49,32,23,123
480,)\FDnR/,0.22580645161290322,37,111,61.12,33,18,3.29,3,529,158,48,58,14,15
480,1`Mru+I,0.22129032258064518,36,127,54.68,53,15,7.22,11,554,193,95,63,2,71
480,=8Fo72),0.20258064516129032,40,140,79.67,43,23,0.02,23,301,158,92,14,4,2
480,q:XRt(^,0.18873210589541792,51,74,40.23,54,11,2.85,74,314,247,63,63,1,116
480,+5DfvJI,0.1761290322580645,36,265,53.39,22,45,-1.36,5,282,148,83,64,11,71
480,0L]a<_P,0.17290322580645162,45,122,45.93,55,18,8.79,10,428,272,78,18,18,86
480,v;6A/-K,0.155144542547745,58,99,10.11,68,16,12.18,79,320,79,45,8,3,75
480,:MqI*X^,0.15393562646611933,55,92,74.68,64,14,10.57,20,434,370,53,4,16,116
480,:MuI*X^,0.15229966953205923,53,91,74.14,64,14,11.24,20,434,390,53,4,16,116
480,"Z,McYkh",0.1511717898757839,67,34,27.38,71,7,1.02,51,225,193,80,41,21,138
480,.*cNbGv,0.14903225806451614,40,247,47.71,34,35,6.86,8,213,301,58,48,10,168
480,^GD*qaY,0.14832828110666396,64,39,17.34,58,12,7.56,55,396,148,22,60,18,105
480,"L3S,Jc,",0.1458743903364596,50,78,38.32,40,15,2.58,38,270,222,24,29,19,9
480,[Ua\997,0.14255164588825806,40,67,64.76,50,10,6.56,52,485,291,73,16,6,32
480,",dfh*RS",0.14129032258064517,44,132,118.5,64,17,9.55,6,580,316,85,4,14,93
480,0jVbK>a,0.13741935483870968,49,100,43.81,60,10,5.6,10,618,237,79,30,8,123
480,WA9r3l\,0.12795950487697885,46,88,20.6,60,15,5.3,48,358,94,95,11,22,112
480,5-F3EA:,0.12451612903225806,43,208,40.68,36,33,4.36,15,232,158,31,25,9,39
540,.2D9Vno,1.124467060316727,88,9,11.0,0,3,-3.18,8,263,148,37,39,22,153
540,(^;[jZ(,0.7380311793817043,40,65,61.18,37,16,3.18,2,542,104,72,55,16,0
540,0>NtWwn,0.49625968451885916,83,6,11.81,50,2,-0.1,10,339,198,97,39,25,151
540,.^ar.lD,0.37483870967741933,42,125,121.06,47,17,5.81,8,542,291,95,7,22,60
540,=-^=1:9,0.3251612903225806,43,136,103.09,40,22,2.65,23,232,277,41,9,6,37
540,:5TX0UA,0.30580645161290326,45,135,102.9,45,20,-2.1,20,282,227,69,8,15,54
540,"N,pgE0i",0.27612903225806446,55,101,80.18,47,17,5.86,40,225,365,84,25,3,140
540,-Hg<;@E,0.2587096774193548,38,171,76.64,42,21,6.16,7,403,321,40,17,8,62
540,qAJQ/bS,0.2432011903938873,47,63,48.25,40,10,-1.42,74,358,178,62,8,19,93
540,MP]EMqa,0.2306814906363192,58,29,35.31,62,8,1.34,39,453,272,49,32,23,123
540,)\FDnR/,0.22580645161290322,37,111,61.12,33,18,3.29,3,529,158,48,58,14,15
540,1`Mru+I,0.22129032258064518,36,127,54.68,53,15,7.22,11,554,193,95,63,2,71
540,=8Fo72),0.20258064516129032,40,140,79.67,43,23,0.02,23,301,158,92,14,4,2
540,q:XRt(^,0.18873210589541792,51,74,40.23,54,11,2.85,74,314,247,63,63,1,116
540,+5DfvJI,0.1761290322580645,36,265,53.39,22,45,-1.36,5,282,148,83,64,11,71
540,0L]a<_P,0.17290322580645162,45,122,45.93,55,18,8.79,10,428,272,78,18,18,86
540,v;6A/-K,0.155144542547745,58,99,10.11,68,16,12.18,79,320,79,45,8,3,75
540,:MqI*X^,0.15393562646611933,55,92,74.68,64,14,10.57,20,434,370,53,4,16,116
540,:MuI*X^,0.15229966953205923,53,91,74.14,64,14,11.24,20,434,390,53,4,16,116
540,"Z,McYkh",0.1511717898757839,67,34,27.38,71,7,1.02,51,225,193,80,41,21,138
540,.*cNbGv,0.14903225806451614,40,247,47.71,34,35,6.86,8,213,301,58,48,10,168
540,^GD*qaY,0.14832828110666396,64,39,17.34,58,12,7.56,55,396,148,22,60,18,105
540,"L3S,Jc,",0.1458743903364596,50,78,38.32,40,15,2.58,38,270,222,24,29,19,9
540,[Ua\997,0.14255164588825806,40,67,64.76,50,10,6.56,52,485,291,73,16,6,32
540,0jVbK>a,0.13741935483870968,49,100,43.81,60,10,5.6,10,618,237,79,30,8,123
540,5-F3EA:,0.12451612903225806,43,208,40.68,36,33,4.36,15,232,158,31,25,9,39
540,\THUeSD,0.11465858159808466,38,71,20.29,33,12,1.5,53,478,168,66,51,14,60
540,lEi_6SR,0.1028236651921245,45,59,18.57,62,8,6.01,69,384,331,76,13,14,90
540,\I0KO9A,0.10258064516129033,54,118,8.64,70,17,14.61,53,409,49,55,33,6,54
540,:F8v6pL,0.1,42,128,28.32,45,20,7.59,20,390,89,99,13,23,77
600,.2D9Vno,1.124467060316727,88,9,11.0,0,3,-3.18,8,263,148,37,39,22,153
600,(^;[jZ(,0.7380311793817043,40,65,61.18,37,16,3.18,2,542,104,72,55,16,0
600,0>NtWwn,0.49625968451885916,83,6,11.81,50,2,-0.1,10,339,198,97,39,25,151
600,.^ar.lD,0.37483870967741933,42,125,121.06,47,17,5.81,8,542,291,95,7,22,60
600,=-^=1:9,0.3251612903225806,43,136,103.09,40,22,2.65,23,232,277,41,9,6,37
600,:5TX0UA,0.30580645161290326,45,135,102.9,45,20,-2.1,20,282,227,69,8,15,54
600,"N,pgE0i",0.27612903225806446,55,101,80.18,47,17,5.86,40,225,365,84,25,3,140
600,-Hg<;@E,0.2587096774193548,38,171,76.64,42,21,6.16,7,403,321,40,17,8,62
600,qAJQ/bS,0.2432011903938873,47,63,48.25,40,10,-1.42,74,358,178,62,8,19,93
600,MP]EMqa,0.2306814906363192,58,29,35.31,62,8,1.34,39,453,272,49,32,23,123
600,)\FDnR/,0.22580645161290322,37,111,61.12,33,18,3.29,3,529,158,48,58,14,15
600,1`Mru+I,0.22129032258064518,36,127,54.68,53,15,7.22,11,554,193,95,63,2,71
600,=8Fo72),0.20258064516129032,40,140,79.67,43,23,0.02,23,301,158,92,14,4,2
600,q:XRt(^,0.18873210589541792,51,74,40.23,54,11,2.85,74,314,247,63,63,1,116
600,0L]a<_P,0.17290322580645162,45,122,45.93,55,18,8.79,10,428,272,78,18,18,86
600,v;6A/-K,0.155144542547745,58,99,10.11,68,16,12.18,79,320,79,45,8,3,75
600,:MqI*X^,0.15393562646611933,55,92,74.68,64,14,10.57,20,434,370,53,4,16,116
600,"Z,McYkh",0.1511717898757839,67,34,27.38,71,7,1.02,51,225,193,80,41,21,138
600,.*cNbGv,0.14903225806451614,40,247,47.71,34,35,6.86,8,213,301,58,48,10,168
600,^GD*qaY,0.14832828110666396,64,39,17.34,58,12,7.56,55,396,148,22,60,18,105
600,"L3S,Jc,",0.1458743903364596,50,78,38.32,40,15,2.58,38,270,222,24,29,19,9
600,[Ua\997,0.14255164588825806,40,67,64.76,50,10,6.56,52,485,291,73,16,6,32
600,0jVbK>a,0.13741935483870968,49,100,43.81,60,10,5.6,10,618,237,79,30,8,123
600,5-F3EA:,0.12451612903225806,43,208,40.68,36,33,4.36,15,232,158,31,25,9,39
600,\THUeSD,0.11465858159808466,38,71,20.29,33,12,1.5,53,478,168,66,51,14,60
600,lEi_6SR,0.1028236651921245,45,59,18.57,62,8,6.01,69,384,331,76,13,14,90
600,:F8v6pL,0.1,42,128,28.32,45,20,7.59,20,390,89,99,13,23,77
600,",_fG*eH",0.1,36,149,110.7,47,19,7.42,6,548,316,51,4,20,69
600,BpTFuak,0.09971361895999793,60,23,16.52,62,8,2.37,28,656,227,50,63,18,144
600,nVoBEBO,0.09742273392763501,43,57,21.11,55,9,4.12,71,491,361,46,25,9,84
660,.2D9Vno,1.124467060316727,88,9,11.0,0,3,-3.18,8,263,148,37,39,22,153
660,(^;[jZ(,0.7380311793817043,40,65,61.18,37,16,3.18,2,542,104,72,55,16,0
660,0>NtWwn,0.49625968451885916,83,6,11.81,50,2,-0.1,10,339,198,97,39,25,151
660,.^ar.lD,0.37483870967741933,42,125,121.06,47,17,5.81,8,542,291,95,7,22,60
660,=-^=1:9,0.3251612903225806,43,136,103.09,40,22,2.65,23,232,277,41,9,6,37
660,:5TX0UA,0.30580645161290326,45,135,102.9,45,20,-2.1,20,282,227,69,8,15,54
660,"N,pgE0i",0.27612903225806446,55,101,80.18,47,17,5.86,40,225,365,84,25,3,140
660,-Hg<;@E,0.2587096774193548,38,171,76.64,42,21,6.16,7,403,321,40,17,8,62
660,qAJQ/bS,0.2432011903938873,47,63,48.25,40,10,-1.42,74,358,178,62,8,19,93
660,MP]EMqa,0.2306814906363192,58,29,35.31,62,8,1.34,39,453,272,49,32,23,123
660,)\FDnR/,0.22580645161290322,37,111,61.12,33,18,3.29,3,529,158,48,58,14,15
660,1`Mru+I,0.22129032258064518,36,127,54.68,53,15,7.22,11,554,193,95,63,2,71
660,=8Fo72),0.20258064516129032,40,140,79.67,43,23,0.02,23,301,158,92,14,4,2
660,q:XRt(^,0.18873210589541792,51,74,40.23,54,11,2.85,74,314,247,63,63,1,116
660,:7fs*j9,0.17870967741935484,48,111,156.3,25,20,-7.8,20,295,316,96,4,21,37
660,0L]a<_P,0.17290322580645162,45,122,45.93,55,18,8.79,10,428,272,78,18,18,86
660,",Qfs*j9",0.15806451612903227,38,163,127.9,40,20,5.51,6,459,316,96,4,21,37
660,v;6A/-K,0.155144542547745,58,99,10.11,68,16,12.18,79,320,79,45,8,3,75
660,:MqI*X^,0.15393562646611933,55,92,74.68,64,14,10.57,20,434,370,53,4,16,116
660,"Z,McYkh",0.1511717898757839,67,34,27.38,71,7,1.02,51,225,193,80,41,21,138
660,.*cNbGv,0.14903225806451614,40,247,47.71,34,35,6.86,8,213,301,58,48,10,168
660,"L3S,Jc,",0.1458743903364596,50,78,38.32,40,15,2.58,38,270,222,24,29,19,9
660,[Ua\997,0.14255164588825806,40,67,64.76,50,10,6.56,52,485,291,73,16,6,32
660,5-F3EA:,0.12451612903225806,43,208,40.68,36,33,4.36,15,232,158,31,25,9,39
660,\THUeSD,0.11465858159808466,38,71,20.29,33,12,1.5,53,478,168,66,51,14,60
660,",Sfs*j9",0.1038709677419355,37,159,91.06,47,19,8.0,6,472,316,96,4,21,37
660,lEi_6SR,0.1028236651921245,45,59,18.57,62,8,6.01,69,384,331,76,13,14,90
660,:F8v6pL,0.1,42,128,28.32,45,20,7.59,20,390,89,99,13,23,77
660,",_fG*eH",0.1,36,149,110.7,47,19,7.42,6,548,316,51,4,20,69
660,BpTFuak,0.09971361895999793,60,23,16.52,62,8,2.37,28,656,227,50,63,18,144
720,.2D9Vno,1.124467060316727,88,9,11.0,0,3,-3.18,8,263,148,37,39,22,153
720,(^;[jZ(,0.7380311793817043,40,65,61.18,37,16,3.18,2,542,104,72,55,16,0
720,0>NtWwn,0.49625968451885916,83,6,11.81,50,2,-0.1,10,339,198,97,39,25,151
720,.^ar.lD,0.37483870967741933,42,125,121.06,47,17,5.81,8,542,291,95,7,22,60
720,:5TX0UA,0.30580645161290326,45,135,102.9,45,20,-2.1,20,282,227,69,8,15,54
720,"N,pgE0i",0.27612903225806446,55,101,80.18,47,17,5.86,40,225,365,84,25,3,140
720,-Hg<;@E,0.2587096774193548,38,171,76.64,42,21,6.16,7,403,321,40,17,8,62
720,qAJQ/bS,0.2432011903938873,47,63,48.25,40,10,-1.42,74,358,178,62,8,19,93
720,MP]EMqa,0.2306814906363192,58,29,35.31,62,8,1.34,39,453,272,49,32,23,123
720,)\FDnR/,0.22580645161290322,37,111,61.12,33,18,3.29,3,529,158,48,58,14,15
720,1`Mru+I,0.22129032258064518,36,127,54.68,53,15,7.22,11,554,193,95,63,2,71
720,=8Fo72),0.20258064516129032,40,140,79.67,43,23,0.02,23,301,158,92,14,4,2
720,q:XRt(^,0.18873210589541792,51,74,40.23,54,11,2.85,74,314,247,63,63,1,116
720,:7fs*j9,0.17870967741935484,48,111,156.3,25,20,-7.8,20,295,316,96,4,21,37
720,-7fs*j*,0.16,36,212,146.08,22,35,-9.85,7,295,316,96,4,21,4
720,",Qfs*j9",0.15806451612903227,38,163,127.9,40,20,5.51,6,459,316,96,4,21,37
720,v;6A/-K,0.155144542547745,58,99,10.11,68,16,12.18,79,320,79,45,8,3,75
720,:MqI*X^,0.15393562646611933,55,92,74.68,64,14,10.57,20,434,370,53,4,16,116
720,"Z,McYkh",0.1511717898757839,67,34,27.38,71,7,1.02,51,225,193,80,41,21,138
720,.*cNbGv,0.14903225806451614,40,247,47.71,34,35,6.86,8,213,301,58,48,10,168
720,"L3S,Jc,",0.1458743903364596,50,78,38.32,40,15,2.58,38,270,222,24,29,19,9
720,",8fs*j*",0.14451612903225808,37,234,117.85,21,37,-10.68,6,301,316,96,4,21,4
720,[Ua\997,0.14255164588825806,40,67,64.76,50,10,6.56,52,485,291,73,16,6,32
720,5-F3EA:,0.12451612903225806,43,208,40.68,36,33,4.36,15,232,158,31,25,9,39
720,",mfs*j*",0.12000000000000001,35,114,98.44,61,13,10.01,6,637,316,96,4,21,4
720,\THUeSD,0.11465858159808466,38,71,20.29,33,12,1.5,53,478,168,66,51,14,60
720,",Tfs*j*",0.10967741935483871,37,156,90.59,42,19,6.58,6,478,316,96,4,21,4
720,",Sfs*j9",0.1038709677419355,37,159,91.06,47,19,8.0,6,472,316,96,4,21,37
720,lEi_6SR,0.1028236651921245,45,59,18.57,62,8,6.01,69,384,331,76,13,14,90
720,:F8v6pL,0.1,42,128,28.32,45,20,7.59,20,390,89,99,13,23,77
780,.2D9Vno,1.124467060316727,88,9,11.0,0,3,-3.18,8,263,148,37,39,22,153
780,(^;[jZ(,0.7380311793817043,40,65,61.18,37,16,3.18,2,542,104,72,55,16,0
780,0>NtWwn,0.49625968451885916,83,6,11.81,50,2,-0.1,10,339,198,97,39,25,151
780,.^ar.lD,0.37483870967741933,42,125,121.06,47,17,5.81,8,542,291,95,7,22,60
780,:5TX0UA,0.30580645161290326,45,135,102.9,45,20,-2.1,20,282,227,69,8,15,54
780,"N,pgE0i",0.27612903225806446,55,101,80.18,47,17,5.86,40,225,365,84,25,3,140
780,-Hg<;@E,0.2587096774193548,38,171,76.64,42,21,6.16,7,403,321,40,17,8,62
780,qAJQ/bS,0.2432011903938873,47,63,48.25,40,10,-1.42,74,358,178,62,8,19,93
780,MP]EMqa,0.2306814906363192,58,29,35.31,62,8,1.34,39,453,272,49,32,23,123
780,)\FDnR/,0.22580645161290322,37,111,61.12,33,18,3.29,3,529,158,48,58,14,15
780,=8Fo72),0.20258064516129032,40,140,79.67,43,23,0.02,23,301,158,92,14,4,2
780,q:XRt(^,0.18873210589541792,51,74,40.23,54,11,2.85,74,314,247,63,63,1,116
780,:7fs*j9,0.17870967741935484,48,111,156.3,25,20,-7.8,20,295,316,96,4,21,37
780,-7fs*j*,0.16,36,212,146.08,22,35,-9.85,7,295,316,96,4,21,4
780,",Qfs*j9",0.15806451612903227,38,163,127.9,40,20,5.51,6,459,316,96,4,21,37
780,v;6A/-K,0.155144542547745,58,99,10.11,68,16,12.18,79,320,79,45,8,3,75
780,"Z,McYkh",0.1511717898757839,67,34,27.38,71,7,1.02,51,225,193,80,41,21,138
780,.*cNbGv,0.14903225806451614,40,247,47.71,34,35,6.86,8,213,301,58,48,10,168
780,"L3S,Jc,",0.1458743903364596,50,78,38.32,40,15,2.58,38,270,222,24,29,19,9
780,",8fs*j*",0.14451612903225808,37,234,117.85,21,37,-10.68,6,301,316,96,4,21,4
780,[Ua\997,0.14255164588825806,40,67,64.76,50,10,6.56,52,485,291,73,16,6,32
780,",9eN*0*",0.1329032258064516,35,231,103.93,21,38,-11.0,6,308,311,58,4,3,4
780,5-F3EA:,0.12451612903225806,43,208,40.68,36,33,4.36,15,232,158,31,25,9,39
780,",mfs*j*",0.12000000000000001,35,114,98.44,61,13,10.01,6,637,316,96,4,21,4
780,\THUeSD,0.11465858159808466,38,71,20.29,33,12,1.5,53,478,168,66,51,14,60
780,lEi_6SR,0.1028236651921245,45,59,18.57,62,8,6.01,69,384,331,76,13,14,90
780,:F8v6pL,0.1,42,128,28.32,45,20,7.59,20,390,89,99,13,23,77
780,",_fG*eH",0.1,36,149,110.7,47,19,7.42,6,548,316,51,4,20,69
780,BpTFuak,0.09971361895999793,60,23,16.52,62,8,2.37,28,656,227,50,63,18,144
780,nVoBEBO,0.09742273392763501,43,57,21.11,55,9,4.12,71,491,361,46,25,9,84
840,.2D9Vno,1.124467060316727,88,9,11.0,0,3,-3.18,8,263,148,37,39,22,153
840,0>NtWwn,0.49625968451885916,83,6,11.81,50,2,-0.1,10,339,198,97,39,25,151
840,.^ar.lD,0.37483870967741933,42,125,121.06,47,17,5.81,8,542,291,95,7,22,60
840,:5TX0UA,0.30580645161290326,45,135,102.9,45,20,-2.1,20,282,227,69,8,15,54
840,"N,pgE0i",0.27612903225806446,55,101,80.18,47,17,5.86,40,225,365,84,25,3,140
840,-Hg<;@E,0.2587096774193548,38,171,76.64,42,21,6.16,7,403,321,40,17,8,62
840,qAJQ/bS,0.2432011903938873,47,63,48.25,40,10,-1.42,74,358,178,62,8,19,93
840,MP]EMqa,0.2306814906363192,58,29,35.31,62,8,1.34,39,453,272,49,32,23,123
840,)\FDnR/,0.22580645161290322,37,111,61.12,33,18,3.29,3,529,158,48,58,14,15
840,=8Fo72),0.20258064516129032,40,140,79.67,43,23,0.02,23,301,158,92,14,4,2
840,:7fs*j9,0.17870967741935484,48,111,156.3,25,20,-7.8,20,295,316,96,4,21,37
840,-7fs*j*,0.16,36,212,146.08,22,35,-9.85,7,295,316,96,4,21,4
840,",Qfs*j9",0.15806451612903227,38,163,127.9,40,20,5.51,6,459,316,96,4,21,37
840,v;6A/-K,0.155144542547745,58,99,10.11,68,16,12.18,79,320,79,45,8,3,75
840,"Z,McYkh",0.1511717898757839,67,34,27.38,71,7,1.02,51,225,193,80,41,21,138
840,.*cNbGv,0.14903225806451614,40,247,47.71,34,35,6.86,8,213,301,58,48,10,168
840,"L3S,Jc,",0.1458743903364596,50,78,38.32,40,15,2.58,38,270,222,24,29,19,9
840,",8fs*j*",0.14451612903225808,37,234,117.85,21,37,-10.68,6,301,316,96,4,21,4
840,[Ua\997,0.14255164588825806,40,67,64.76,50,10,6.56,52,485,291,73,16,6,32
840,",9eN*0*",0.1329032258064516,35,231,103.93,21,38,-11.0,6,308,311,58,4,3,4
840,5-F3EA:,0.12451612903225806,43,208,40.68,36,33,4.36,15,232,158,31,25,9,39
840,",mfs*j*",0.12000000000000001,35,114,98.44,61,13,10.01,6,637,316,96,4,21,4
840,lEi_6SR,0.1028236651921245,45,59,18.57,62,8,6.01,69,384,331,76,13,14,90
840,:F8v6pL,0.1,42,128,28.32,45,20,7.59,20,390,89,99,13,23,77
840,",_fG*eH",0.1,36,149,110.7,47,19,7.42,6,548,316,51,4,20,69
840,BpTFuak,0.09971361895999793,60,23,16.52,62,8,2.37,28,656,227,50,63,18,144
840,nVoBEBO,0.09742273392763501,43,57,21.11,55,9,4.12,71,491,361,46,25,9,84
840,+jDL@2`,0.0967741935483871,38,157,33.01,50,18,8.22,5,618,148,56,21,4,121
840,gDflOWZ,0.0952171314721564,53,60,21.29,60,10,4.04,64,377,316,89,33,15,108
840,*KDORhv,0.09468601997515866,60,41,10.52,66,9,4.72,4,422,148,59,35,20,168
900,.2D9Vno,1.124467060316727,88,9,11.0,0,3,-3.18,8,263,148,37,39,22,153
900,.^ar.lD,0.37483870967741933,42,125,121.06,47,17,5.81,8,542,291,95,7,22,60
900,:5TX0UA,0.30580645161290326,45,135,102.9,45,20,-2.1,20,282,227,69,8,15,54
900,"N,pgE0i",0.27612903225806446,55,101,80.18,47,17,5.86,40,225,365,84,25,3,140
900,-Hg<;@E,0.2587096774193548,38,171,76.64,42,21,6.16,7,403,321,40,17,8,62
900,qAJQ/bS,0.2432011903938873,47,63,48.25,40,10,-1.42,74,358,178,62,8,19,93
900,MP]EMqa,0.2306814906363192,58,29,35.31,62,8,1.34,39,453,272,49,32,23,123
900,)\FDnR/,0.22580645161290322,37,111,61.12,33,18,3.29,3,529,158,48,58,14,15
900,=8Fo72),0.20258064516129032,40,140,79.67,43,23,0.02,23,301,158,92,14,4,2
900,:7fs*j9,0.17870967741935484,48,111,156.3,25,20,-7.8,20,295,316,96,4,21,37
900,-7fs*j*,0.16,36,212,146.08,22,35,-9.85,7,295,316,96,4,21,4
900,",Qfs*j9",0.15806451612903227,38,163,127.9,40,20,5.51,6,459,316,96,4,21,37
900,v;6A/-K,0.155144542547745,58,99,10.11,68,16,12.18,79,320,79,45,8,3,75
900,"Z,McYkh",0.1511717898757839,67,34,27.38,71,7,1.02,51,225,193,80,41,21,138
900,.*cNbGv,0.14903225806451614,40,247,47.71,34,35,6.86,8,213,301,58,48,10,168
900,"L3S,Jc,",0.1458743903364596,50,78,38.32,40,15,2.58,38,270,222,24,29,19,9
900,",8fs*j*",0.14451612903225808,37,234,117.85,21,37,-10.68,6,301,316,96,4,21,4
900,[Ua\997,0.14255164588825806,40,67,64.76,50,10,6.56,52,485,291,73,16,6,32
900,",9eN*0*",0.1329032258064516,35,231,103.93,21,38,-11.0,6,308,311,58,4,3,4
900,5-F3EA:,0.12451612903225806,43,208,40.68,36,33,4.36,15,232,158,31,25,9,39
900,",mfs*j*",0.12000000000000001,35,114,98.44,61,13,10.01,6,637,316,96,4,21,4
900,lEi_6SR,0.1028236651921245,45,59,18.57,62,8,6.01,69,384,331,76,13,14,90
900,:F8v6pL,0.1,42,128,28.32,45,20,7.59,20,390,89,99,13,23,77
900,",_fG*eH",0.1,36,149,110.7,47,19,7.42,6,548,316,51,4,20,69
900,BpTFuak,0.09971361895999793,60,23,16.52,62,8,2.37,28,656,227,50,63,18,144
900,:;j6*eX,0.09870967741935484,50,108,80.89,43,16,2.12,20,320,336,34,4,20,103
900,nVoBEBO,0.09742273392763501,43,57,21.11,55,9,4.12,71,491,361,46,25,9,84
900,+jDL@2`,0.0967741935483871,38,157,33.01,50,18,8.22,5,618,148,56,21,4,121
900,2_j6*eX,0.0967741935483871,45,104,81.03,83,12,13.0,12,548,336,34,4,20,103
900,gDflOWZ,0.0952171314721564,53,60,21.29,60,10,4.04,64,377,316,89,33,15,108
960,.2D9Vno,1.124467060316727,88,9,11.0,0,3,-3.18,8,263,148,37,39,22,153
960,.^ar.lD,0.37483870967741933,42,125,121.06,47,17,5.81,8,542,291,95,7,22,60
960,:5TX0UA,0.30580645161290326,45,135,102.9,45,20,-2.1,20,282,227,69,8,15,54
960,"N,pgE0i",0.27612903225806446,55,101,80.18,47,17,5.86,40,225,365,84,25,3,140
960,-Hg<;@E,0.2587096774193548,38,171,76.64,42,21,6.16,7,403,321,40,17,8,62
960,qAJQ/bS,0.2432011903938873,47,63,48.25,40,10,-1.42,74,358,178,62,8,19,93
960,MP]EMqa,0.2306814906363192,58,29,35.31,62,8,1.34,39,453,272,49,32,23,123
960,)\FDnR/,0.22580645161290322,37,111,61.12,33,18,3.29,3,529,158,48,58,14,15
960,=8Fo72),0.20258064516129032,40,140,79.67,43,23,0.02,23,301,158,92,14,4,2
960,:7fs*j9,0.17870967741935484,48,111,156.3,25,20,-7.8,20,295,316,96,4,21,37
960,-7fs*j*,0.16,36,212,146.08,22,35,-9.85,7,295,316,96,4,21,4
960,",Qfs*j9",0.15806451612903227,38,163,127.9,40,20,5.51,6,459,316,96,4,21,37
960,v;6A/-K,0.155144542547745,58,99,10.11,68,16,12.18,79,320,79,45,8,3,75
960,.*cNbGv,0.14903225806451614,40,247,47.71,34,35,6.86,8,213,301,58,48,10,168
960,"L3S,Jc,",0.1458743903364596,50,78,38.32,40,15,2.58,38,270,222,24,29,19,9
960,",8fs*j*",0.14451612903225808,37,234,117.85,21,37,-10.68,6,301,316,96,4,21,4
960,[Ua\997,0.14255164588825806,40,67,64.76,50,10,6.56,52,485,291,73,16,6,32
960,",9eN*0*",0.1329032258064516,35,231,103.93,21,38,-11.0,6,308,311,58,4,3,4
960,5-F3EA:,0.12451612903225806,43,208,40.68,36,33,4.36,15,232,158,31,25,9,39
960,",mfs*j*",0.12000000000000001,35,114,98.44,61,13,10.01,6,637,316,96,4,21,4
960,lEi_6SR,0.1028236651921245,45,59,18.57,62,8,6.01,69,384,331,76,13,14,90
960,:F8v6pL,0.1,42,128,28.32,45,20,7.59,20,390,89,99,13,23,77
960,",_fG*eH",0.1,36,149,110.7,47,19,7.42,6,548,316,51,4,20,69
960,BpTFuak,0.09971361895999793,60,23,16.52,62,8,2.37,28,656,227,50,63,18,144
960,:;j6*eX,0.09870967741935484,50,108,80.89,43,16,2.12,20,320,336,34,4,20,103
960,nVoBEBO,0.09742273392763501,43,57,21.11,55,9,4.12,71,491,361,46,25,9,84
960,+jDL@2`,0.0967741935483871,38,157,33.01,50,18,8.22,5,618,148,56,21,4,121
960,2_j6*eX,0.0967741935483871,45,104,81.03,83,12,13.0,12,548,336,34,4,20,103
960,*KDORhv,0.09468601997515866,60,41,10.52,66,9,4.72,4,422,148,59,35,20,168
960,",UBN*0*",0.0935483870967742,34,191,78.04,33,21,4.21,6,485,138,58,4,3,4
1020,.2D9Vno,1.124467060316727,88,9,11.0,0,3,-3.18,8,263,148,37,39,22,153
1020,.^ar.lD,0.37483870967741933,42,125,121.06,47,17,5.81,8,542,291,95,7,22,60
1020,:5TX0UA,0.30580645161290326,45,135,102.9,45,20,-2.1,20,282,227,69,8,15,54
1020,-Hg<;@E,0.2587096774193548,38,171,76.64,42,21,6.16,7,403,321,40,17,8,62
1020,qAJQ/bS,0.2432011903938873,47,63,48.25,40,10,-1.42,74,358,178,62,8,19,93
1020,MP]EMqa,0.2306814906363192,58,29,35.31,62,8,1.34,39,453,272,49,32,23,123
1020,)\FDnR/,0.22580645161290322,37,111,61.12,33,18,3.29,3,529,158,48,58,14,15
1020,:7fs*j9,0.17870967741935484,48,111,156.3,25,20,-7.8,20,295,316,96,4,21,37
1020,-7fs*j*,0.16,36,212,146.08,22,35,-9.85,7,295,316,96,4,21,4
1020,",Qfs*j9",0.15806451612903227,38,163,127.9,40,20,5.51,6,459,316,96,4,21,37
1020,v;6A/-K,0.155144542547745,58,99,10.11,68,16,12.18,79,320,79,45,8,3,75
1020,.*cNbGv,0.14903225806451614,40,247,47.71,34,35,6.86,8,213,301,58,48,10,168
1020,"L3S,Jc,",0.1458743903364596,50,78,38.32,40,15,2.58,38,270,222,24,29,19,9
1020,",8fs*j*",0.14451612903225808,37,234,117.85,21,37,-10.68,6,301,316,96,4,21,4
1020,[Ua\997,0.14255164588825806,40,67,64.76,50,10,6.56,52,485,291,73,16,6,32
1020,",9eN*0*",0.1329032258064516,35,231,103.93,21,38,-11.0,6,308,311,58,4,3,4
1020,5-F3EA:,0.12451612903225806,43,208,40.68,36,33,4.36,15,232,158,31,25,9,39
1020,",mfs*j*",0.12000000000000001,35,114,98.44,61,13,10.01,6,637,316,96,4,21,4
1020,lEi_6SR,0.1028236651921245,45,59,18.57,62,8,6.01,69,384,331,76,13,14,90
1020,:F8v6pL,0.1,42,128,28.32,45,20,7.59,20,390,89,99,13,23,77
1020,",_fG*eH",0.1,36,149,110.7,47,19,7.42,6,548,316,51,4,20,69
1020,BpTFuak,0.09971361895999793,60,23,16.52,62,8,2.37,28,656,227,50,63,18,144
1020,:;j6*eX,0.09870967741935484,50,108,80.89,43,16,2.12,20,320,336,34,4,20,103
1020,nVoBEBO,0.09742273392763501,43,57,21.11,55,9,4.12,71,491,361,46,25,9,84
1020,+jDL@2`,0.0967741935483871,38,157,33.01,50,18,8.22,5,618,148,56,21,4,121
1020,2_j6*eX,0.0967741935483871,45,104,81.03,83,12,13.0,12,548,336,34,4,20,103
1020,*KDORhv,0.09468601997515866,60,41,10.52,66,9,4.72,4,422,148,59,35,20,168
1020,",UBN*0*",0.0935483870967742,34,191,78.04,33,21,4.21,6,485,138,58,4,3,4
1020,",gfs*j*",0.09225806451612904,29,119,79.13,41,17,4.33,6,599,316,96,4,21,4
1020,",_s6*eH",0.09161290322580645,38,149,102.98,31,19,1.7,6,548,380,34,4,20,69
1080,.2D9Vno,1.124467060316727,88,9,11.0,0,3,-3.18,8,263,148,37,39,22,153
1080,.^ar.lD,0.37483870967741933,42,125,121.06,47,17,5.81,8,542,291,95,7,22,60
1080,:5TX0UA,0.30580645161290326,45,135,102.9,45,20,-2.1,20,282,227,69,8,15,54
1080,-Hg<;@E,0.2587096774193548,38,171,76.64,42,21,6.16,7,403,321,40,17,8,62
1080,qAJQ/bS,0.2432011903938873,47,63,48.25,40,10,-1.42,74,358,178,62,8,19,93
1080,MP]EMqa,0.2306814906363192,58,29,35.31,62,8,1.34,39,453,272,49,32,23,123
1080,)\FDnR/,0.22580645161290322,37,111,61.12,33,18,3.29,3,529,158,48,58,14,15
1080,:7fs*j9,0.17870967741935484,48,111,156.3,25,20,-7.8,20,295,316,96,4,21,37
1080,-7fs*j*,0.16,36,212,146.08,22,35,-9.85,7,295,316,96,4,21,4
1080,",Qfs*j9",0.15806451612903227,38,163,127.9,40,20,5.51,6,459,316,96,4,21,37
1080,v;6A/-K,0.155144542547745,58,99,10.11,68,16,12.18,79,320,79,45,8,3,75
1080,.*cNbGv,0.14903225806451614,40,247,47.71,34,35,6.86,8,213,301,58,48,10,168
1080,"L3S,Jc,",0.1458743903364596,50,78,38.32,40,15,2.58,38,270,222,24,29,19,9
1080,",8fs*j*",0.14451612903225808,37,234,117.85,21,37,-10.68,6,301,316,96,4,21,4
1080,",9eN*0*",0.1329032258064516,35,231,103.93,21,38,-11.0,6,308,311,58,4,3,4
1080,5-F3EA:,0.12451612903225806,43,208,40.68,36,33,4.36,15,232,158,31,25,9,39
1080,",mfs*j*",0.12000000000000001,35,114,98.44,61,13,10.01,6,637,316,96,4,21,4
1080,lEi_6SR,0.1028236651921245,45,59,18.57,62,8,6.01,69,384,331,76,13,14,90
1080,:F8v6pL,0.1,42,128,28.32,45,20,7.59,20,390,89,99,13,23,77
1080,",_fG*eH",0.1,36,149,110.7,47,19,7.42,6,548,316,51,4,20,69
1080,:;j6*eX,0.09870967741935484,50,108,80.89,43,16,2.12,20,320,336,34,4,20,103
1080,nVoBEBO,0.09742273392763501,43,57,21.11,55,9,4.12,71,491,361,46,25,9,84
1080,+jDL@2`,0.0967741935483871,38,157,33.01,50,18,8.22,5,618,148,56,21,4,121
1080,2_j6*eX,0.0967741935483871,45,104,81.03,83,12,13.0,12,548,336,34,4,20,103
1080,*KDORhv,0.09468601997515866,60,41,10.52,66,9,4.72,4,422,148,59,35,20,168
1080,",UBN*0*",0.0935483870967742,34,191,78.04,33,21,4.21,6,485,138,58,4,3,4
1080,",gfs*j*",0.09225806451612904,29,119,79.13,41,17,4.33,6,599,316,96,4,21,4
1080,",_s6*eH",0.09161290322580645,38,149,102.98,31,19,1.7,6,548,380,34,4,20,69
1080,",Yfs*j*",0.08967741935483872,33,151,69.15,50,18,8.64,6,510,316,96,4,21,4
1080,",9BN*u*",0.08967741935483872,35,258,61.42,28,39,5.94,6,308,138,58,4,24,4
1140,.2D9Vno,1.124467060316727,88,9,11.0,0,3,-3.18,8,263,148,37,39,22,153
1140,.^ar.lD,0.37483870967741933,42,125,121.06,47,17,5.81,8,542,291,95,7,22,60
1140,:5TX0UA,0.30580645161290326,45,135,102.9,45,20,-2.1,20,282,227,69,8,15,54
1140,-Hg<;@E,0.2587096774193548,38,171,76.64,42,21,6.16,7,403,321,40,17,8,62
1140,qAJQ/bS,0.2432011903938873,47,63,48.25,40,10,-1.42,74,358,178,62,8,19,93
1140,MP]EMqa,0.2306814906363192,58,29,35.31,62,8,1.34,39,453,272,49,32,23,123
1140,)\FDnR/,0.22580645161290322,37,111,61.12,33,18,3.29,3,529,158,48,58,14,15
1140,:7fs*j9,0.17870967741935484,48,111,156.3,25,20,-7.8,20,295,316,96,4,21,37
1140,-7fs*j*,0.16,36,212,146.08,22,35,-9.85,7,295,316,96,4,21,4
1140,",Qfs*j9",0.15806451612903227,38,163,127.9,40,20,5.51,6,459,316,96,4,21,37
1140,v;6A/-K,0.155144542547745,58,99,10.11,68,16,12.18,79,320,79,45,8,3,75
1140,"L3S,Jc,",0.1458743903364596,50,78,38.32,40,15,2.58,38,270,222,24,29,19,9
1140,",9eN*0*",0.1329032258064516,35,231,103.93,21,38,-11.0,6,308,311,58,4,3,4
1140,5-F3EA:,0.12451612903225806,43,208,40.68,36,33,4.36,15,232,158,31,25,9,39
1140,",mfs*j*",0.12000000000000001,35,114,98.44,61,13,10.01,6,637,316,96,4,21,4
1140,lEi_6SR,0.1028236651921245,45,59,18.57,62,8,6.01,69,384,331,76,13,14,90
1140,)MfI*2H,0.10129032258064516,34,244,63.8,35,34,13.4,3,434,316,53,4,4,69
1140,:F8v6pL,0.1,42,128,28.32,45,20,7.59,20,390,89,99,13,23,77
1140,",_fG*eH",0.1,36,149,110.7,47,19,7.42,6,548,316,51,4,20,69
1140,:;j6*eX,0.09870967741935484,50,108,80.89,43,16,2.12,20,320,336,34,4,20,103
1140,nVoBEBO,0.09742273392763501,43,57,21.11,55,9,4.12,71,491,361,46,25,9,84
1140,+jDL@2`,0.0967741935483871,38,157,33.01,50,18,8.22,5,618,148,56,21,4,121
1140,2_j6*eX,0.0967741935483871,45,104,81.03,83,12,13.0,12,548,336,34,4,20,103
1140,*KDORhv,0.09468601997515866,60,41,10.52,66,9,4.72,4,422,148,59,35,20,168
1140,",UBN*0*",0.0935483870967742,34,191,78.04,33,21,4.21,6,485,138,58,4,3,4
1140,",gfs*j*",0.09225806451612904,29,119,79.13,41,17,4.33,6,599,316,96,4,21,4
1140,",_s6*eH",0.09161290322580645,38,149,102.98,31,19,1.7,6,548,380,34,4,20,69
1140,",Yfs*j*",0.08967741935483872,33,151,69.15,50,18,8.64,6,510,316,96,4,21,4
1140,",gfs*j9",0.08903225806451612,31,119,75.15,47,17,5.91,6,599,316,96,4,21,37
1140,",9hN*0*",0.08903225806451612,35,231,62.19,21,38,-10.95,6,308,326,58,4,3,4
1200,.2D9Vno,1.124467060316727,88,9,11.0,0,3,-3.18,8,263,148,37,39,22,153
1200,.^ar.lD,0.37483870967741933,42,125,121.06,47,17,5.81,8,542,291,95,7,22,60
1200,:5TX0UA,0.30580645161290326,45,135,102.9,45,20,-2.1,20,282,227,69,8,15,54
1200,-Hg<;@E,0.2587096774193548,38,171,76.64,42,21,6.16,7,403,321,40,17,8,62
1200,qAJQ/bS,0.2432011903938873,47,63,48.25,40,10,-1.42,74,358,178,62,8,19,93
1200,MP]EMqa,0.2306814906363192,58,29,35.31,62,8,1.34,39,453,272,49,32,23,123
1200,)\FDnR/,0.22580645161290322,37,111,61.12,33,18,3.29,3,529,158,48,58,14,15
1200,:7fs*j9,0.17870967741935484,48,111,156.3,25,20,-7.8,20,295,316,96,4,21,37
1200,-7fs*j*,0.16,36,212,146.08,22,35,-9.85,7,295,316,96,4,21,4
1200,",Qfs*j9",0.15806451612903227,38,163,127.9,40,20,5.51,6,459,316,96,4,21,37
1200,v;6A/-K,0.155144542547745,58,99,10.11,68,16,12.18,79,320,79,45,8,3,75
1200,"L3S,Jc,",0.1458743903364596,50,78,38.32,40,15,2.58,38,270,222,24,29,19,9
1200,",9eN*0*",0.1329032258064516,35,231,103.93,21,38,-11.0,6,308,311,58,4,3,4
1200,5-F3EA:,0.12451612903225806,43,208,40.68,36,33,4.36,15,232,158,31,25,9,39
1200,lEi_6SR,0.1028236651921245,45,59,18.57,62,8,6.01,69,384,331,76,13,14,90
1200,:F8v6pL,0.1,42,128,28.32,45,20,7.59,20,390,89,99,13,23,77
1200,",_fG*eH",0.1,36,149,110.7,47,19,7.42,6,548,316,51,4,20,69
1200,:;j6*eX,0.09870967741935484,50,108,80.89,43,16,2.12,20,320,336,34,4,20,103
1200,nVoBEBO,0.09742273392763501,43,57,21.11,55,9,4.12,71,491,361,46,25,9,84
1200,+jDL@2`,0.0967741935483871,38,157,33.01,50,18,8.22,5,618,148,56,21,4,121
1200,2_j6*eX,0.0967741935483871,45,104,81.03,83,12,13.0,12,548,336,34,4,20,103
1200,*KDORhv,0.09468601997515866,60,41,10.52,66,9,4.72,4,422,148,59,35,20,168
1200,",UBN*0*",0.0935483870967742,34,191,78.04,33,21,4.21,6,485,138,58,4,3,4
1200,",gfs*j*",0.09225806451612904,29,119,79.13,41,17,4.33,6,599,316,96,4,21,4
1200,",_s6*eH",0.09161290322580645,38,149,102.98,31,19,1.7,6,548,380,34,4,20,69
1200,",Yfs*j*",0.08967741935483872,33,151,69.15,50,18,8.64,6,510,316,96,4,21,4
1200,",gfs*j9",0.08903225806451612,31,119,75.15,47,17,5.91,6,599,316,96,4,21,37
1200,",9hN*0*",0.08903225806451612,35,231,62.19,21,38,-10.95,6,308,326,58,4,3,4
1200,/ceI[1o,0.0832258064516129,50,114,37.23,73,15,14.15,9,573,311,53,43,4,153
1200,",_fw*eH",0.0832258064516129,35,147,102.22,47,19,7.26,6,548,316,100,4,20,69
1260,.2D9Vno,1.124467060316727,88,9,11.0,0,3,-3.18,8,263,148,37,39,22,153
1260,B5fI*?H,0.8800107454886615,58,99,145.48,50,14,-3.91,28,282,316,53,4,8,69
1260,.^ar.lD,0.37483870967741933,42,125,121.06,47,17,5.81,8,542,291,95,7,22,60
1260,)JfI*?H,0.3632258064516129,34,259,74.57,27,40,10.99,3,415,316,53,4,8,69
1260,:5TX0UA,0.30580645161290326,45,135,102.9,45,20,-2.1,20,282,227,69,8,15,54
1260,-Hg<;@E,0.2587096774193548,38,171,76.64,42,21,6.16,7,403,321,40,17,8,62
1260,)NfI*?H,0.25612903225806455,36,241,77.49,38,31,13.45,3,441,316,53,4,8,69
1260,qAJQ/bS,0.2432011903938873,47,63,48.25,40,10,-1.42,74,358,178,62,8,19,93
1260,MP]EMqa,0.2306814906363192,58,29,35.31,62,8,1.34,39,453,272,49,32,23,123
1260,)\FDnR/,0.22580645161290322,37,111,61.12,33,18,3.29,3,529,158,48,58,14,15
1260,)`fI*?H,0.2038709677419355,30,209,58.27,50,22,9.62,3,554,316,53,4,8,69
1260,:7fs*j9,0.17870967741935484,48,111,156.3,25,20,-7.8,20,295,316,96,4,21,37
1260,-7fs*j*,0.16,36,212,146.08,22,35,-9.85,7,295,316,96,4,21,4
1260,",Qfs*j9",0.15806451612903227,38,163,127.9,40,20,5.51,6,459,316,96,4,21,37
1260,)QfI*?H,0.15741935483870967,34,234,43.38,34,35,11.48,3,459,316,53,4,8,69
1260,v;6A/-K,0.155144542547745,58,99,10.11,68,16,12.18,79,320,79,45,8,3,75
1260,"L3S,Jc,",0.1458743903364596,50,78,38.32,40,15,2.58,38,270,222,24,29,19,9
1260,",9eN*0*",0.1329032258064516,35,231,103.93,21,38,-11.0,6,308,311,58,4,3,4
1260,i5fI*?H,0.12945788770408573,45,68,36.5,50,10,4.35,66,282,316,53,4,8,69
1260,i5fI*?H,0.12945788770408573,45,68,36.5,50,10,4.35,66,282,316,53,4,8,69
1260,5-F3EA:,0.12451612903225806,43,208,40.68,36,33,4.36,15,232,158,31,25,9,39
1260,55fI*?H,0.11483870967741935,42,149,50.23,28,25,-5.34,15,282,316,53,4,8,69
1260,lEi_6SR,0.1028236651921245,45,59,18.57,62,8,6.01,69,384,331,76,13,14,90
1260,:F8v6pL,0.1,42,128,28.32,45,20,7.59,20,390,89,99,13,23,77
1260,",_fG*eH",0.1,36,149,110.7,47,19,7.42,6,548,316,51,4,20,69
1260,:;j6*eX,0.09870967741935484,50,108,80.89,43,16,2.12,20,320,336,34,4,20,103
1260,nVoBEBO,0.09742273392763501,43,57,21.11,55,9,4.12,71,491,361,46,25,9,84
1260,+jDL@2`,0.0967741935483871,38,157,33.01,50,18,8.22,5,618,148,56,21,4,121
1260,2_j6*eX,0.0967741935483871,45,104,81.03,83,12,13.0,12,548,336,34,4,20,103
1260,*KDORhv,0.09468601997515866,60,41,10.52,66,9,4.72,4,422,148,59,35,20,168
1320,.2D9Vno,1.124467060316727,88,9,11.0,0,3,-3.18,8,263,148,37,39,22,153
1320,B5fI*?H,0.8800107454886615,58,99,145.48,50,14,-3.91,28,282,316,53,4,8,69
1320,:7fs*jH,0.6412903225806451,52,111,145.51,30,20,-7.47,20,295,316,96,4,21,69
1320,.^ar.lD,0.37483870967741933,42,125,121.06,47,17,5.81,8,542,291,95,7,22,60
1320,)JfI*?H,0.3632258064516129,34,259,74.57,27,40,10.99,3,415,316,53,4,8,69
1320,:5TX0UA,0.30580645161290326,45,135,102.9,45,20,-2.1,20,282,227,69,8,15,54
1320,-Hg<;@E,0.2587096774193548,38,171,76.64,42,21,6.16,7,403,321,40,17,8,62
1320,)NfI*?H,0.25612903225806455,36,241,77.49,38,31,13.45,3,441,316,53,4,8,69
1320,qAJQ/bS,0.2432011903938873,47,63,48.25,40,10,-1.42,74,358,178,62,8,19,93
1320,MP]EMqa,0.2306814906363192,58,29,35.31,62,8,1.34,39,453,272,49,32,23,123
1320,)\FDnR/,0.22580645161290322,37,111,61.12,33,18,3.29,3,529,158,48,58,14,15
1320,)`fI*?H,0.2038709677419355,30,209,58.27,50,22,9.62,3,554,316,53,4,8,69
1320,:7fs*j9,0.17870967741935484,48,111,156.3,25,20,-7.8,20,295,316,96,4,21,37
1320,-7fs*j*,0.16,36,212,146.08,22,35,-9.85,7,295,316,96,4,21,4
1320,",Qfs*j9",0.15806451612903227,38,163,127.9,40,20,5.51,6,459,316,96,4,21,37
1320,)QfI*?H,0.15741935483870967,34,234,43.38,34,35,11.48,3,459,316,53,4,8,69
1320,v;6A/-K,0.155144542547745,58,99,10.11,68,16,12.18,79,320,79,45,8,3,75
1320,"L3S,Jc,",0.1458743903364596,50,78,38.32,40,15,2.58,38,270,222,24,29,19,9
1320,)Ifs*jH,0.13806451612903223,35,257,45.21,23,38,0.42,3,409,316,96,4,21,69
1320,",9eN*0*",0.1329032258064516,35,231,103.93,21,38,-11.0,6,308,311,58,4,3,4
1320,i5fI*?H,0.12945788770408573,45,68,36.5,50,10,4.35,66,282,316,53,4,8,69
1320,i5fI*?H,0.12945788770408573,45,68,36.5,50,10,4.35,66,282,316,53,4,8,69
1320,5-F3EA:,0.12451612903225806,43,208,40.68,36,33,4.36,15,232,158,31,25,9,39
1320,")7f,*jH",0.1232258064516129,31,368,47.85,19,57,0.46,3,295,316,24,4,21,69
1320,)7f**jH,0.11870967741935484,31,371,46.16,19,57,-0.69,3,295,316,22,4,21,69
1320,55fI*?H,0.11483870967741935,42,149,50.23,28,25,-5.34,15,282,316,53,4,8,69
1320,)7f8*jH,0.1135483870967742,32,355,54.95,28,56,7.11,3,295,316,36,4,21,69
1320,lEi_6SR,0.1028236651921245,45,59,18.57,62,8,6.01,69,384,331,76,13,14,90
1320,:F8v6pL,0.1,42,128,28.32,45,20,7.59,20,390,89,99,13,23,77
1320,",_fG*eH",0.1,36,149,110.7,47,19,7.42,6,548,316,51,4,20,69
1380,.2D9Vno,1.124467060316727,88,9,11.0,0,3,-3.18,8,263,148,37,39,22,153
1380,B5fI*?H,0.8800107454886615,58,99,145.48,50,14,-3.91,28,282,316,53,4,8,69
1380,:7fs*jH,0.6412903225806451,52,111,145.51,30,20,-7.47,20,295,316,96,4,21,69
1380,.^ar.lD,0.37483870967741933,42,125,121.06,47,17,5.81,8,542,291,95,7,22,60
1380,)JfI*?H,0.3632258064516129,34,259,74.57,27,40,10.99,3,415,316,53,4,8,69
1380,:5TX0UA,0.30580645161290326,45,135,102.9,45,20,-2.1,20,282,227,69,8,15,54
1380,-Hg<;@E,0.2587096774193548,38,171,76.64,42,21,6.16,7,403,321,40,17,8,62
1380,)NfI*?H,0.25612903225806455,36,241,77.49,38,31,13.45,3,441,316,53,4,8,69
1380,qAJQ/bS,0.2432011903938873,47,63,48.25,40,10,-1.42,74,358,178,62,8,19,93
1380,)\FDnR/,0.22580645161290322,37,111,61.12,33,18,3.29,3,529,158,48,58,14,15
1380,)`fI*?H,0.2038709677419355,30,209,58.27,50,22,9.62,3,554,316,53,4,8,69
1380,",Qfs*j9",0.15806451612903227,38,163,127.9,40,20,5.51,6,459,316,96,4,21,37
1380,)QfI*?H,0.15741935483870967,34,234,43.38,34,35,11.48,3,459,316,53,4,8,69
1380,v;6A/-K,0.155144542547745,58,99,10.11,68,16,12.18,79,320,79,45,8,3,75
1380,"L3S,Jc,",0.1458743903364596,50,78,38.32,40,15,2.58,38,270,222,24,29,19,9
1380,)Ifs*jH,0.13806451612903223,35,257,45.21,23,38,0.42,3,409,316,96,4,21,69
1380,",9eN*0*",0.1329032258064516,35,231,103.93,21,38,-11.0,6,308,311,58,4,3,4
1380,i5fI*?H,0.12945788770408573,45,68,36.5,50,10,4.35,66,282,316,53,4,8,69
1380,i5fI*?H,0.12945788770408573,45,68,36.5,50,10,4.35,66,282,316,53,4,8,69
1380,5-F3EA:,0.12451612903225806,43,208,40.68,36,33,4.36,15,232,158,31,25,9,39
1380,")7f,*jH",0.1232258064516129,31,368,47.85,19,57,0.46,3,295,316,24,4,21,69
1380,)7f**jH,0.11870967741935484,31,371,46.16,19,57,-0.69,3,295,316,22,4,21,69
1380,55fI*?H,0.11483870967741935,42,149,50.23,28,25,-5.34,15,282,316,53,4,8,69
1380,)7f8*jH,0.1135483870967742,32,355,54.95,28,56,7.11,3,295,316,36,4,21,69
1380,lEi_6SR,0.1028236651921245,45,59,18.57,62,8,6.01,69,384,331,76,13,14,90
1380,:F8v6pL,0.1,42,128,28.32,45,20,7.59,20,390,89,99,13,23,77
1380,",_fG*eH",0.1,36,149,110.7,47,19,7.42,6,548,316,51,4,20,69
1380,:;j6*eX,0.09870967741935484,50,108,80.89,43,16,2.12,20,320,336,34,4,20,103
1380,nVoBEBO,0.09742273392763501,43,57,21.11,55,9,4.12,71,491,361,46,25,9,84
1380,+jDL@2`,0.0967741935483871,38,157,33.01,50,18,8.22,5,618,148,56,21,4,121
1440,.2D9Vno,1.124467060316727,88,9,11.0,0,3,-3.18,8,263,148,37,39,22,153
1440,B5fI*?H,0.8800107454886615,58,99,145.48,50,14,-3.91,28,282,316,53,4,8,69
1440,)_rr*eH,0.7529032258064516,34,193,117.81,45,24,8.82,3,548,375,95,4,20,69
1440,:7fs*jH,0.6412903225806451,52,111,145.51,30,20,-7.47,20,295,316,96,4,21,69
1440,)_frZeH,0.5377850701951,48,29,42.23,45,11,1.66,3,548,316,95,42,20,69
1440,)_frVeH,0.41004112940163606,50,34,51.23,50,12,1.87,3,548,316,95,39,20,69
1440,.^ar.lD,0.37483870967741933,42,125,121.06,47,17,5.81,8,542,291,95,7,22,60
1440,)JfI*?H,0.3632258064516129,34,259,74.57,27,40,10.99,3,415,316,53,4,8,69
1440,",_fr*eH",0.3496774193548387,35,147,98.41,47,19,7.26,6,548,316,95,4,20,69
1440,:5TX0UA,0.30580645161290326,45,135,102.9,45,20,-2.1,20,282,227,69,8,15,54
1440,)_fr*e\,0.2948387096774194,36,193,57.44,45,24,8.8,3,548,316,95,4,20,112
1440,)_fr*eC,0.2845161290322581,34,193,63.77,45,24,7.15,3,548,316,95,4,20,58
1440,)_fK*eH,0.2806451612903226,32,196,69.12,45,24,7.84,3,548,316,55,4,20,69
1440,)jfr*eH,0.2754838709677419,35,173,119.01,42,19,2.69,3,618,316,95,4,20,69
1440,)_fr*e3,0.267741935483871,31,193,65.5,41,24,6.37,3,548,316,95,4,20,24
1440,)_fr*e;,0.264516129032258,33,193,73.08,41,24,6.78,3,548,316,95,4,20,41
1440,-Hg<;@E,0.2587096774193548,38,171,76.64,42,21,6.16,7,403,321,40,17,8,62
1440,)NfI*?H,0.25612903225806455,36,241,77.49,38,31,13.45,3,441,316,53,4,8,69
1440,)_fr*e2,0.2503225806451613,31,193,63.27,41,24,6.37,3,548,316,95,4,20,22
1440,)_`r*eH,0.2464516129032258,35,195,63.32,45,24,6.96,3,548,286,95,4,20,69
1440,)_fp*eH,0.24387096774193548,34,193,56.88,45,24,7.59,3,548,316,93,4,20,69
1440,qAJQ/bS,0.2432011903938873,47,63,48.25,40,10,-1.42,74,358,178,62,8,19,93
1440,)_ar*eH,0.23806451612903226,34,194,56.64,45,24,7.05,3,548,291,95,4,20,69
1440,)_fw*eH,0.23677419354838708,34,193,58.5,45,24,7.59,3,548,316,100,4,20,69
1440,)_fr*dH,0.23483870967741935,34,195,58.46,45,24,7.59,3,548,316,95,4,19,69
1440,)_fu*eH,0.2335483870967742,34,193,57.75,45,24,7.59,3,548,316,98,4,20,69
1440,)_ft*eH,0.2309677419354839,34,193,57.13,45,24,7.59,3,548,316,97,4,20,69
1440,)_fr*e@,0.2296774193548387,34,193,57.12,45,24,7.15,3,548,316,95,4,20,52
1440,)_fr*e@,0.2296774193548387,34,193,57.12,45,24,7.15,3,548,316,95,4,20,52
1440,)_fr*eo,0.22774193548387095,36,193,48.37,45,24,10.84,3,548,316,95,4,20,153
1500,.2D9Vno,1.124467060316727,88,9,11.0,0,3,-3.18,8,263,148,37,39,22,153
1500,B5fI*?H,0.8800107454886615,58,99,145.48,50,14,-3.91,28,282,316,53,4,8,69
1500,)_rr*eH,0.7529032258064516,34,193,117.81,45,24,8.82,3,548,375,95,4,20,69
1500,:7fs*jH,0.6412903225806451,52,111,145.51,30,20,-7.47,20,295,316,96,4,21,69
1500,)_frZeH,0.5377850701951,48,29,42.23,45,11,1.66,3,548,316,95,42,20,69
1500,)_frVeH,0.41004112940163606,50,34,51.23,50,12,1.87,3,548,316,95,39,20,69
1500,)JfI*?H,0.3632258064516129,34,259,74.57,27,40,10.99,3,415,316,53,4,8,69
1500,:5TX0UA,0.30580645161290326,45,135,102.9,45,20,-2.1,20,282,227,69,8,15,54
1500,)_fr*e\,0.2948387096774194,36,193,57.44,45,24,8.8,3,548,316,95,4,20,112
1500,)_fK*eH,0.2806451612903226,32,196,69.12,45,24,7.84,3,548,316,55,4,20,69
1500,)jfr*eH,0.2754838709677419,35,173,119.01,42,19,2.69,3,618,316,95,4,20,69
1500,)_fr*e3,0.267741935483871,31,193,65.5,41,24,6.37,3,548,316,95,4,20,24
1500,)_fr*e;,0.264516129032258,33,193,73.08,41,24,6.78,3,548,316,95,4,20,41
1500,-Hg<;@E,0.2587096774193548,38,171,76.64,42,21,6.16,7,403,321,40,17,8,62
1500,)NfI*?H,0.25612903225806455,36,241,77.49,38,31,13.45,3,441,316,53,4,8,69
1500,)_fr*e2,0.2503225806451613,31,193,63.27,41,24,6.37,3,548,316,95,4,20,22
1500,)_`r*eH,0.2464516129032258,35,195,63.32,45,24,6.96,3,548,286,95,4,20,69
1500,)_fp*eH,0.24387096774193548,34,193,56.88,45,24,7.59,3,548,316,93,4,20,69
1500,qAJQ/bS,0.2432011903938873,47,63,48.25,40,10,-1.42,74,358,178,62,8,19,93
1500,)_ar*eH,0.23806451612903226,34,194,56.64,45,24,7.05,3,548,291,95,4,20,69
1500,)_fw*eH,0.23677419354838708,34,193,58.5,45,24,7.59,3,548,316,100,4,20,69
1500,)_fu*eH,0.2335483870967742,34,193,57.75,45,24,7.59,3,548,316,98,4,20,69
1500,)_ft*eH,0.2309677419354839,34,193,57.13,45,24,7.59,3,548,316,97,4,20,69
1500,)_fr*e@,0.2296774193548387,34,193,57.12,45,24,7.15,3,548,316,95,4,20,52
1500,)_fr*e@,0.2296774193548387,34,193,57.12,45,24,7.15,3,548,316,95,4,20,52
1500,)_fr*eo,0.22774193548387095,36,193,48.37,45,24,10.84,3,548,316,95,4,20,153
1500,)_\r*eH,0.2135483870967742,35,197,61.07,45,24,7.44,3,548,267,95,4,20,69
1500,)_fr*uH,0.207741935483871,35,192,60.13,50,22,7.93,3,548,316,95,4,24,69
1500,)_fr*sH,0.207741935483871,35,192,60.13,50,22,7.93,3,548,316,95,4,24,69
1500,)`fI*?H,0.2038709677419355,30,209,58.27,50,22,9.62,3,554,316,53,4,8,69
1560,.2D9Vno,1.124467060316727,88,9,11.0,0,3,-3.18,8,263,148,37,39,22,153
1560,B5fI*?H,0.8800107454886615,58,99,145.48,50,14,-3.91,28,282,316,53,4,8,69
1560,)_rr*eH,0.7529032258064516,34,193,117.81,45,24,8.82,3,548,375,95,4,20,69
1560,:7fs*jH,0.6412903225806451,52,111,145.51,30,20,-7.47,20,295,316,96,4,21,69
1560,)_frZeH,0.5377850701951,48,29,42.23,45,11,1.66,3,548,316,95,42,20,69
1560,)JfI*?H,0.3632258064516129,34,259,74.57,27,40,10.99,3,415,316,53,4,8,69
1560,:5TX0UA,0.30580645161290326,45,135,102.9,45,20,-2.1,20,282,227,69,8,15,54
1560,)_fr*e\,0.2948387096774194,36,193,57.44,45,24,8.8,3,548,316,95,4,20,112
1560,)_fK*eH,0.2806451612903226,32,196,69.12,45,24,7.84,3,548,316,55,4,20,69
1560,)jfr*eH,0.2754838709677419,35,173,119.01,42,19,2.69,3,618,316,95,4,20,69
1560,)_fr*e3,0.267741935483871,31,193,65.5,41,24,6.37,3,548,316,95,4,20,24
1560,)_fr*e;,0.264516129032258,33,193,73.08,41,24,6.78,3,548,316,95,4,20,41
1560,-Hg<;@E,0.2587096774193548,38,171,76.64,42,21,6.16,7,403,321,40,17,8,62
1560,)NfI*?H,0.25612903225806455,36,241,77.49,38,31,13.45,3,441,316,53,4,8,69
1560,)_fr*e2,0.2503225806451613,31,193,63.27,41,24,6.37,3,548,316,95,4,20,22
1560,)_`r*eH,0.2464516129032258,35,195,63.32,45,24,6.96,3,548,286,95,4,20,69
1560,)_fp*eH,0.24387096774193548,34,193,56.88,45,24,7.59,3,548,316,93,4,20,69
1560,qAJQ/bS,0.2432011903938873,47,63,48.25,40,10,-1.42,74,358,178,62,8,19,93
1560,)_ar*eH,0.23806451612903226,34,194,56.64,45,24,7.05,3,548,291,95,4,20,69
1560,)_fw*eH,0.23677419354838708,34,193,58.5,45,24,7.59,3,548,316,100,4,20,69
1560,)_fu*eH,0.2335483870967742,34,193,57.75,45,24,7.59,3,548,316,98,4,20,69
1560,)_ft*eH,0.2309677419354839,34,193,57.13,45,24,7.59,3,548,316,97,4,20,69
1560,)_fr*e@,0.2296774193548387,34,193,57.12,45,24,7.15,3,548,316,95,4,20,52
1560,)_fr*e@,0.2296774193548387,34,193,57.12,45,24,7.15,3,548,316,95,4,20,52
1560,)_fr*eo,0.22774193548387095,36,193,48.37,45,24,10.84,3,548,316,95,4,20,153
1560,)_\r*eH,0.2135483870967742,35,197,61.07,45,24,7.44,3,548,267,95,4,20,69
1560,)_fr*uH,0.207741935483871,35,192,60.13,50,22,7.93,3,548,316,95,4,24,69
1560,)_fr*sH,0.207741935483871,35,192,60.13,50,22,7.93,3,548,316,95,4,24,69
1560,)_Vr*eH,0.17096774193548386,35,197,46.8,45,24,7.35,3,548,237,95,4,20,69
1560,)_Mr*eH,0.1632258064516129,32,201,51.22,41,24,6.64,3,548,193,95,4,20,69
1620,.2D9Vno,1.124467060316727,88,9,11.0,0,3,-3.18,8,263,148,37,39,22,153
1620,B5fI*?H,0.8800107454886615,58,99,145.48,50,14,-3.91,28,282,316,53,4,8,69
1620,)_rr*eH,0.7529032258064516,34,193,117.81,45,24,8.82,3,548,375,95,4,20,69
1620,:7fs*jH,0.6412903225806451,52,111,145.51,30,20,-7.47,20,295,316,96,4,21,69
1620,)JfI*?H,0.3632258064516129,34,259,74.57,27,40,10.99,3,415,316,53,4,8,69
1620,:5TX0UA,0.30580645161290326,45,135,102.9,45,20,-2.1,20,282,227,69,8,15,54
1620,)_fr*e\,0.2948387096774194,36,193,57.44,45,24,8.8,3,548,316,95,4,20,112
1620,)_fK*eH,0.2806451612903226,32,196,69.12,45,24,7.84,3,548,316,55,4,20,69
1620,)jfr*eH,0.2754838709677419,35,173,119.01,42,19,2.69,3,618,316,95,4,20,69
1620,)_fr*e3,0.267741935483871,31,193,65.5,41,24,6.37,3,548,316,95,4,20,24
1620,)_fr*e;,0.264516129032258,33,193,73.08,41,24,6.78,3,548,316,95,4,20,41
1620,-Hg<;@E,0.2587096774193548,38,171,76.64,42,21,6.16,7,403,321,40,17,8,62
1620,)NfI*?H,0.25612903225806455,36,241,77.49,38,31,13.45,3,441,316,53,4,8,69
1620,)_fr*e2,0.2503225806451613,31,193,63.27,41,24,6.37,3,548,316,95,4,20,22
1620,)_`r*eH,0.2464516129032258,35,195,63.32,45,24,6.96,3,548,286,95,4,20,69
1620,qAJQ/bS,0.2432011903938873,47,63,48.25,40,10,-1.42,74,358,178,62,8,19,93
1620,)_ar*eH,0.23806451612903226,34,194,56.64,45,24,7.05,3,548,291,95,4,20,69
1620,)_fw*eH,0.23677419354838708,34,193,58.5,45,24,7.59,3,548,316,100,4,20,69
1620,)_fu*eH,0.2335483870967742,34,193,57.75,45,24,7.59,3,548,316,98,4,20,69
1620,)_ft*eH,0.2309677419354839,34,193,57.13,45,24,7.59,3,548,316,97,4,20,69
1620,)_fr*e@,0.2296774193548387,34,193,57.12,45,24,7.15,3,548,316,95,4,20,52
1620,)_fr*e@,0.2296774193548387,34,193,57.12,45,24,7.15,3,548,316,95,4,20,52
1620,)_fr*eo,0.22774193548387095,36,193,48.37,45,24,10.84,3,548,316,95,4,20,153
1620,)_\r*eH,0.2135483870967742,35,197,61.07,45,24,7.44,3,548,267,95,4,20,69
1620,)_fr*uH,0.207741935483871,35,192,60.13,50,22,7.93,3,548,316,95,4,24,69
1620,)_fr*sH,0.207741935483871,35,192,60.13,50,22,7.93,3,548,316,95,4,24,69
1620,)_Vr*eH,0.17096774193548386,35,197,46.8,45,24,7.35,3,548,237,95,4,20,69
1620,)_Mr*eH,0.1632258064516129,32,201,51.22,41,24,6.64,3,548,193,95,4,20,69
1620,)QfI*?H,0.15741935483870967,34,234,43.38,34,35,11.48,3,459,316,53,4,8,69
1620,v;6A/-K,0.155144542547745,58,99,10.11,68,16,12.18,79,320,79,45,8,3,75
1680,.2D9Vno,1.124467060316727,88,9,11.0,0,3,-3.18,8,263,148,37,39,22,153
1680,B5fI*?H,0.8800107454886615,58,99,145.48,50,14,-3.91,28,282,316,53,4,8,69
1680,)_rr*eH,0.7529032258064516,34,193,117.81,45,24,8.82,3,548,375,95,4,20,69
1680,:7fs*jH,0.6412903225806451,52,111,145.51,30,20,-7.47,20,295,316,96,4,21,69
1680,)JfI*?H,0.3632258064516129,34,259,74.57,27,40,10.99,3,415,316,53,4,8,69
1680,:5TX0UA,0.30580645161290326,45,135,102.9,45,20,-2.1,20,282,227,69,8,15,54
1680,)_fr*e\,0.2948387096774194,36,193,57.44,45,24,8.8,3,548,316,95,4,20,112
1680,)_fK*eH,0.2806451612903226,32,196,69.12,45,24,7.84,3,548,316,55,4,20,69
1680,)jfr*eH,0.2754838709677419,35,173,119.01,42,19,2.69,3,618,316,95,4,20,69
1680,)_fr*e3,0.267741935483871,31,193,65.5,41,24,6.37,3,548,316,95,4,20,24
1680,)_fr*e;,0.264516129032258,33,193,73.08,41,24,6.78,3,548,316,95,4,20,41
1680,-Hg<;@E,0.2587096774193548,38,171,76.64,42,21,6.16,7,403,321,40,17,8,62
1680,)NfI*?H,0.25612903225806455,36,241,77.49,38,31,13.45,3,441,316,53,4,8,69
1680,)_fr*e2,0.2503225806451613,31,193,63.27,41,24,6.37,3,548,316,95,4,20,22
1680,)_`r*eH,0.2464516129032258,35,195,63.32,45,24,6.96,3,548,286,95,4,20,69
1680,qAJQ/bS,0.2432011903938873,47,63,48.25,40,10,-1.42,74,358,178,62,8,19,93
1680,)_ar*eH,0.23806451612903226,34,194,56.64,45,24,7.05,3,548,291,95,4,20,69
1680,)_fw*eH,0.23677419354838708,34,193,58.5,45,24,7.59,3,548,316,100,4,20,69
1680,)_fu*eH,0.2335483870967742,34,193,57.75,45,24,7.59,3,548,316,98,4,20,69
1680,)_ft*eH,0.2309677419354839,34,193,57.13,45,24,7.59,3,548,316,97,4,20,69
1680,)_fr*e@,0.2296774193548387,34,193,57.12,45,24,7.15,3,548,316,95,4,20,52
1680,)_fr*e@,0.2296774193548387,34,193,57.12,45,24,7.15,3,548,316,95,4,20,52
1680,)_fr*eo,0.22774193548387095,36,193,48.37,45,24,10.84,3,548,316,95,4,20,153
1680,)_\r*eH,0.2135483870967742,35,197,61.07,45,24,7.44,3,548,267,95,4,20,69
1680,)_fr*uH,0.207741935483871,35,192,60.13,50,22,7.93,3,548,316,95,4,24,69
1680,)_fr*sH,0.207741935483871,35,192,60.13,50,22,7.93,3,548,316,95,4,24,69
1680,)_Vr*eH,0.17096774193548386,35,197,46.8,45,24,7.35,3,548,237,95,4,20,69
1680,)_Mr*eH,0.1632258064516129,32,201,51.22,41,24,6.64,3,548,193,95,4,20,69
1680,)QfI*?H,0.15741935483870967,34,234,43.38,34,35,11.48,3,459,316,53,4,8,69
1680,v;6A/-K,0.155144542547745,58,99,10.11,68,16,12.18,79,320,79,45,8,3,75
1740,.2D9Vno,1.124467060316727,88,9,11.0,0,3,-3.18,8,263,148,37,39,22,153
1740,B5fI*?H,0.8800107454886615,58,99,145.48,50,14,-3.91,28,282,316,53,4,8,69
1740,:7fs*jH,0.6412903225806451,52,111,145.51,30,20,-7.47,20,295,316,96,4,21,69
1740,)JfI*?H,0.3632258064516129,34,259,74.57,27,40,10.99,3,415,316,53,4,8,69
1740,:5TX0UA,0.30580645161290326,45,135,102.9,45,20,-2.1,20,282,227,69,8,15,54
1740,)_fr*e\,0.2948387096774194,36,193,57.44,45,24,8.8,3,548,316,95,4,20,112
1740,)jfr*eH,0.2754838709677419,35,173,119.01,42,19,2.69,3,618,316,95,4,20,69
1740,)_fr*e;,0.264516129032258,33,193,73.08,41,24,6.78,3,548,316,95,4,20,41
1740,-Hg<;@E,0.2587096774193548,38,171,76.64,42,21,6.16,7,403,321,40,17,8,62
1740,)NfI*?H,0.25612903225806455,36,241,77.49,38,31,13.45,3,441,316,53,4,8,69
1740,)_fr*e2,0.2503225806451613,31,193,63.27,41,24,6.37,3,548,316,95,4,20,22
1740,)_`r*eH,0.2464516129032258,35,195,63.32,45,24,6.96,3,548,286,95,4,20,69
1740,qAJQ/bS,0.2432011903938873,47,63,48.25,40,10,-1.42,74,358,178,62,8,19,93
1740,)_ar*eH,0.23806451612903226,34,194,56.64,45,24,7.05,3,548,291,95,4,20,69
1740,)_fw*eH,0.23677419354838708,34,193,58.5,45,24,7.59,3,548,316,100,4,20,69
1740,)_fu*eH,0.2335483870967742,34,193,57.75,45,24,7.59,3,548,316,98,4,20,69
1740,)_ft*eH,0.2309677419354839,34,193,57.13,45,24,7.59,3,548,316,97,4,20,69
1740,)_fr*e@,0.2296774193548387,34,193,57.12,45,24,7.15,3,548,316,95,4,20,52
1740,)_fr*e@,0.2296774193548387,34,193,57.12,45,24,7.15,3,548,316,95,4,20,52
1740,)_fr*eo,0.22774193548387095,36,193,48.37,45,24,10.84,3,548,316,95,4,20,153
1740,)_\r*eH,0.2135483870967742,35,197,61.07,45,24,7.44,3,548,267,95,4,20,69
1740,)_fr*uH,0.207741935483871,35,192,60.13,50,22,7.93,3,548,316,95,4,24,69
1740,)_fr*sH,0.207741935483871,35,192,60.13,50,22,7.93,3,548,316,95,4,24,69
1740,)_Vr*eH,0.17096774193548386,35,197,46.8,45,24,7.35,3,548,237,95,4,20,69
1740,)_Mr*eH,0.1632258064516129,32,201,51.22,41,24,6.64,3,548,193,95,4,20,69
1740,)QfI*?H,0.15741935483870967,34,234,43.38,34,35,11.48,3,459,316,53,4,8,69
1740,v;6A/-K,0.155144542547745,58,99,10.11,68,16,12.18,79,320,79,45,8,3,75
1740,)_:r*eH,0.15290322580645163,34,244,77.78,29,27,-1.28,3,548,99,95,4,20,69
1740,m_fr*eH,0.13268905582328597,44,47,48.42,57,7,-0.24,70,548,316,95,4,20,69
1740,)_f+*eH,0.12838709677419355,32,209,39.61,38,26,7.01,3,548,316,23,4,20,69
1800,.2D9Vno,1.124467060316727,88,9,11.0,0,3,-3.18,8,263,148,37,39,22,153
1800,B5fI*?H,0.8800107454886615,58,99,145.48,50,14,-3.91,28,282,316,53,4,8,69
1800,:7fs*jH,0.6412903225806451,52,111,145.51,30,20,-7.47,20,295,316,96,4,21,69
1800,)JfI*?H,0.3632258064516129,34,259,74.57,27,40,10.99,3,415,316,53,4,8,69
1800,:5TX0UA,0.30580645161290326,45,135,102.9,45,20,-2.1,20,282,227,69,8,15,54
1800,)jfr*eH,0.2754838709677419,35,173,119.01,42,19,2.69,3,618,316,95,4,20,69
1800,)_fr*e;,0.264516129032258,33,193,73.08,41,24,6.78,3,548,316,95,4,20,41
1800,-Hg<;@E,0.2587096774193548,38,171,76.64,42,21,6.16,7,403,321,40,17,8,62
1800,)NfI*?H,0.25612903225806455,36,241,77.49,38,31,13.45,3,441,316,53,4,8,69
1800,)_fr*e2,0.2503225806451613,31,193,63.27,41,24,6.37,3,548,316,95,4,20,22
1800,)_`r*eH,0.2464516129032258,35,195,63.32,45,24,6.96,3,548,286,95,4,20,69
1800,qAJQ/bS,0.2432011903938873,47,63,48.25,40,10,-1.42,74,358,178,62,8,19,93
1800,)_ar*eH,0.23806451612903226,34,194,56.64,45,24,7.05,3,548,291,95,4,20,69
1800,)_fw*eH,0.23677419354838708,34,193,58.5,45,24,7.59,3,548,316,100,4,20,69
1800,)_fu*eH,0.2335483870967742,34,193,57.75,45,24,7.59,3,548,316,98,4,20,69
1800,)_ft*eH,0.2309677419354839,34,193,57.13,45,24,7.59,3,548,316,97,4,20,69
1800,)_fr*e@,0.2296774193548387,34,193,57.12,45,24,7.15,3,548,316,95,4,20,52
1800,)_fr*e@,0.2296774193548387,34,193,57.12,45,24,7.15,3,548,316,95,4,20,52
1800,)_fr*eo,0.22774193548387095,36,193,48.37,45,24,10.84,3,548,316,95,4,20,153
1800,)_\r*eH,0.2135483870967742,35,197,61.07,45,24,7.44,3,548,267,95,4,20,69
1800,)_fr*uH,0.207741935483871,35,192,60.13,50,22,7.93,3,548,316,95,4,24,69
1800,)_fr*sH,0.207741935483871,35,192,60.13,50,22,7.93,3,548,316,95,4,24,69
1800,)_Vr*eH,0.17096774193548386,35,197,46.8,45,24,7.35,3,548,237,95,4,20,69
1800,)_Mr*eH,0.1632258064516129,32,201,51.22,41,24,6.64,3,548,193,95,4,20,69
1800,)QfI*?H,0.15741935483870967,34,234,43.38,34,35,11.48,3,459,316,53,4,8,69
1800,v;6A/-K,0.155144542547745,58,99,10.11,68,16,12.18,79,320,79,45,8,3,75
1800,)_:r*eH,0.15290322580645163,34,244,77.78,29,27,-1.28,3,548,99,95,4,20,69
1800,m_fr*eH,0.13268905582328597,44,47,48.42,57,7,-0.24,70,548,316,95,4,20,69
1800,)_f+*eH,0.12838709677419355,32,209,39.61,38,26,7.01,3,548,316,23,4,20,69
1800,5-F3EA:,0.12451612903225806,43,208,40.68,36,33,4.36,15,232,158,31,25,9,39
1860,.2D9Vno,1.124467060316727,88,9,11.0,0,3,-3.18,8,263,148,37,39,22,153
1860,B5fI*?H,0.8800107454886615,58,99,145.48,50,14,-3.91,28,282,316,53,4,8,69
1860,:7fs*jH,0.6412903225806451,52,111,145.51,30,20,-7.47,20,295,316,96,4,21,69
1860,)JfI*?H,0.3632258064516129,34,259,74.57,27,40,10.99,3,415,316,53,4,8,69
1860,:5TX0UA,0.30580645161290326,45,135,102.9,45,20,-2.1,20,282,227,69,8,15,54
1860,)_fr*e;,0.264516129032258,33,193,73.08,41,24,6.78,3,548,316,95,4,20,41
1860,-Hg<;@E,0.2587096774193548,38,171,76.64,42,21,6.16,7,403,321,40,17,8,62
1860,)NfI*?H,0.25612903225806455,36,241,77.49,38,31,13.45,3,441,316,53,4,8,69
1860,)_fr*e2,0.2503225806451613,31,193,63.27,41,24,6.37,3,548,316,95,4,20,22
1860,)_`r*eH,0.2464516129032258,35,195,63.32,45,24,6.96,3,548,286,95,4,20,69
1860,qAJQ/bS,0.2432011903938873,47,63,48.25,40,10,-1.42,74,358,178,62,8,19,93
1860,)_ar*eH,0.23806451612903226,34,194,56.64,45,24,7.05,3,548,291,95,4,20,69
1860,)_fw*eH,0.23677419354838708,34,193,58.5,45,24,7.59,3,548,316,100,4,20,69
1860,)_fu*eH,0.2335483870967742,34,193,57.75,45,24,7.59,3,548,316,98,4,20,69
1860,)_ft*eH,0.2309677419354839,34,193,57.13,45,24,7.59,3,548,316,97,4,20,69
1860,)_fr*e@,0.2296774193548387,34,193,57.12,45,24,7.15,3,548,316,95,4,20,52
1860,)_fr*e@,0.2296774193548387,34,193,57.12,45,24,7.15,3,548,316,95,4,20,52
1860,)_fr*eo,0.22774193548387095,36,193,48.37,45,24,10.84,3,548,316,95,4,20,153
1860,)_\r*eH,0.2135483870967742,35,197,61.07,45,24,7.44,3,548,267,95,4,20,69
1860,)_fr*uH,0.207741935483871,35,192,60.13,50,22,7.93,3,548,316,95,4,24,69
1860,)_fr*sH,0.207741935483871,35,192,60.13,50,22,7.93,3,548,316,95,4,24,69
1860,)_Vr*eH,0.17096774193548386,35,197,46.8,45,24,7.35,3,548,237,95,4,20,69
1860,)QfI*?H,0.15741935483870967,34,234,43.38,34,35,11.48,3,459,316,53,4,8,69
1860,v;6A/-K,0.155144542547745,58,99,10.11,68,16,12.18,79,320,79,45,8,3,75
1860,)_:r*eH,0.15290322580645163,34,244,77.78,29,27,-1.28,3,548,99,95,4,20,69
1860,m_fr*eH,0.13268905582328597,44,47,48.42,57,7,-0.24,70,548,316,95,4,20,69
1860,)_f+*eH,0.12838709677419355,32,209,39.61,38,26,7.01,3,548,316,23,4,20,69
1860,5-F3EA:,0.12451612903225806,43,208,40.68,36,33,4.36,15,232,158,31,25,9,39
1860,")7f,*jH",0.1232258064516129,31,368,47.85,19,57,0.46,3,295,316,24,4,21,69
1860,",_fr+dH",0.10967741935483871,35,147,98.41,47,19,7.26,6,548,316,95,4,19,69
1920,.2D9Vno,1.124467060316727,88,9,11.0,0,3,-3.18,8,263,148,37,39,22,153
1920,B5fI*?H,0.8800107454886615,58,99,145.48,50,14,-3.91,28,282,316,53,4,8,69
1920,)_fr[eH,0.7702198499393033,52,25,40.79,45,11,1.66,3,548,316,95,43,20,69
1920,)_rr*eH,0.7529032258064516,34,193,117.81,45,24,8.82,3,548,375,95,4,20,69
1920,)_qr*eH,0.7238709677419355,34,193,115.48,45,24,8.73,3,548,370,95,4,20,69
1920,)_pr*eH,0.6993548387096774,34,193,113.31,45,24,8.63,3,548,365,95,4,20,69
1920,)_nr*eH,0.6490322580645161,34,193,108.76,45,24,8.42,3,548,356,95,4,20,69
1920,:7fs*jH,0.6412903225806451,52,111,145.51,30,20,-7.47,20,295,316,96,4,21,69
1920,-_fr*eH,0.6348387096774194,41,128,133.99,61,18,11.16,7,548,316,95,4,20,69
1920,)_freeH,0.6303225806451612,60,10,12.53,42,7,1.38,3,548,316,95,51,20,69
1920,)_frgeH,0.6303225806451612,60,10,12.53,42,7,1.38,3,548,316,95,52,20,69
1920,)_frkeH,0.5045172493455011,55,9,10.7,42,7,1.38,3,548,316,95,55,20,69
1920,)_fr*wH,0.43290322580645163,36,191,89.95,50,22,8.66,3,548,316,95,4,25,69
1920,)JfI*?H,0.3632258064516129,34,259,74.57,27,40,10.99,3,415,316,53,4,8,69
1920,)_fr*e8,0.3548387096774194,31,193,76.68,41,24,6.37,3,548,316,95,4,20,34
1920,)_fY*eH,0.3258064516129032,35,194,72.8,45,24,8.25,3,548,316,70,4,20,69
1920,)_fr*e7,0.32193548387096776,32,193,84.73,41,24,6.37,3,548,316,95,4,20,32
1920,:5TX0UA,0.30580645161290326,45,135,102.9,45,20,-2.1,20,282,227,69,8,15,54
1920,)cfr*eH,0.30580645161290326,35,194,89.07,52,21,7.17,3,573,316,95,4,20,69
1920,)_fr*e-,0.30451612903225805,31,193,83.54,37,24,5.95,3,548,316,95,4,20,11
1920,)_fr*e\,0.2948387096774194,36,193,57.44,45,24,8.8,3,548,316,95,4,20,112
1920,)_frReH,0.2911787201681734,46,45,55.48,50,12,1.87,3,548,316,95,35,20,69
1920,)jfr*eH,0.2754838709677419,35,173,119.01,42,19,2.69,3,618,316,95,4,20,69
1920,)_fr*e;,0.264516129032258,33,193,73.08,41,24,6.78,3,548,316,95,4,20,41
1920,-Hg<;@E,0.2587096774193548,38,171,76.64,42,21,6.16,7,403,321,40,17,8,62
1920,)NfI*?H,0.25612903225806455,36,241,77.49,38,31,13.45,3,441,316,53,4,8,69
1920,)_fr*e2,0.2503225806451613,31,193,63.27,41,24,6.37,3,548,316,95,4,20,22
1920,)_fr*fH,0.24903225806451612,34,193,57.9,45,24,7.59,3,548,316,95,4,20,69
1920,qAJQ/bS,0.2432011903938873,47,63,48.25,40,10,-1.42,74,358,178,62,8,19,93
1920,)_ar*eH,0.23806451612903226,34,194,56.64,45,24,7.05,3,548,291,95,4,20,69
1980,.2D9Vno,1.124467060316727,88,9,11.0,0,3,-3.18,8,263,148,37,39,22,153
1980,B5fI*?H,0.8800107454886615,58,99,145.48,50,14,-3.91,28,282,316,53,4,8,69
1980,)_fr[eH,0.7702198499393033,52,25,40.79,45,11,1.66,3,548,316,95,43,20,69
1980,)_rr*eH,0.7529032258064516,34,193,117.81,45,24,8.82,3,548,375,95,4,20,69
1980,)_qr*eH,0.7238709677419355,34,193,115.48,45,24,8.73,3,548,370,95,4,20,69
1980,)_pr*eH,0.6993548387096774,34,193,113.31,45,24,8.63,3,548,365,95,4,20,69
1980,)_nr*eH,0.6490322580645161,34,193,108.76,45,24,8.42,3,548,356,95,4,20,69
1980,:7fs*jH,0.6412903225806451,52,111,145.51,30,20,-7.47,20,295,316,96,4,21,69
1980,-_fr*eH,0.6348387096774194,41,128,133.99,61,18,11.16,7,548,316,95,4,20,69
1980,)_freeH,0.6303225806451612,60,10,12.53,42,7,1.38,3,548,316,95,51,20,69
1980,)_frgeH,0.6303225806451612,60,10,12.53,42,7,1.38,3,548,316,95,52,20,69
1980,)_frkeH,0.5045172493455011,55,9,10.7,42,7,1.38,3,548,316,95,55,20,69
1980,)_fr*wH,0.43290322580645163,36,191,89.95,50,22,8.66,3,548,316,95,4,25,69
1980,)JfI*?H,0.3632258064516129,34,259,74.57,27,40,10.99,3,415,316,53,4,8,69
1980,)_fr*e8,0.3548387096774194,31,193,76.68,41,24,6.37,3,548,316,95,4,20,34
1980,)_fY*eH,0.3258064516129032,35,194,72.8,45,24,8.25,3,548,316,70,4,20,69
1980,)_fr*e7,0.32193548387096776,32,193,84.73,41,24,6.37,3,548,316,95,4,20,32
1980,:5TX0UA,0.30580645161290326,45,135,102.9,45,20,-2.1,20,282,227,69,8,15,54
1980,)cfr*eH,0.30580645161290326,35,194,89.07,52,21,7.17,3,573,316,95,4,20,69
1980,)_fr*e-,0.30451612903225805,31,193,83.54,37,24,5.95,3,548,316,95,4,20,11
1980,)_fr*e\,0.2948387096774194,36,193,57.44,45,24,8.8,3,548,316,95,4,20,112
1980,)_frReH,0.2911787201681734,46,45,55.48,50,12,1.87,3,548,316,95,35,20,69
1980,)jfr*eH,0.2754838709677419,35,173,119.01,42,19,2.69,3,618,316,95,4,20,69
1980,)_fr*e;,0.264516129032258,33,193,73.08,41,24,6.78,3,548,316,95,4,20,41
1980,-Hg<;@E,0.2587096774193548,38,171,76.64,42,21,6.16,7,403,321,40,17,8,62
1980,)_fr*e2,0.2503225806451613,31,193,63.27,41,24,6.37,3,548,316,95,4,20,22
1980,)_fr*fH,0.24903225806451612,34,193,57.9,45,24,7.59,3,548,316,95,4,20,69
1980,)_ar*eH,0.23806451612903226,34,194,56.64,45,24,7.05,3,548,291,95,4,20,69
1980,)_er*eH,0.23806451612903226,34,193,56.11,45,24,7.48,3,548,311,95,4,20,69
1980,)_fr*e_,0.23612903225806453,36,193,50.74,45,24,9.21,3,548,316,95,4,20,118
2040,.2D9Vno,1.124467060316727,88,9,11.0,0,3,-3.18,8,263,148,37,39,22,153
2040,B5fI*?H,0.8800107454886615,58,99,145.48,50,14,-3.91,28,282,316,53,4,8,69
2040,)_fr[eH,0.7702198499393033,52,25,40.79,45,11,1.66,3,548,316,95,43,20,69
2040,)_rr*eH,0.7529032258064516,34,193,117.81,45,24,8.82,3,548,375,95,4,20,69
2040,)_pr*eH,0.6993548387096774,34,193,113.31,45,24,8.63,3,548,365,95,4,20,69
2040,)_nr*eH,0.6490322580645161,34,193,108.76,45,24,8.42,3,548,356,95,4,20,69
2040,:7fs*jH,0.6412903225806451,52,111,145.51,30,20,-7.47,20,295,316,96,4,21,69
2040,-_fr*eH,0.6348387096774194,41,128,133.99,61,18,11.16,7,548,316,95,4,20,69
2040,)_freeH,0.6303225806451612,60,10,12.53,42,7,1.38,3,548,316,95,51,20,69
2040,)_frgeH,0.6303225806451612,60,10,12.53,42,7,1.38,3,548,316,95,52,20,69
2040,)_frkeH,0.5045172493455011,55,9,10.7,42,7,1.38,3,548,316,95,55,20,69
2040,)JfI*?H,0.3632258064516129,34,259,74.57,27,40,10.99,3,415,316,53,4,8,69
2040,)_fr*e8,0.3548387096774194,31,193,76.68,41,24,6.37,3,548,316,95,4,20,34
2040,)_fY*eH,0.3258064516129032,35,194,72.8,45,24,8.25,3,548,316,70,4,20,69
2040,)_fr*e7,0.32193548387096776,32,193,84.73,41,24,6.37,3,548,316,95,4,20,32
2040,:5TX0UA,0.30580645161290326,45,135,102.9,45,20,-2.1,20,282,227,69,8,15,54
2040,)_fr*e-,0.30451612903225805,31,193,83.54,37,24,5.95,3,548,316,95,4,20,11
2040,)_fr*e\,0.2948387096774194,36,193,57.44,45,24,8.8,3,548,316,95,4,20,112
2040,)_frReH,0.2911787201681734,46,45,55.48,50,12,1.87,3,548,316,95,35,20,69
2040,)jfr*eH,0.2754838709677419,35,173,119.01,42,19,2.69,3,618,316,95,4,20,69
2040,)_fr*e;,0.264516129032258,33,193,73.08,41,24,6.78,3,548,316,95,4,20,41
2040,-Hg<;@E,0.2587096774193548,38,171,76.64,42,21,6.16,7,403,321,40,17,8,62
2040,)_fr*e2,0.2503225806451613,31,193,63.27,41,24,6.37,3,548,316,95,4,20,22
2040,)_fr*fH,0.24903225806451612,34,193,57.9,45,24,7.59,3,548,316,95,4,20,69
2040,)_ar*eH,0.23806451612903226,34,194,56.64,45,24,7.05,3,548,291,95,4,20,69
2040,)_er*eH,0.23806451612903226,34,193,56.11,45,24,7.48,3,548,311,95,4,20,69
2040,)_fr*e_,0.23612903225806453,36,193,50.74,45,24,9.21,3,548,316,95,4,20,118
2040,)_fr*`H,0.23483870967741935,34,195,58.46,45,24,7.59,3,548,316,95,4,18,69
2040,)_ft*eH,0.2309677419354839,34,193,57.13,45,24,7.59,3,548,316,97,4,20,69
2040,)_fr*e@,0.2296774193548387,34,193,57.12,45,24,7.15,3,548,316,95,4,20,52
2100,.2D9Vno,1.124467060316727,88,9,11.0,0,3,-3.18,8,263,148,37,39,22,153
2100,B5fI*?H,0.8800107454886615,58,99,145.48,50,14,-3.91,28,282,316,53,4,8,69
2100,)_fr[eH,0.7702198499393033,52,25,40.79,45,11,1.66,3,548,316,95,43,20,69
2100,)_rr*eH,0.7529032258064516,34,193,117.81,45,24,8.82,3,548,375,95,4,20,69
2100,)_nr*eH,0.6490322580645161,34,193,108.76,45,24,8.42,3,548,356,95,4,20,69
2100,:7fs*jH,0.6412903225806451,52,111,145.51,30,20,-7.47,20,295,316,96,4,21,69
2100,-_fr*eH,0.6348387096774194,41,128,133.99,61,18,11.16,7,548,316,95,4,20,69
2100,)_frgeH,0.6303225806451612,60,10,12.53,42,7,1.38,3,548,316,95,52,20,69
2100,)_frkeH,0.5045172493455011,55,9,10.7,42,7,1.38,3,548,316,95,55,20,69
2100,)JfI*?H,0.3632258064516129,34,259,74.57,27,40,10.99,3,415,316,53,4,8,69
2100,)_fr*e8,0.3548387096774194,31,193,76.68,41,24,6.37,3,548,316,95,4,20,34
2100,)_fY*eH,0.3258064516129032,35,194,72.8,45,24,8.25,3,548,316,70,4,20,69
2100,)_fr*e7,0.32193548387096776,32,193,84.73,41,24,6.37,3,548,316,95,4,20,32
2100,:5TX0UA,0.30580645161290326,45,135,102.9,45,20,-2.1,20,282,227,69,8,15,54
2100,)_fr*e-,0.30451612903225805,31,193,83.54,37,24,5.95,3,548,316,95,4,20,11
2100,)_fr*e\,0.2948387096774194,36,193,57.44,45,24,8.8,3,548,316,95,4,20,112
2100,)_frReH,0.2911787201681734,46,45,55.48,50,12,1.87,3,548,316,95,35,20,69
2100,)jfr*eH,0.2754838709677419,35,173,119.01,42,19,2.69,3,618,316,95,4,20,69
2100,)_fr*e;,0.264516129032258,33,193,73.08,41,24,6.78,3,548,316,95,4,20,41
2100,-Hg<;@E,0.2587096774193548,38,171,76.64,42,21,6.16,7,403,321,40,17,8,62
2100,)_fr*e2,0.2503225806451613,31,193,63.27,41,24,6.37,3,548,316,95,4,20,22
2100,)_fr*fH,0.24903225806451612,34,193,57.9,45,24,7.59,3,548,316,95,4,20,69
2100,)_ar*eH,0.23806451612903226,34,194,56.64,45,24,7.05,3,548,291,95,4,20,69
2100,)_er*eH,0.23806451612903226,34,193,56.11,45,24,7.48,3,548,311,95,4,20,69
2100,)_fr*e_,0.23612903225806453,36,193,50.74,45,24,9.21,3,548,316,95,4,20,118
2100,)_fr*`H,0.23483870967741935,34,195,58.46,45,24,7.59,3,548,316,95,4,18,69
2100,)_ft*eH,0.2309677419354839,34,193,57.13,45,24,7.59,3,548,316,97,4,20,69
2100,)_fr*e@,0.2296774193548387,34,193,57.12,45,24,7.15,3,548,316,95,4,20,52
2100,)_fr*e@,0.2296774193548387,34,193,57.12,45,24,7.15,3,548,316,95,4,20,52
2100,)_fr*e1,0.2264516129032258,31,193,60.04,41,24,6.37,3,548,316,95,4,20,19
2160,.2D9Vno,1.124467060316727,88,9,11.0,0,3,-3.18,8,263,148,37,39,22,153
2160,B5fI*?H,0.8800107454886615,58,99,145.48,50,14,-3.91,28,282,316,53,4,8,69
2160,)_fr[eH,0.7702198499393033,52,25,40.79,45,11,1.66,3,548,316,95,43,20,69
2160,)_rr*eH,0.7529032258064516,34,193,117.81,45,24,8.82,3,548,375,95,4,20,69
2160,)_nr*eH,0.6490322580645161,34,193,108.76,45,24,8.42,3,548,356,95,4,20,69
2160,:7fs*jH,0.6412903225806451,52,111,145.51,30,20,-7.47,20,295,316,96,4,21,69
2160,)_f6*e:,0.636774193548387,32,201,126.6,37,24,2.95,3,548,316,34,4,20,39
2160,-_fr*eH,0.6348387096774194,41,128,133.99,61,18,11.16,7,548,316,95,4,20,69
2160,)_frgeH,0.6303225806451612,60,10,12.53,42,7,1.38,3,548,316,95,52,20,69
2160,)_f6ZeH,0.6175319826182847,50,30,49.57,45,11,2.32,3,548,316,34,42,20,69
2160,)_f6SeH,0.527452233559731,46,43,61.69,50,12,2.54,3,548,316,34,36,20,69
2160,)_frkeH,0.5045172493455011,55,9,10.7,42,7,1.38,3,548,316,95,55,20,69
2160,)JfI*?H,0.3632258064516129,34,259,74.57,27,40,10.99,3,415,316,53,4,8,69
2160,)_s6*eH,0.36,32,198,86.97,29,24,2.31,3,548,380,34,4,20,69
2160,)_fr*e8,0.3548387096774194,31,193,76.68,41,24,6.37,3,548,316,95,4,20,34
2160,)_fU*eH,0.33548387096774196,34,195,82.39,45,24,8.11,3,548,316,66,4,20,69
2160,)_fZ*eH,0.33096774193548384,35,194,73.66,45,24,8.27,3,548,316,71,4,20,69
2160,)_fY*eH,0.3258064516129032,35,194,72.8,45,24,8.25,3,548,316,70,4,20,69
2160,)_fr*e7,0.32193548387096776,32,193,84.73,41,24,6.37,3,548,316,95,4,20,32
2160,:5TX0UA,0.30580645161290326,45,135,102.9,45,20,-2.1,20,282,227,69,8,15,54
2160,)_fr*e-,0.30451612903225805,31,193,83.54,37,24,5.95,3,548,316,95,4,20,11
2160,)_fr*e\,0.2948387096774194,36,193,57.44,45,24,8.8,3,548,316,95,4,20,112
2160,)_frReH,0.2911787201681734,46,45,55.48,50,12,1.87,3,548,316,95,35,20,69
2160,)jfr*eH,0.2754838709677419,35,173,119.01,42,19,2.69,3,618,316,95,4,20,69
2160,)_fr*e;,0.264516129032258,33,193,73.08,41,24,6.78,3,548,316,95,4,20,41
2160,-Hg<;@E,0.2587096774193548,38,171,76.64,42,21,6.16,7,403,321,40,17,8,62
2160,)_fG*eH,0.25161290322580643,32,196,63.87,45,24,7.74,3,548,316,51,4,20,69
2160,)_fr*e2,0.2503225806451613,31,193,63.27,41,24,6.37,3,548,316,95,4,20,22
2160,)_fr*fH,0.24903225806451612,34,193,57.9,45,24,7.59,3,548,316,95,4,20,69
2160,)_ar*eH,0.23806451612903226,34,194,56.64,45,24,7.05,3,548,291,95,4,20,69
2220,.2D9Vno,1.124467060316727,88,9,11.0,0,3,-3.18,8,263,148,37,39,22,153
2220,B5fI*?H,0.8800107454886615,58,99,145.48,50,14,-3.91,28,282,316,53,4,8,69
2220,)_fr[eH,0.7702198499393033,52,25,40.79,45,11,1.66,3,548,316,95,43,20,69
2220,)_rr*eH,0.7529032258064516,34,193,117.81,45,24,8.82,3,548,375,95,4,20,69
2220,)_nr*eH,0.6490322580645161,34,193,108.76,45,24,8.42,3,548,356,95,4,20,69
2220,:7fs*jH,0.6412903225806451,52,111,145.51,30,20,-7.47,20,295,316,96,4,21,69
2220,)_f6*e:,0.636774193548387,32,201,126.6,37,24,2.95,3,548,316,34,4,20,39
2220,-_fr*eH,0.6348387096774194,41,128,133.99,61,18,11.16,7,548,316,95,4,20,69
2220,)_frgeH,0.6303225806451612,60,10,12.53,42,7,1.38,3,548,316,95,52,20,69
2220,)_f6ZeH,0.6175319826182847,50,30,49.57,45,11,2.32,3,548,316,34,42,20,69
2220,)_f6SeH,0.527452233559731,46,43,61.69,50,12,2.54,3,548,316,34,36,20,69
2220,)_frkeH,0.5045172493455011,55,9,10.7,42,7,1.38,3,548,316,95,55,20,69
2220,)JfI*?H,0.3632258064516129,34,259,74.57,27,40,10.99,3,415,316,53,4,8,69
2220,)_s6*eH,0.36,32,198,86.97,29,24,2.31,3,548,380,34,4,20,69
2220,)_fr*e8,0.3548387096774194,31,193,76.68,41,24,6.37,3,548,316,95,4,20,34
2220,)_fU*eH,0.33548387096774196,34,195,82.39,45,24,8.11,3,548,316,66,4,20,69
2220,)_fZ*eH,0.33096774193548384,35,194,73.66,45,24,8.27,3,548,316,71,4,20,69
2220,)_fY*eH,0.3258064516129032,35,194,72.8,45,24,8.25,3,548,316,70,4,20,69
2220,)_fr*e7,0.32193548387096776,32,193,84.73,41,24,6.37,3,548,316,95,4,20,32
2220,:5TX0UA,0.30580645161290326,45,135,102.9,45,20,-2.1,20,282,227,69,8,15,54
2220,)_fr*e-,0.30451612903225805,31,193,83.54,37,24,5.95,3,548,316,95,4,20,11
2220,)_fr*e\,0.2948387096774194,36,193,57.44,45,24,8.8,3,548,316,95,4,20,112
2220,)_frReH,0.2911787201681734,46,45,55.48,50,12,1.87,3,548,316,95,35,20,69
2220,)jfr*eH,0.2754838709677419,35,173,119.01,42,19,2.69,3,618,316,95,4,20,69
2220,)_fr*e;,0.264516129032258,33,193,73.08,41,24,6.78,3,548,316,95,4,20,41
2220,-Hg<;@E,0.2587096774193548,38,171,76.64,42,21,6.16,7,403,321,40,17,8,62
2220,)_fr*e2,0.2503225806451613,31,193,63.27,41,24,6.37,3,548,316,95,4,20,22
2220,)_fr*fH,0.24903225806451612,34,193,57.9,45,24,7.59,3,548,316,95,4,20,69
2220,)_ar*eH,0.23806451612903226,34,194,56.64,45,24,7.05,3,548,291,95,4,20,69
2220,)_er*eH,0.23806451612903226,34,193,56.11,45,24,7.48,3,548,311,95,4,20,69
2280,.2D9Vno,1.124467060316727,88,9,11.0,0,3,-3.18,8,263,148,37,39,22,153
2280,B5fI*?H,0.8800107454886615,58,99,145.48,50,14,-3.91,28,282,316,53,4,8,69
2280,)_fr[eH,0.7702198499393033,52,25,40.79,45,11,1.66,3,548,316,95,43,20,69
2280,)_rr*eH,0.7529032258064516,34,193,117.81,45,24,8.82,3,548,375,95,4,20,69
2280,)_nr*eH,0.6490322580645161,34,193,108.76,45,24,8.42,3,548,356,95,4,20,69
2280,:7fs*jH,0.6412903225806451,52,111,145.51,30,20,-7.47,20,295,316,96,4,21,69
2280,)_f6*e:,0.636774193548387,32,201,126.6,37,24,2.95,3,548,316,34,4,20,39
2280,)_frgeH,0.6303225806451612,60,10,12.53,42,7,1.38,3,548,316,95,52,20,69
2280,)_f6ZeH,0.6175319826182847,50,30,49.57,45,11,2.32,3,548,316,34,42,20,69
2280,)_f6SeH,0.527452233559731,46,43,61.69,50,12,2.54,3,548,316,34,36,20,69
2280,)_frkeH,0.5045172493455011,55,9,10.7,42,7,1.38,3,548,316,95,55,20,69
2280,)JfI*?H,0.3632258064516129,34,259,74.57,27,40,10.99,3,415,316,53,4,8,69
2280,)_s6*eH,0.36,32,198,86.97,29,24,2.31,3,548,380,34,4,20,69
2280,)_fr*e8,0.3548387096774194,31,193,76.68,41,24,6.37,3,548,316,95,4,20,34
2280,)_fU*eH,0.33548387096774196,34,195,82.39,45,24,8.11,3,548,316,66,4,20,69
2280,)_fZ*eH,0.33096774193548384,35,194,73.66,45,24,8.27,3,548,316,71,4,20,69
2280,)_fY*eH,0.3258064516129032,35,194,72.8,45,24,8.25,3,548,316,70,4,20,69
2280,)_fr*e7,0.32193548387096776,32,193,84.73,41,24,6.37,3,548,316,95,4,20,32
2280,:5TX0UA,0.30580645161290326,45,135,102.9,45,20,-2.1,20,282,227,69,8,15,54
2280,)_fr*e-,0.30451612903225805,31,193,83.54,37,24,5.95,3,548,316,95,4,20,11
2280,)_fr*e\,0.2948387096774194,36,193,57.44,45,24,8.8,3,548,316,95,4,20,112
2280,)_frReH,0.2911787201681734,46,45,55.48,50,12,1.87,3,548,316,95,35,20,69
2280,)jfr*eH,0.2754838709677419,35,173,119.01,42,19,2.69,3,618,316,95,4,20,69
2280,-Hg<;@E,0.2587096774193548,38,171,76.64,42,21,6.16,7,403,321,40,17,8,62
2280,)_fr*e2,0.2503225806451613,31,193,63.27,41,24,6.37,3,548,316,95,4,20,22
2280,)_fr*fH,0.24903225806451612,34,193,57.9,45,24,7.59,3,548,316,95,4,20,69
2280,)_ar*eH,0.23806451612903226,34,194,56.64,45,24,7.05,3,548,291,95,4,20,69
2280,)_er*eH,0.23806451612903226,34,193,56.11,45,24,7.48,3,548,311,95,4,20,69
2280,)_fr*e_,0.23612903225806453,36,193,50.74,45,24,9.21,3,548,316,95,4,20,118
2280,)_fr*`H,0.23483870967741935,34,195,58.46,45,24,7.59,3,548,316,95,4,18,69
