iteration,dna,fitness,training_log.win-rate,training_log.total,training_log.PNL,testing_log.win-rate,testing_log.total,testing_log.PNL,parameters.ott_len,parameters.ott_percent,parameters.ott_bw,parameters.tps_qty_index,parameters.max_risk
90,_hGO(,0.9258026627664637,60,10,12.62,20,5,-3.11,36,312,107,62,20
90,ZWM3+,0.8937350473261478,70,17,24.51,30,13,-3.07,33,269,116,17,22
90,Jvl.0,0.8140932378289468,66,15,26.15,23,13,-9.99,24,347,163,9,25
90,Hg`)9,0.7920373979841647,56,32,27.79,31,32,0.89,23,309,145,2,31
90,4*bbP,0.7214200587725282,53,32,16.38,41,39,-12.9,12,155,148,92,45
90,wVUUL,0.7204031751009186,51,31,23.48,40,37,4.23,50,266,128,71,43
90,_\FE0,0.6652006839515014,61,18,15.99,34,23,-6.79,36,282,106,46,25
90,NIh\K,0.6365180371894612,64,17,14.27,36,25,-18.07,27,234,157,82,42
90,ulC8J,0.6151370610152688,55,27,22.54,26,34,-26.31,49,322,101,25,42
90,MoK)P,0.6134974995296024,50,38,27.76,36,47,-11.92,26,330,113,2,45
90,VZ?7V,0.6040599332740689,57,38,22.26,32,49,-12.97,31,277,95,24,49
90,"SiS.,",0.5633151122684881,50,18,13.95,18,11,-7.23,29,315,125,9,23
90,n^=+K,0.5308231966460268,51,31,19.5,32,37,-14.4,45,287,92,5,42
90,NkKs[,0.5307451912420682,60,38,6.13,48,47,-18.6,27,320,113,119,52
90,HTXk+,0.529188477638684,60,23,9.78,33,21,-7.39,23,261,133,106,22
90,thJv8,0.4991048189995931,63,19,5.7,35,17,-5.44,48,312,112,123,30
90,0OW*D,0.48875004684729456,44,59,23.23,35,78,-24.31,10,249,131,3,38
90,2>g0Y,0.4862835539438587,58,36,18.06,43,60,-30.58,11,206,156,13,51
90,1R[:>,0.48267830437132003,55,56,18.91,41,70,-18.32,10,256,137,28,34
90,m-8)i,0.47757362698518385,46,47,26.14,33,53,-25.72,44,163,84,2,61
90,E[XN3,0.46935756485251,50,34,15.0,44,34,5.32,22,279,133,60,27
90,`wh:t,0.4692332653308456,62,29,19.04,44,36,-17.04,37,350,157,28,68
90,ZU:ZB,0.4595954393870886,55,34,10.61,41,43,-9.15,33,264,87,79,36
90,LbMRw,0.4593627828317744,61,36,18.33,46,47,-12.13,26,297,116,66,70
90,YoVE0,0.45669070226918523,57,19,13.67,30,10,-4.64,33,330,130,46,25
90,Xhc?p,0.45397523917328203,52,34,20.65,41,43,-17.87,32,312,150,36,66
90,VRH)d,0.449821393019177,52,36,21.27,30,49,-12.4,31,256,109,2,58
90,"1Ei,r",0.4442430064342122,57,40,19.12,39,66,-29.77,10,223,159,6,67
90,deX6-,0.4092926204901738,47,17,14.31,33,6,-2.22,39,304,133,22,23
90,V[<us,0.40842435011210626,59,37,7.16,41,51,-16.55,31,279,90,122,67
90,_hGO(,0.9258026627664637,60,10,12.62,20,5,-3.11,36,312,107,62,20
90,ZWM3+,0.8937350473261478,70,17,24.51,30,13,-3.07,33,269,116,17,22
90,Jvl.0,0.8140932378289468,66,15,26.15,23,13,-9.99,24,347,163,9,25
90,Hg`)9,0.7920373979841647,56,32,27.79,31,32,0.89,23,309,145,2,31
90,4*bbP,0.7214200587725282,53,32,16.38,41,39,-12.9,12,155,148,92,45
90,wVUUL,0.7204031751009186,51,31,23.48,40,37,4.23,50,266,128,71,43
90,_\FE0,0.6652006839515014,61,18,15.99,34,23,-6.79,36,282,106,46,25
90,NIh\K,0.6365180371894612,64,17,14.27,36,25,-18.07,27,234,157,82,42
90,ulC8J,0.6151370610152688,55,27,22.54,26,34,-26.31,49,322,101,25,42
90,MoK)P,0.6134974995296024,50,38,27.76,36,47,-11.92,26,330,113,2,45
90,VZ?7V,0.6040599332740689,57,38,22.26,32,49,-12.97,31,277,95,24,49
90,"SiS.,",0.5633151122684881,50,18,13.95,18,11,-7.23,29,315,125,9,23
90,n^=+K,0.5308231966460268,51,31,19.5,32,37,-14.4,45,287,92,5,42
90,NkKs[,0.5307451912420682,60,38,6.13,48,47,-18.6,27,320,113,119,52
90,HTXk+,0.529188477638684,60,23,9.78,33,21,-7.39,23,261,133,106,22
90,thJv8,0.4991048189995931,63,19,5.7,35,17,-5.44,48,312,112,123,30
90,0OW*D,0.48875004684729456,44,59,23.23,35,78,-24.31,10,249,131,3,38
90,2>g0Y,0.4862835539438587,58,36,18.06,43,60,-30.58,11,206,156,13,51
90,1R[:>,0.48267830437132003,55,56,18.91,41,70,-18.32,10,256,137,28,34
90,m-8)i,0.47757362698518385,46,47,26.14,33,53,-25.72,44,163,84,2,61
90,E[XN3,0.46935756485251,50,34,15.0,44,34,5.32,22,279,133,60,27
90,`wh:t,0.4692332653308456,62,29,19.04,44,36,-17.04,37,350,157,28,68
90,ZU:ZB,0.4595954393870886,55,34,10.61,41,43,-9.15,33,264,87,79,36
90,LbMRw,0.4593627828317744,61,36,18.33,46,47,-12.13,26,297,116,66,70
90,YoVE0,0.45669070226918523,57,19,13.67,30,10,-4.64,33,330,130,46,25
90,Xhc?p,0.45397523917328203,52,34,20.65,41,43,-17.87,32,312,150,36,66
90,VRH)d,0.449821393019177,52,36,21.27,30,49,-12.4,31,256,109,2,58
90,"1Ei,r",0.4442430064342122,57,40,19.12,39,66,-29.77,10,223,159,6,67
90,deX6-,0.4092926204901738,47,17,14.31,33,6,-2.22,39,304,133,22,23
90,V[<us,0.40842435011210626,59,37,7.16,41,51,-16.55,31,279,90,122,67
180,_hGO(,0.9258026627664637,60,10,12.62,20,5,-3.11,36,312,107,62,20
180,ZWM3+,0.8937350473261478,70,17,24.51,30,13,-3.07,33,269,116,17,22
180,Hg`)9,0.7920373979841647,56,32,27.79,31,32,0.89,23,309,145,2,31
180,4*bbP,0.7214200587725282,53,32,16.38,41,39,-12.9,12,155,148,92,45
180,wVUUL,0.7204031751009186,51,31,23.48,40,37,4.23,50,266,128,71,43
180,_\FE0,0.6652006839515014,61,18,15.99,34,23,-6.79,36,282,106,46,25
180,ulC8J,0.6151370610152688,55,27,22.54,26,34,-26.31,49,322,101,25,42
180,MoK)P,0.6134974995296024,50,38,27.76,36,47,-11.92,26,330,113,2,45
180,VZ?7V,0.6040599332740689,57,38,22.26,32,49,-12.97,31,277,95,24,49
180,"SiS.,",0.5633151122684881,50,18,13.95,18,11,-7.23,29,315,125,9,23
180,n^=+K,0.5308231966460268,51,31,19.5,32,37,-14.4,45,287,92,5,42
180,HTXk+,0.529188477638684,60,23,9.78,33,21,-7.39,23,261,133,106,22
180,thJv8,0.4991048189995931,63,19,5.7,35,17,-5.44,48,312,112,123,30
180,2>g0Y,0.4862835539438587,58,36,18.06,43,60,-30.58,11,206,156,13,51
180,1R[:>,0.48267830437132003,55,56,18.91,41,70,-18.32,10,256,137,28,34
180,m-8)i,0.47757362698518385,46,47,26.14,33,53,-25.72,44,163,84,2,61
180,`wh:t,0.4692332653308456,62,29,19.04,44,36,-17.04,37,350,157,28,68
180,ZU:ZB,0.4595954393870886,55,34,10.61,41,43,-9.15,33,264,87,79,36
180,LbMRw,0.4593627828317744,61,36,18.33,46,47,-12.13,26,297,116,66,70
180,YoVE0,0.45669070226918523,57,19,13.67,30,10,-4.64,33,330,130,46,25
180,Xhc?p,0.45397523917328203,52,34,20.65,41,43,-17.87,32,312,150,36,66
180,"1Ei,r",0.4442430064342122,57,40,19.12,39,66,-29.77,10,223,159,6,67
180,deX6-,0.4092926204901738,47,17,14.31,33,6,-2.22,39,304,133,22,23
180,V[<us,0.40842435011210626,59,37,7.16,41,51,-16.55,31,279,90,122,67
180,OrD<b,0.4017786491804493,53,39,14.41,41,48,-24.34,27,337,103,32,57
180,P`=WX,0.3742714017694666,53,39,12.96,33,53,-14.55,28,292,92,74,50
180,*e\5n,0.36155535615199996,48,66,17.36,36,94,-30.95,6,304,139,21,64
180,3;av<,0.35837667134520707,54,37,6.81,51,45,-11.54,11,198,147,123,33
180,KegL`,0.3538909284339239,47,38,16.38,31,47,-19.92,25,304,156,57,55
180,hQ*LV,0.34368512227054226,42,40,11.62,32,50,-12.24,41,254,63,57,49
270,_hGO(,0.9258026627664637,60,10,12.62,20,5,-3.11,36,312,107,62,20
270,Hg`)9,0.7920373979841647,56,32,27.79,31,32,0.89,23,309,145,2,31
270,4*bbP,0.7214200587725282,53,32,16.38,41,39,-12.9,12,155,148,92,45
270,wVUUL,0.7204031751009186,51,31,23.48,40,37,4.23,50,266,128,71,43
270,_\FE0,0.6652006839515014,61,18,15.99,34,23,-6.79,36,282,106,46,25
270,ulC8J,0.6151370610152688,55,27,22.54,26,34,-26.31,49,322,101,25,42
270,MoK)P,0.6134974995296024,50,38,27.76,36,47,-11.92,26,330,113,2,45
270,VZ?7V,0.6040599332740689,57,38,22.26,32,49,-12.97,31,277,95,24,49
270,"SiS.,",0.5633151122684881,50,18,13.95,18,11,-7.23,29,315,125,9,23
270,n^=+K,0.5308231966460268,51,31,19.5,32,37,-14.4,45,287,92,5,42
270,HTXk+,0.529188477638684,60,23,9.78,33,21,-7.39,23,261,133,106,22
270,thJv8,0.4991048189995931,63,19,5.7,35,17,-5.44,48,312,112,123,30
270,2>g0Y,0.4862835539438587,58,36,18.06,43,60,-30.58,11,206,156,13,51
270,1R[:>,0.48267830437132003,55,56,18.91,41,70,-18.32,10,256,137,28,34
270,m-8)i,0.47757362698518385,46,47,26.14,33,53,-25.72,44,163,84,2,61
270,`wh:t,0.4692332653308456,62,29,19.04,44,36,-17.04,37,350,157,28,68
270,ZU:ZB,0.4595954393870886,55,34,10.61,41,43,-9.15,33,264,87,79,36
270,LbMRw,0.4593627828317744,61,36,18.33,46,47,-12.13,26,297,116,66,70
270,YoVE0,0.45669070226918523,57,19,13.67,30,10,-4.64,33,330,130,46,25
270,Xhc?p,0.45397523917328203,52,34,20.65,41,43,-17.87,32,312,150,36,66
270,"1Ei,r",0.4442430064342122,57,40,19.12,39,66,-29.77,10,223,159,6,67
270,deX6-,0.4092926204901738,47,17,14.31,33,6,-2.22,39,304,133,22,23
270,V[<us,0.40842435011210626,59,37,7.16,41,51,-16.55,31,279,90,122,67
270,OrD<b,0.4017786491804493,53,39,14.41,41,48,-24.34,27,337,103,32,57
270,*e\5n,0.36155535615199996,48,66,17.36,36,94,-30.95,6,304,139,21,64
270,KegL`,0.3538909284339239,47,38,16.38,31,47,-19.92,25,304,156,57,55
270,unX-o,0.34073151474586866,60,25,17.94,47,34,-4.3,49,327,133,8,65
270,aLRCB,0.33830803682814203,53,39,7.84,52,36,-5.25,37,241,124,43,36
270,pR*Eb,0.3372717742433562,55,36,10.32,34,47,-22.25,46,256,63,46,57
270,ko8Na,0.3365753585157337,48,35,12.09,30,42,-21.53,43,330,84,60,56
360,_hGO(,0.9258026627664637,60,10,12.62,20,5,-3.11,36,312,107,62,20
360,Hg`)9,0.7920373979841647,56,32,27.79,31,32,0.89,23,309,145,2,31
360,4*bbP,0.7214200587725282,53,32,16.38,41,39,-12.9,12,155,148,92,45
360,wVUUL,0.7204031751009186,51,31,23.48,40,37,4.23,50,266,128,71,43
360,_\FE0,0.6652006839515014,61,18,15.99,34,23,-6.79,36,282,106,46,25
360,ulC8J,0.6151370610152688,55,27,22.54,26,34,-26.31,49,322,101,25,42
360,MoK)P,0.6134974995296024,50,38,27.76,36,47,-11.92,26,330,113,2,45
360,VZ?7V,0.6040599332740689,57,38,22.26,32,49,-12.97,31,277,95,24,49
360,"SiS.,",0.5633151122684881,50,18,13.95,18,11,-7.23,29,315,125,9,23
360,HTXk+,0.529188477638684,60,23,9.78,33,21,-7.39,23,261,133,106,22
360,thJv8,0.4991048189995931,63,19,5.7,35,17,-5.44,48,312,112,123,30
360,2>g0Y,0.4862835539438587,58,36,18.06,43,60,-30.58,11,206,156,13,51
360,1R[:>,0.48267830437132003,55,56,18.91,41,70,-18.32,10,256,137,28,34
360,m-8)i,0.47757362698518385,46,47,26.14,33,53,-25.72,44,163,84,2,61
360,`wh:t,0.4692332653308456,62,29,19.04,44,36,-17.04,37,350,157,28,68
360,YoVE0,0.45669070226918523,57,19,13.67,30,10,-4.64,33,330,130,46,25
360,Xhc?p,0.45397523917328203,52,34,20.65,41,43,-17.87,32,312,150,36,66
360,"1Ei,r",0.4442430064342122,57,40,19.12,39,66,-29.77,10,223,159,6,67
360,deX6-,0.4092926204901738,47,17,14.31,33,6,-2.22,39,304,133,22,23
360,OrD<b,0.4017786491804493,53,39,14.41,41,48,-24.34,27,337,103,32,57
360,*e\5n,0.36155535615199996,48,66,17.36,36,94,-30.95,6,304,139,21,64
360,KegL`,0.3538909284339239,47,38,16.38,31,47,-19.92,25,304,156,57,55
360,aLRCB,0.33830803682814203,53,39,7.84,52,36,-5.25,37,241,124,43,36
360,pR*Eb,0.3372717742433562,55,36,10.32,34,47,-22.25,46,256,63,46,57
360,ko8Na,0.3365753585157337,48,35,12.09,30,42,-21.53,43,330,84,60,56
360,swZ3o,0.3365372197481817,60,28,13.08,38,34,-22.14,48,350,136,17,65
360,*^Y4),0.3362004406935213,51,47,10.72,33,51,-17.91,6,287,134,19,21
360,*iTOS,0.33211726955538434,52,69,12.22,41,97,-25.67,6,315,127,62,47
360,]8G+l,0.33140684245450525,47,42,15.98,35,53,-21.13,35,191,107,5,63
360,oekTs,0.33131403775627644,68,29,8.99,43,37,-35.91,45,304,162,70,67
450,_hGO(,0.9258026627664637,60,10,12.62,20,5,-3.11,36,312,107,62,20
450,_\FE0,0.6652006839515014,61,18,15.99,34,23,-6.79,36,282,106,46,25
450,ulC8J,0.6151370610152688,55,27,22.54,26,34,-26.31,49,322,101,25,42
450,MoK)P,0.6134974995296024,50,38,27.76,36,47,-11.92,26,330,113,2,45
450,VZ?7V,0.6040599332740689,57,38,22.26,32,49,-12.97,31,277,95,24,49
450,HTXk+,0.529188477638684,60,23,9.78,33,21,-7.39,23,261,133,106,22
450,thJv8,0.4991048189995931,63,19,5.7,35,17,-5.44,48,312,112,123,30
450,1R[:>,0.48267830437132003,55,56,18.91,41,70,-18.32,10,256,137,28,34
450,m-8)i,0.47757362698518385,46,47,26.14,33,53,-25.72,44,163,84,2,61
450,`wh:t,0.4692332653308456,62,29,19.04,44,36,-17.04,37,350,157,28,68
450,YoVE0,0.45669070226918523,57,19,13.67,30,10,-4.64,33,330,130,46,25
450,"1Ei,r",0.4442430064342122,57,40,19.12,39,66,-29.77,10,223,159,6,67
450,deX6-,0.4092926204901738,47,17,14.31,33,6,-2.22,39,304,133,22,23
450,OrD<b,0.4017786491804493,53,39,14.41,41,48,-24.34,27,337,103,32,57
450,*e\5n,0.36155535615199996,48,66,17.36,36,94,-30.95,6,304,139,21,64
450,KegL`,0.3538909284339239,47,38,16.38,31,47,-19.92,25,304,156,57,55
450,pR*Eb,0.3372717742433562,55,36,10.32,34,47,-22.25,46,256,63,46,57
450,swZ3o,0.3365372197481817,60,28,13.08,38,34,-22.14,48,350,136,17,65
450,*^Y4),0.3362004406935213,51,47,10.72,33,51,-17.91,6,287,134,19,21
450,*iTOS,0.33211726955538434,52,69,12.22,41,97,-25.67,6,315,127,62,47
450,]8G+l,0.33140684245450525,47,42,15.98,35,53,-21.13,35,191,107,5,63
450,oekTs,0.33131403775627644,68,29,8.99,43,37,-35.91,45,304,162,70,67
450,rsf)K,0.3285399139653304,59,22,18.02,46,26,6.35,47,340,154,2,42
450,s]cGL,0.3129025745296912,66,30,8.82,41,36,-14.36,48,284,150,49,43
450,f@Jjr,0.3116410818420541,56,41,4.16,41,53,-25.55,40,211,112,104,67
450,X-UH],0.30724981215320507,68,16,5.94,57,28,-2.45,32,163,128,51,54
450,`GLfP,0.3034959830918268,60,40,8.23,48,43,-10.08,37,228,115,98,45
450,^eS\Q,0.30338837482191555,55,34,8.04,41,41,-13.25,36,304,125,82,46
450,^q3/B,0.3020278898298152,43,37,7.07,30,40,-12.14,36,335,77,11,36
450,\QgbM,0.2944211709370811,52,17,9.26,35,28,-10.81,35,254,156,92,43
540,_hGO(,0.9258026627664637,60,10,12.62,20,5,-3.11,36,312,107,62,20
540,_\FE0,0.6652006839515014,61,18,15.99,34,23,-6.79,36,282,106,46,25
540,MoK)P,0.6134974995296024,50,38,27.76,36,47,-11.92,26,330,113,2,45
540,VZ?7V,0.6040599332740689,57,38,22.26,32,49,-12.97,31,277,95,24,49
540,HTXk+,0.529188477638684,60,23,9.78,33,21,-7.39,23,261,133,106,22
540,thJv8,0.4991048189995931,63,19,5.7,35,17,-5.44,48,312,112,123,30
540,1R[:>,0.48267830437132003,55,56,18.91,41,70,-18.32,10,256,137,28,34
540,`wh:t,0.4692332653308456,62,29,19.04,44,36,-17.04,37,350,157,28,68
540,YoVE0,0.45669070226918523,57,19,13.67,30,10,-4.64,33,330,130,46,25
540,deX6-,0.4092926204901738,47,17,14.31,33,6,-2.22,39,304,133,22,23
540,OrD<b,0.4017786491804493,53,39,14.41,41,48,-24.34,27,337,103,32,57
540,*e\5n,0.36155535615199996,48,66,17.36,36,94,-30.95,6,304,139,21,64
540,KegL`,0.3538909284339239,47,38,16.38,31,47,-19.92,25,304,156,57,55
540,pR*Eb,0.3372717742433562,55,36,10.32,34,47,-22.25,46,256,63,46,57
540,swZ3o,0.3365372197481817,60,28,13.08,38,34,-22.14,48,350,136,17,65
540,*^Y4),0.3362004406935213,51,47,10.72,33,51,-17.91,6,287,134,19,21
540,]8G+l,0.33140684245450525,47,42,15.98,35,53,-21.13,35,191,107,5,63
540,rsf)K,0.3285399139653304,59,22,18.02,46,26,6.35,47,340,154,2,42
540,s]cGL,0.3129025745296912,66,30,8.82,41,36,-14.36,48,284,150,49,43
540,X-UH],0.30724981215320507,68,16,5.94,57,28,-2.45,32,163,128,51,54
540,`GLfP,0.3034959830918268,60,40,8.23,48,43,-10.08,37,228,115,98,45
540,^q3/B,0.3020278898298152,43,37,7.07,30,40,-12.14,36,335,77,11,36
540,\QgbM,0.2944211709370811,52,17,9.26,35,28,-10.81,35,254,156,92,43
540,WqUl7,0.26472487698047764,54,24,4.6,31,19,-13.97,32,335,128,108,29
540,u9)Bm,0.26422768661179674,46,39,5.71,39,48,-20.97,49,193,62,41,64
540,olZ2=,0.2570132905662374,61,21,8.57,36,22,-6.04,45,322,136,16,33
540,YcMDm,0.255167398019563,61,36,8.43,52,42,-9.95,33,299,116,44,64
540,[H5cG,0.25335188808968945,51,37,8.59,35,51,-17.66,34,231,80,93,40
540,K\=5d,0.25237447272186886,45,40,10.78,37,53,-7.51,25,282,92,21,58
540,:RnRB,0.2418531804800645,55,34,7.27,54,33,-5.76,15,256,166,66,36
630,_hGO(,0.9258026627664637,60,10,12.62,20,5,-3.11,36,312,107,62,20
630,_\FE0,0.6652006839515014,61,18,15.99,34,23,-6.79,36,282,106,46,25
630,MoK)P,0.6134974995296024,50,38,27.76,36,47,-11.92,26,330,113,2,45
630,VZ?7V,0.6040599332740689,57,38,22.26,32,49,-12.97,31,277,95,24,49
630,1R[:>,0.48267830437132003,55,56,18.91,41,70,-18.32,10,256,137,28,34
630,`wh:t,0.4692332653308456,62,29,19.04,44,36,-17.04,37,350,157,28,68
630,YoVE0,0.45669070226918523,57,19,13.67,30,10,-4.64,33,330,130,46,25
630,deX6-,0.4092926204901738,47,17,14.31,33,6,-2.22,39,304,133,22,23
630,OrD<b,0.4017786491804493,53,39,14.41,41,48,-24.34,27,337,103,32,57
630,*e\5n,0.36155535615199996,48,66,17.36,36,94,-30.95,6,304,139,21,64
630,pR*Eb,0.3372717742433562,55,36,10.32,34,47,-22.25,46,256,63,46,57
630,swZ3o,0.3365372197481817,60,28,13.08,38,34,-22.14,48,350,136,17,65
630,rsf)K,0.3285399139653304,59,22,18.02,46,26,6.35,47,340,154,2,42
630,s]cGL,0.3129025745296912,66,30,8.82,41,36,-14.36,48,284,150,49,43
630,X-UH],0.30724981215320507,68,16,5.94,57,28,-2.45,32,163,128,51,54
630,`GLfP,0.3034959830918268,60,40,8.23,48,43,-10.08,37,228,115,98,45
630,^q3/B,0.3020278898298152,43,37,7.07,30,40,-12.14,36,335,77,11,36
630,\QgbM,0.2944211709370811,52,17,9.26,35,28,-10.81,35,254,156,92,43
630,WqUl7,0.26472487698047764,54,24,4.6,31,19,-13.97,32,335,128,108,29
630,u9)Bm,0.26422768661179674,46,39,5.71,39,48,-20.97,49,193,62,41,64
630,olZ2=,0.2570132905662374,61,21,8.57,36,22,-6.04,45,322,136,16,33
630,YcMDm,0.255167398019563,61,36,8.43,52,42,-9.95,33,299,116,44,64
630,K\=5d,0.25237447272186886,45,40,10.78,37,53,-7.51,25,282,92,21,58
630,:RnRB,0.2418531804800645,55,34,7.27,54,33,-5.76,15,256,166,66,36
630,nELlo,0.2356285761204955,59,37,4.85,36,49,-29.15,45,223,115,108,65
630,phJvr,0.22458691770417905,59,32,11.48,42,38,-23.26,46,312,112,123,67
630,shc9L,0.21652861729704162,61,26,21.79,46,30,-4.43,48,312,150,27,43
630,1aF:c,0.21636524481925004,48,66,7.72,35,87,-39.96,10,294,106,28,57
630,X;`OP,0.20785732009286026,64,14,7.07,41,17,-11.15,32,198,145,62,45
630,6-DLl,0.206745097978446,41,67,6.7,34,88,-28.17,13,163,103,57,63
720,_hGO(,0.9258026627664637,60,10,12.62,20,5,-3.11,36,312,107,62,20
720,_\FE0,0.6652006839515014,61,18,15.99,34,23,-6.79,36,282,106,46,25
720,MoK)P,0.6134974995296024,50,38,27.76,36,47,-11.92,26,330,113,2,45
720,VZ?7V,0.6040599332740689,57,38,22.26,32,49,-12.97,31,277,95,24,49
720,1R[:>,0.48267830437132003,55,56,18.91,41,70,-18.32,10,256,137,28,34
720,swcNL,0.47046788597514017,54,24,16.32,44,25,-2.4,48,350,150,60,43
720,`wh:t,0.4692332653308456,62,29,19.04,44,36,-17.04,37,350,157,28,68
720,YoVE0,0.45669070226918523,57,19,13.67,30,10,-4.64,33,330,130,46,25
720,swc3J,0.4460480415108376,62,24,14.64,45,24,-0.79,48,350,150,17,42
720,swc4L,0.4308552085687335,66,24,13.08,48,25,-6.52,48,350,150,19,43
720,swf3L,0.4252622687415422,65,23,16.31,44,25,-8.95,48,350,154,17,43
720,swc3;,0.4206701712081068,61,21,10.27,50,12,2.2,48,350,150,17,32
720,swcTL,0.41331487942537964,66,24,10.11,48,25,-7.81,48,350,150,70,43
720,deX6-,0.4092926204901738,47,17,14.31,33,6,-2.22,39,304,133,22,23
720,swc*L,0.40915713395658254,54,24,17.14,44,25,1.14,48,350,150,3,43
720,swcqL,0.4039334757705835,66,24,6.78,45,24,-10.31,48,350,150,116,43
720,swZ3L,0.40252597201968204,61,26,12.98,42,26,-8.29,48,350,136,17,43
720,OrD<b,0.4017786491804493,53,39,14.41,41,48,-24.34,27,337,103,32,57
720,swcSL,0.3834450556482819,66,24,10.58,48,25,-5.15,48,350,150,68,43
720,*e\5n,0.36155535615199996,48,66,17.36,36,94,-30.95,6,304,139,21,64
720,swa3L,0.3480188874941047,60,25,11.93,36,25,-15.11,48,350,147,17,43
720,pR*Eb,0.3372717742433562,55,36,10.32,34,47,-22.25,46,256,63,46,57
720,swc3r,0.33723522149442997,61,26,12.32,48,31,-16.72,48,350,150,17,67
720,swc3m,0.33723522149442997,61,26,12.32,48,31,-16.72,48,350,150,17,64
720,swZ3o,0.3365372197481817,60,28,13.08,38,34,-22.14,48,350,136,17,65
720,swcmL,0.32358797640630077,66,24,5.26,45,24,-10.87,48,350,150,109,43
720,s]cGL,0.3129025745296912,66,30,8.82,41,36,-14.36,48,284,150,49,43
720,X-UH],0.30724981215320507,68,16,5.94,57,28,-2.45,32,163,128,51,54
720,`GLfP,0.3034959830918268,60,40,8.23,48,43,-10.08,37,228,115,98,45
720,\QgbM,0.2944211709370811,52,17,9.26,35,28,-10.81,35,254,156,92,43
810,_hGO(,0.9258026627664637,60,10,12.62,20,5,-3.11,36,312,107,62,20
810,_\FE0,0.6652006839515014,61,18,15.99,34,23,-6.79,36,282,106,46,25
810,sZ=3L,0.4998740031707318,57,28,16.81,37,35,-19.46,48,277,92,17,43
810,1R[:>,0.48267830437132003,55,56,18.91,41,70,-18.32,10,256,137,28,34
810,swcNL,0.47046788597514017,54,24,16.32,44,25,-2.4,48,350,150,60,43
810,`wh:t,0.4692332653308456,62,29,19.04,44,36,-17.04,37,350,157,28,68
810,YoVE0,0.45669070226918523,57,19,13.67,30,10,-4.64,33,330,130,46,25
810,swc3J,0.4460480415108376,62,24,14.64,45,24,-0.79,48,350,150,17,42
810,swc4L,0.4308552085687335,66,24,13.08,48,25,-6.52,48,350,150,19,43
810,swf3L,0.4252622687415422,65,23,16.31,44,25,-8.95,48,350,154,17,43
810,swc3;,0.4206701712081068,61,21,10.27,50,12,2.2,48,350,150,17,32
810,swcTL,0.41331487942537964,66,24,10.11,48,25,-7.81,48,350,150,70,43
810,swc*L,0.40915713395658254,54,24,17.14,44,25,1.14,48,350,150,3,43
810,swcqL,0.4039334757705835,66,24,6.78,45,24,-10.31,48,350,150,116,43
810,OrD<b,0.4017786491804493,53,39,14.41,41,48,-24.34,27,337,103,32,57
810,swcSL,0.3834450556482819,66,24,10.58,48,25,-5.15,48,350,150,68,43
810,st=3L,0.382237332044153,53,28,10.76,30,36,-26.7,48,342,92,17,43
810,*e\5n,0.36155535615199996,48,66,17.36,36,94,-30.95,6,304,139,21,64
810,sU=3L,0.3515685227583016,58,31,11.42,36,36,-18.7,48,264,92,17,43
810,swa3L,0.3480188874941047,60,25,11.93,36,25,-15.11,48,350,147,17,43
810,sV=3L,0.3417507919797631,56,32,11.01,38,36,-19.22,48,266,92,17,43
810,swc3r,0.33723522149442997,61,26,12.32,48,31,-16.72,48,350,150,17,67
810,swc3m,0.33723522149442997,61,26,12.32,48,31,-16.72,48,350,150,17,64
810,swZ3o,0.3365372197481817,60,28,13.08,38,34,-22.14,48,350,136,17,65
810,s]cGL,0.3129025745296912,66,30,8.82,41,36,-14.36,48,284,150,49,43
810,sw=3O,0.30826893241527986,48,27,5.69,29,34,-26.36,48,350,92,17,45
810,X-UH],0.30724981215320507,68,16,5.94,57,28,-2.45,32,163,128,51,54
810,`GLfP,0.3034959830918268,60,40,8.23,48,43,-10.08,37,228,115,98,45
810,sw=3C,0.301446793544062,50,24,5.88,32,31,-15.86,48,350,92,17,37
810,\QgbM,0.2944211709370811,52,17,9.26,35,28,-10.81,35,254,156,92,43
900,_hGO(,0.9258026627664637,60,10,12.62,20,5,-3.11,36,312,107,62,20
900,_\FE0,0.6652006839515014,61,18,15.99,34,23,-6.79,36,282,106,46,25
900,1R[:>,0.48267830437132003,55,56,18.91,41,70,-18.32,10,256,137,28,34
900,swcNL,0.47046788597514017,54,24,16.32,44,25,-2.4,48,350,150,60,43
900,`wh:t,0.4692332653308456,62,29,19.04,44,36,-17.04,37,350,157,28,68
900,YoVE0,0.45669070226918523,57,19,13.67,30,10,-4.64,33,330,130,46,25
900,swc3J,0.4460480415108376,62,24,14.64,45,24,-0.79,48,350,150,17,42
900,swc4L,0.4308552085687335,66,24,13.08,48,25,-6.52,48,350,150,19,43
900,swf3L,0.4252622687415422,65,23,16.31,44,25,-8.95,48,350,154,17,43
900,swc3;,0.4206701712081068,61,21,10.27,50,12,2.2,48,350,150,17,32
900,swcTL,0.41331487942537964,66,24,10.11,48,25,-7.81,48,350,150,70,43
900,swc*L,0.40915713395658254,54,24,17.14,44,25,1.14,48,350,150,3,43
900,swcqL,0.4039334757705835,66,24,6.78,45,24,-10.31,48,350,150,116,43
900,OrD<b,0.4017786491804493,53,39,14.41,41,48,-24.34,27,337,103,32,57
900,swcSL,0.3834450556482819,66,24,10.58,48,25,-5.15,48,350,150,68,43
900,st=3L,0.382237332044153,53,28,10.76,30,36,-26.7,48,342,92,17,43
900,*e\5n,0.36155535615199996,48,66,17.36,36,94,-30.95,6,304,139,21,64
900,sU=3L,0.3515685227583016,58,31,11.42,36,36,-18.7,48,264,92,17,43
900,swa3L,0.3480188874941047,60,25,11.93,36,25,-15.11,48,350,147,17,43
900,sV=3L,0.3417507919797631,56,32,11.01,38,36,-19.22,48,266,92,17,43
900,swc3r,0.33723522149442997,61,26,12.32,48,31,-16.72,48,350,150,17,67
900,swc3m,0.33723522149442997,61,26,12.32,48,31,-16.72,48,350,150,17,64
900,s]cGL,0.3129025745296912,66,30,8.82,41,36,-14.36,48,284,150,49,43
900,sw=3O,0.30826893241527986,48,27,5.69,29,34,-26.36,48,350,92,17,45
900,X-UH],0.30724981215320507,68,16,5.94,57,28,-2.45,32,163,128,51,54
900,`GLfP,0.3034959830918268,60,40,8.23,48,43,-10.08,37,228,115,98,45
900,sw=3C,0.301446793544062,50,24,5.88,32,31,-15.86,48,350,92,17,37
900,\QgbM,0.2944211709370811,52,17,9.26,35,28,-10.81,35,254,156,92,43
900,swc3h,0.28451064010200755,60,25,9.19,48,31,-16.72,48,350,150,17,61
900,Zw=3L,0.2841872427976581,48,37,7.44,39,41,-16.95,33,350,92,17,43
990,_hGO(,0.9258026627664637,60,10,12.62,20,5,-3.11,36,312,107,62,20
990,swc31,0.7986978793551481,75,12,16.06,50,6,1.69,48,350,150,17,26
990,s^=*L,0.7391245711590515,60,28,32.79,27,36,-18.5,48,287,92,3,43
990,_\FE0,0.6652006839515014,61,18,15.99,34,23,-6.79,36,282,106,46,25
990,se=*L,0.6115623710513335,54,31,28.97,25,35,-26.96,48,304,92,3,43
990,swn*L,0.5964024667105233,65,23,26.64,39,23,-14.07,48,350,166,3,43
990,swi3r,0.5777248819317001,68,25,20.34,46,32,-23.3,48,350,159,17,67
990,swT3L,0.5282540780867171,65,23,16.92,38,31,-11.68,48,350,127,17,43
990,swT*L,0.511357505032469,56,23,20.31,37,29,-8.19,48,350,127,3,43
990,smc3L,0.49991258449365006,72,22,21.34,44,29,-10.3,48,325,150,17,43
990,nwc3r,0.47946387357320147,66,27,19.38,40,35,-24.29,45,350,150,17,67
990,swcNL,0.47046788597514017,54,24,16.32,44,25,-2.4,48,350,150,60,43
990,YoVE0,0.45669070226918523,57,19,13.67,30,10,-4.64,33,330,130,46,25
990,swc3J,0.4460480415108376,62,24,14.64,45,24,-0.79,48,350,150,17,42
990,swc3M,0.4460480415108376,62,24,14.64,44,25,-5.13,48,350,150,17,43
990,awc3L,0.43452690941948574,69,26,19.75,46,32,-16.94,37,350,150,17,43
990,swc4L,0.4308552085687335,66,24,13.08,48,25,-6.52,48,350,150,19,43
990,swf3L,0.4252622687415422,65,23,16.31,44,25,-8.95,48,350,154,17,43
990,swc3;,0.4206701712081068,61,21,10.27,50,12,2.2,48,350,150,17,32
990,swcTL,0.41331487942537964,66,24,10.11,48,25,-7.81,48,350,150,70,43
990,swV*L,0.4125555463346656,52,25,17.62,40,27,-6.11,48,350,130,3,43
990,swd3r,0.41141910035043294,62,27,15.82,47,34,-17.97,48,350,151,17,67
990,swc*L,0.40915713395658254,54,24,17.14,44,25,1.14,48,350,150,3,43
990,swcqL,0.4039334757705835,66,24,6.78,45,24,-10.31,48,350,150,116,43
990,OrD<b,0.4017786491804493,53,39,14.41,41,48,-24.34,27,337,103,32,57
990,qwc3r,0.4010556658841149,64,28,17.15,45,35,-19.08,47,350,150,17,67
990,sws3L,0.3989535416164133,53,26,9.64,45,22,-8.59,48,350,174,17,43
990,bwc3r,0.393420195703519,60,28,16.78,44,38,-24.55,38,350,150,17,67
990,uwc3L,0.3860748356796476,68,22,15.4,42,26,-7.79,49,350,150,17,43
990,vwc3L,0.3860748356796476,68,22,15.4,42,26,-7.79,49,350,150,17,43
1080,_hGO(,0.9258026627664637,60,10,12.62,20,5,-3.11,36,312,107,62,20
1080,swc31,0.7986978793551481,75,12,16.06,50,6,1.69,48,350,150,17,26
1080,s^=*L,0.7391245711590515,60,28,32.79,27,36,-18.5,48,287,92,3,43
1080,_\FE0,0.6652006839515014,61,18,15.99,34,23,-6.79,36,282,106,46,25
1080,se=*L,0.6115623710513335,54,31,28.97,25,35,-26.96,48,304,92,3,43
1080,swn*L,0.5964024667105233,65,23,26.64,39,23,-14.07,48,350,166,3,43
1080,swi3r,0.5777248819317001,68,25,20.34,46,32,-23.3,48,350,159,17,67
1080,swT3L,0.5282540780867171,65,23,16.92,38,31,-11.68,48,350,127,17,43
1080,swT*L,0.511357505032469,56,23,20.31,37,29,-8.19,48,350,127,3,43
1080,nwc3r,0.47946387357320147,66,27,19.38,40,35,-24.29,45,350,150,17,67
1080,swcNL,0.47046788597514017,54,24,16.32,44,25,-2.4,48,350,150,60,43
1080,swc3J,0.4460480415108376,62,24,14.64,45,24,-0.79,48,350,150,17,42
1080,sw=3u,0.4420207357954298,51,29,10.96,34,38,-26.13,48,350,92,17,69
1080,sw=3w,0.4420207357954298,51,29,10.96,34,38,-26.13,48,350,92,17,70
1080,awc3L,0.43452690941948574,69,26,19.75,46,32,-16.94,37,350,150,17,43
1080,swc4L,0.4308552085687335,66,24,13.08,48,25,-6.52,48,350,150,19,43
1080,swc3;,0.4206701712081068,61,21,10.27,50,12,2.2,48,350,150,17,32
1080,swcTL,0.41331487942537964,66,24,10.11,48,25,-7.81,48,350,150,70,43
1080,swg3L,0.4132021094517049,68,22,17.59,46,26,-5.76,48,350,156,17,43
1080,swV*L,0.4125555463346656,52,25,17.62,40,27,-6.11,48,350,130,3,43
1080,swd3r,0.41141910035043294,62,27,15.82,47,34,-17.97,48,350,151,17,67
1080,swc*L,0.40915713395658254,54,24,17.14,44,25,1.14,48,350,150,3,43
1080,swcqL,0.4039334757705835,66,24,6.78,45,24,-10.31,48,350,150,116,43
1080,OrD<b,0.4017786491804493,53,39,14.41,41,48,-24.34,27,337,103,32,57
1080,sws3L,0.3989535416164133,53,26,9.64,45,22,-8.59,48,350,174,17,43
1080,uwc3L,0.3860748356796476,68,22,15.4,42,26,-7.79,49,350,150,17,43
1080,vwc3L,0.3860748356796476,68,22,15.4,42,26,-7.79,49,350,150,17,43
1080,st=3L,0.382237332044153,53,28,10.76,30,36,-26.7,48,342,92,17,43
1080,pw^3L,0.3780572150341074,66,24,15.06,42,28,-9.18,46,350,142,17,43
1080,swc3S,0.3752884597149829,62,24,12.67,44,27,-9.89,48,350,150,17,47
1170,_hGO(,0.9258026627664637,60,10,12.62,20,5,-3.11,36,312,107,62,20
1170,swc31,0.7986978793551481,75,12,16.06,50,6,1.69,48,350,150,17,26
1170,_\FE0,0.6652006839515014,61,18,15.99,34,23,-6.79,36,282,106,46,25
1170,s`c3L,0.6604278475007394,60,28,20.4,44,34,-1.8,48,292,150,17,43
1170,swn*L,0.5964024667105233,65,23,26.64,39,23,-14.07,48,350,166,3,43
1170,scc3L,0.5825747034178184,53,28,12.6,46,28,-4.56,48,299,150,17,43
1170,swi3r,0.5777248819317001,68,25,20.34,46,32,-23.3,48,350,159,17,67
1170,swk3L,0.5257497201892289,72,22,23.1,40,25,-17.04,48,350,162,17,43
1170,slc3L,0.5121714668813698,75,24,21.58,46,28,-7.99,48,322,150,17,43
1170,swT*L,0.511357505032469,56,23,20.31,37,29,-8.19,48,350,127,3,43
1170,nwc3r,0.47946387357320147,66,27,19.38,40,35,-24.29,45,350,150,17,67
1170,swcNL,0.47046788597514017,54,24,16.32,44,25,-2.4,48,350,150,60,43
1170,swc3J,0.4460480415108376,62,24,14.64,45,24,-0.79,48,350,150,17,42
1170,swc3G,0.4460480415108376,62,24,14.64,42,21,-2.43,48,350,150,17,40
1170,swc3D,0.4460480415108376,62,24,14.64,33,21,-12.46,48,350,150,17,38
1170,swc3F,0.4460480415108376,62,24,14.64,33,21,-12.46,48,350,150,17,39
1170,swc3G,0.4460480415108376,62,24,14.64,42,21,-2.43,48,350,150,17,40
1170,twc3L,0.4460480415108376,62,24,14.64,44,25,-5.13,48,350,150,17,43
1170,sw=3u,0.4420207357954298,51,29,10.96,34,38,-26.13,48,350,92,17,69
1170,sw=3w,0.4420207357954298,51,29,10.96,34,38,-26.13,48,350,92,17,70
1170,sic3L,0.44192599529204313,68,25,16.69,50,28,-4.81,48,315,150,17,43
1170,awc3L,0.43452690941948574,69,26,19.75,46,32,-16.94,37,350,150,17,43
1170,swc4L,0.4308552085687335,66,24,13.08,48,25,-6.52,48,350,150,19,43
1170,swc3;,0.4206701712081068,61,21,10.27,50,12,2.2,48,350,150,17,32
1170,swc3;,0.4206701712081068,61,21,10.27,50,12,2.2,48,350,150,17,32
1170,swcTL,0.41331487942537964,66,24,10.11,48,25,-7.81,48,350,150,70,43
1170,swV*L,0.4125555463346656,52,25,17.62,40,27,-6.11,48,350,130,3,43
1170,swcgL,0.4114107221974476,66,24,8.51,48,25,-7.98,48,350,150,100,43
1170,swc*L,0.40915713395658254,54,24,17.14,44,25,1.14,48,350,150,3,43
1170,swc*L,0.40915713395658254,54,24,17.14,44,25,1.14,48,350,150,3,43
1260,_hGO(,0.9258026627664637,60,10,12.62,20,5,-3.11,36,312,107,62,20
1260,_\FE0,0.6652006839515014,61,18,15.99,34,23,-6.79,36,282,106,46,25
1260,s`c3L,0.6604278475007394,60,28,20.4,44,34,-1.8,48,292,150,17,43
1260,s`=3L,0.6270462312470243,60,28,21.38,35,39,-24.66,48,292,92,17,43
1260,swn*L,0.5964024667105233,65,23,26.64,39,23,-14.07,48,350,166,3,43
1260,swi3r,0.5777248819317001,68,25,20.34,46,32,-23.3,48,350,159,17,67
1260,slc3L,0.5121714668813698,75,24,21.58,46,28,-7.99,48,322,150,17,43
1260,swT*L,0.511357505032469,56,23,20.31,37,29,-8.19,48,350,127,3,43
1260,nwc3r,0.47946387357320147,66,27,19.38,40,35,-24.29,45,350,150,17,67
1260,swcNL,0.47046788597514017,54,24,16.32,44,25,-2.4,48,350,150,60,43
1260,swc3J,0.4460480415108376,62,24,14.64,45,24,-0.79,48,350,150,17,42
1260,swc3G,0.4460480415108376,62,24,14.64,42,21,-2.43,48,350,150,17,40
1260,swc3D,0.4460480415108376,62,24,14.64,33,21,-12.46,48,350,150,17,38
1260,swc3F,0.4460480415108376,62,24,14.64,33,21,-12.46,48,350,150,17,39
1260,swc3G,0.4460480415108376,62,24,14.64,42,21,-2.43,48,350,150,17,40
1260,twc3L,0.4460480415108376,62,24,14.64,44,25,-5.13,48,350,150,17,43
1260,sw=3u,0.4420207357954298,51,29,10.96,34,38,-26.13,48,350,92,17,69
1260,sw=3w,0.4420207357954298,51,29,10.96,34,38,-26.13,48,350,92,17,70
1260,sw=3u,0.4420207357954298,51,29,10.96,34,38,-26.13,48,350,92,17,69
1260,sw=3w,0.4420207357954298,51,29,10.96,34,38,-26.13,48,350,92,17,70
1260,sic3L,0.44192599529204313,68,25,16.69,50,28,-4.81,48,315,150,17,43
1260,awc3L,0.43452690941948574,69,26,19.75,46,32,-16.94,37,350,150,17,43
1260,sg=3L,0.43259225825452857,51,31,14.29,29,37,-29.89,48,309,92,17,43
1260,swc4L,0.4308552085687335,66,24,13.08,48,25,-6.52,48,350,150,19,43
1260,swc3;,0.4206701712081068,61,21,10.27,50,12,2.2,48,350,150,17,32
1260,swc3;,0.4206701712081068,61,21,10.27,50,12,2.2,48,350,150,17,32
1260,swcTL,0.41331487942537964,66,24,10.11,48,25,-7.81,48,350,150,70,43
1260,swV*L,0.4125555463346656,52,25,17.62,40,27,-6.11,48,350,130,3,43
1260,swcgL,0.4114107221974476,66,24,8.51,48,25,-7.98,48,350,150,100,43
1260,swc*L,0.40915713395658254,54,24,17.14,44,25,1.14,48,350,150,3,43
1350,_hGO(,0.9258026627664637,60,10,12.62,20,5,-3.11,36,312,107,62,20
1350,_\FE0,0.6652006839515014,61,18,15.99,34,23,-6.79,36,282,106,46,25
1350,s`c3L,0.6604278475007394,60,28,20.4,44,34,-1.8,48,292,150,17,43
1350,swn*L,0.5964024667105233,65,23,26.64,39,23,-14.07,48,350,166,3,43
1350,swi3r,0.5777248819317001,68,25,20.34,46,32,-23.3,48,350,159,17,67
1350,slc3L,0.5121714668813698,75,24,21.58,46,28,-7.99,48,322,150,17,43
1350,swT*L,0.511357505032469,56,23,20.31,37,29,-8.19,48,350,127,3,43
1350,nwc3r,0.47946387357320147,66,27,19.38,40,35,-24.29,45,350,150,17,67
1350,swc3J,0.4460480415108376,62,24,14.64,45,24,-0.79,48,350,150,17,42
1350,swc3G,0.4460480415108376,62,24,14.64,42,21,-2.43,48,350,150,17,40
1350,swc3D,0.4460480415108376,62,24,14.64,33,21,-12.46,48,350,150,17,38
1350,swc3F,0.4460480415108376,62,24,14.64,33,21,-12.46,48,350,150,17,39
1350,swc3G,0.4460480415108376,62,24,14.64,42,21,-2.43,48,350,150,17,40
1350,twc3L,0.4460480415108376,62,24,14.64,44,25,-5.13,48,350,150,17,43
1350,sw=3u,0.4420207357954298,51,29,10.96,34,38,-26.13,48,350,92,17,69
1350,sw=3w,0.4420207357954298,51,29,10.96,34,38,-26.13,48,350,92,17,70
1350,sw=3u,0.4420207357954298,51,29,10.96,34,38,-26.13,48,350,92,17,69
1350,sw=3w,0.4420207357954298,51,29,10.96,34,38,-26.13,48,350,92,17,70
1350,sic3L,0.44192599529204313,68,25,16.69,50,28,-4.81,48,315,150,17,43
1350,awc3L,0.43452690941948574,69,26,19.75,46,32,-16.94,37,350,150,17,43
1350,`wc3L,0.43452690941948574,69,26,19.75,46,32,-16.94,37,350,150,17,43
1350,sg=3L,0.43259225825452857,51,31,14.29,29,37,-29.89,48,309,92,17,43
1350,swc4L,0.4308552085687335,66,24,13.08,48,25,-6.52,48,350,150,19,43
1350,jwq3L,0.42867771001031896,66,24,16.93,50,30,-2.57,43,350,171,17,43
1350,swc3;,0.4206701712081068,61,21,10.27,50,12,2.2,48,350,150,17,32
1350,swc3;,0.4206701712081068,61,21,10.27,50,12,2.2,48,350,150,17,32
1350,jtc3L,0.4172346859520846,64,25,15.7,40,30,-15.17,43,342,150,17,43
1350,swV*L,0.4125555463346656,52,25,17.62,40,27,-6.11,48,350,130,3,43
1350,swcgL,0.4114107221974476,66,24,8.51,48,25,-7.98,48,350,150,100,43
1350,swc*L,0.40915713395658254,54,24,17.14,44,25,1.14,48,350,150,3,43
1440,_hGO(,0.9258026627664637,60,10,12.62,20,5,-3.11,36,312,107,62,20
1440,_\FE0,0.6652006839515014,61,18,15.99,34,23,-6.79,36,282,106,46,25
1440,s`c3L,0.6604278475007394,60,28,20.4,44,34,-1.8,48,292,150,17,43
1440,swn*L,0.5964024667105233,65,23,26.64,39,23,-14.07,48,350,166,3,43
1440,jwj3n,0.534953829319067,73,26,20.98,42,33,-25.04,43,350,160,17,64
1440,jac3n,0.519451713842305,58,31,14.59,40,42,-28.47,43,294,150,17,64
1440,swT*L,0.511357505032469,56,23,20.31,37,29,-8.19,48,350,127,3,43
1440,joc3n,0.5063916144845112,68,25,22.28,42,35,-24.24,43,330,150,17,64
1440,jw]3n,0.5016426312320134,64,28,18.82,44,34,-18.98,43,350,141,17,64
1440,cwc3n,0.4959195320255145,67,28,20.8,44,36,-19.89,39,350,150,17,64
1440,jwcWn,0.4771825295296963,62,27,17.08,43,37,-19.51,43,350,150,74,64
1440,jwcMn,0.4649454908589739,59,27,19.39,43,37,-17.94,43,350,150,59,64
1440,swc3J,0.4460480415108376,62,24,14.64,45,24,-0.79,48,350,150,17,42
1440,swc3G,0.4460480415108376,62,24,14.64,42,21,-2.43,48,350,150,17,40
1440,swc3D,0.4460480415108376,62,24,14.64,33,21,-12.46,48,350,150,17,38
1440,swc3F,0.4460480415108376,62,24,14.64,33,21,-12.46,48,350,150,17,39
1440,swc3G,0.4460480415108376,62,24,14.64,42,21,-2.43,48,350,150,17,40
1440,twc3L,0.4460480415108376,62,24,14.64,44,25,-5.13,48,350,150,17,43
1440,sw=3u,0.4420207357954298,51,29,10.96,34,38,-26.13,48,350,92,17,69
1440,sw=3w,0.4420207357954298,51,29,10.96,34,38,-26.13,48,350,92,17,70
1440,sw=3u,0.4420207357954298,51,29,10.96,34,38,-26.13,48,350,92,17,69
1440,sic3L,0.44192599529204313,68,25,16.69,50,28,-4.81,48,315,150,17,43
1440,awc3L,0.43452690941948574,69,26,19.75,46,32,-16.94,37,350,150,17,43
1440,`wc3L,0.43452690941948574,69,26,19.75,46,32,-16.94,37,350,150,17,43
1440,sg=3L,0.43259225825452857,51,31,14.29,29,37,-29.89,48,309,92,17,43
1440,j-c3n,0.4322370490394858,83,6,8.68,66,6,0.1,43,163,150,17,64
1440,swc4L,0.4308552085687335,66,24,13.08,48,25,-6.52,48,350,150,19,43
1440,jwq3L,0.42867771001031896,66,24,16.93,50,30,-2.57,43,350,171,17,43
1440,jwi3L,0.42726068031176817,73,23,18.54,45,24,-5.58,43,350,159,17,43
1440,jwm3L,0.42288274608755605,73,23,18.17,50,28,-0.64,43,350,165,17,43
1530,_hGO(,0.9258026627664637,60,10,12.62,20,5,-3.11,36,312,107,62,20
1530,_\FE0,0.6652006839515014,61,18,15.99,34,23,-6.79,36,282,106,46,25
1530,s`c3L,0.6604278475007394,60,28,20.4,44,34,-1.8,48,292,150,17,43
1530,swn*L,0.5964024667105233,65,23,26.64,39,23,-14.07,48,350,166,3,43
1530,jwj3n,0.534953829319067,73,26,20.98,42,33,-25.04,43,350,160,17,64
1530,jwj3n,0.534953829319067,73,26,20.98,42,33,-25.04,43,350,160,17,64
1530,jac3n,0.519451713842305,58,31,14.59,40,42,-28.47,43,294,150,17,64
1530,joc3n,0.5063916144845112,68,25,22.28,42,35,-24.24,43,330,150,17,64
1530,jw]3n,0.5016426312320134,64,28,18.82,44,34,-18.98,43,350,141,17,64
1530,cwc3n,0.4959195320255145,67,28,20.8,44,36,-19.89,39,350,150,17,64
1530,jwcMn,0.4649454908589739,59,27,19.39,43,37,-17.94,43,350,150,59,64
1530,swc3J,0.4460480415108376,62,24,14.64,45,24,-0.79,48,350,150,17,42
1530,swc3G,0.4460480415108376,62,24,14.64,42,21,-2.43,48,350,150,17,40
1530,swc3D,0.4460480415108376,62,24,14.64,33,21,-12.46,48,350,150,17,38
1530,swc3G,0.4460480415108376,62,24,14.64,42,21,-2.43,48,350,150,17,40
1530,twc3L,0.4460480415108376,62,24,14.64,44,25,-5.13,48,350,150,17,43
1530,sw=3u,0.4420207357954298,51,29,10.96,34,38,-26.13,48,350,92,17,69
1530,sw=3w,0.4420207357954298,51,29,10.96,34,38,-26.13,48,350,92,17,70
1530,sw=3u,0.4420207357954298,51,29,10.96,34,38,-26.13,48,350,92,17,69
1530,sic3L,0.44192599529204313,68,25,16.69,50,28,-4.81,48,315,150,17,43
1530,`wc3L,0.43452690941948574,69,26,19.75,46,32,-16.94,37,350,150,17,43
1530,j-c3n,0.4322370490394858,83,6,8.68,66,6,0.1,43,163,150,17,64
1530,swc4L,0.4308552085687335,66,24,13.08,48,25,-6.52,48,350,150,19,43
1530,swc4L,0.4308552085687335,66,24,13.08,48,25,-6.52,48,350,150,19,43
1530,jwq3L,0.42867771001031896,66,24,16.93,50,30,-2.57,43,350,171,17,43
1530,jwi3L,0.42726068031176817,73,23,18.54,45,24,-5.58,43,350,159,17,43
1530,sjc3L,0.4217414723966651,69,23,16.18,45,31,-13.66,48,317,150,17,43
1530,swc3;,0.4206701712081068,61,21,10.27,50,12,2.2,48,350,150,17,32
1530,swc3;,0.4206701712081068,61,21,10.27,50,12,2.2,48,350,150,17,32
1530,swcgL,0.4114107221974476,66,24,8.51,48,25,-7.98,48,350,150,100,43
1620,_hGO(,0.9258026627664637,60,10,12.62,20,5,-3.11,36,312,107,62,20
1620,s`c3L,0.6604278475007394,60,28,20.4,44,34,-1.8,48,292,150,17,43
1620,swn*L,0.5964024667105233,65,23,26.64,39,23,-14.07,48,350,166,3,43
1620,vwc.O,0.568190051576422,66,24,24.4,40,27,-5.96,49,350,150,9,45
1620,jwj3n,0.534953829319067,73,26,20.98,42,33,-25.04,43,350,160,17,64
1620,vwc.r,0.5247421750942238,65,26,25.07,42,35,-16.32,49,350,150,9,67
1620,jac3n,0.519451713842305,58,31,14.59,40,42,-28.47,43,294,150,17,64
1620,joc3n,0.5063916144845112,68,25,22.28,42,35,-24.24,43,330,150,17,64
1620,jw]3n,0.5016426312320134,64,28,18.82,44,34,-18.98,43,350,141,17,64
1620,cwc3n,0.4959195320255145,67,28,20.8,44,36,-19.89,39,350,150,17,64
1620,v`c.L,0.49538533762466924,55,27,18.08,48,33,7.31,49,292,150,9,43
1620,jwcMn,0.4649454908589739,59,27,19.39,43,37,-17.94,43,350,150,59,64
1620,swc3J,0.4460480415108376,62,24,14.64,45,24,-0.79,48,350,150,17,42
1620,swc3G,0.4460480415108376,62,24,14.64,42,21,-2.43,48,350,150,17,40
1620,swc3D,0.4460480415108376,62,24,14.64,33,21,-12.46,48,350,150,17,38
1620,swc3G,0.4460480415108376,62,24,14.64,42,21,-2.43,48,350,150,17,40
1620,twc3L,0.4460480415108376,62,24,14.64,44,25,-5.13,48,350,150,17,43
1620,vwcTL,0.44582637643580353,73,23,13.05,44,25,-12.92,49,350,150,70,43
1620,sw=3u,0.4420207357954298,51,29,10.96,34,38,-26.13,48,350,92,17,69
1620,sw=3w,0.4420207357954298,51,29,10.96,34,38,-26.13,48,350,92,17,70
1620,sw=3u,0.4420207357954298,51,29,10.96,34,38,-26.13,48,350,92,17,69
1620,sic3L,0.44192599529204313,68,25,16.69,50,28,-4.81,48,315,150,17,43
1620,vwclL,0.4406578706603986,69,23,9.78,44,25,-10.44,49,350,150,108,43
1620,vwcfL,0.4365470594764489,69,23,11.55,42,26,-10.35,49,350,150,98,43
1620,vwc3H,0.43551241143271313,68,22,16.29,31,22,-15.79,49,350,150,17,40
1620,`wc3L,0.43452690941948574,69,26,19.75,46,32,-16.94,37,350,150,17,43
1620,swc4L,0.4308552085687335,66,24,13.08,48,25,-6.52,48,350,150,19,43
1620,swc4L,0.4308552085687335,66,24,13.08,48,25,-6.52,48,350,150,19,43
1620,jwq3L,0.42867771001031896,66,24,16.93,50,30,-2.57,43,350,171,17,43
1620,jwi3L,0.42726068031176817,73,23,18.54,45,24,-5.58,43,350,159,17,43
1710,_hGO(,0.9258026627664637,60,10,12.62,20,5,-3.11,36,312,107,62,20
1710,s`c3L,0.6604278475007394,60,28,20.4,44,34,-1.8,48,292,150,17,43
1710,swn*L,0.5964024667105233,65,23,26.64,39,23,-14.07,48,350,166,3,43
1710,vwc.O,0.568190051576422,66,24,24.4,40,27,-5.96,49,350,150,9,45
1710,jwj3n,0.534953829319067,73,26,20.98,42,33,-25.04,43,350,160,17,64
1710,jac3n,0.519451713842305,58,31,14.59,40,42,-28.47,43,294,150,17,64
1710,joc3n,0.5063916144845112,68,25,22.28,42,35,-24.24,43,330,150,17,64
1710,jw]3n,0.5016426312320134,64,28,18.82,44,34,-18.98,43,350,141,17,64
1710,cwc3n,0.4959195320255145,67,28,20.8,44,36,-19.89,39,350,150,17,64
1710,v`c.L,0.49538533762466924,55,27,18.08,48,33,7.31,49,292,150,9,43
1710,jwcMn,0.4649454908589739,59,27,19.39,43,37,-17.94,43,350,150,59,64
1710,swc3J,0.4460480415108376,62,24,14.64,45,24,-0.79,48,350,150,17,42
1710,swc3G,0.4460480415108376,62,24,14.64,42,21,-2.43,48,350,150,17,40
1710,swc3D,0.4460480415108376,62,24,14.64,33,21,-12.46,48,350,150,17,38
1710,swc3G,0.4460480415108376,62,24,14.64,42,21,-2.43,48,350,150,17,40
1710,twc3L,0.4460480415108376,62,24,14.64,44,25,-5.13,48,350,150,17,43
1710,vwcTL,0.44582637643580353,73,23,13.05,44,25,-12.92,49,350,150,70,43
1710,sw=3u,0.4420207357954298,51,29,10.96,34,38,-26.13,48,350,92,17,69
1710,sw=3w,0.4420207357954298,51,29,10.96,34,38,-26.13,48,350,92,17,70
1710,sw=3u,0.4420207357954298,51,29,10.96,34,38,-26.13,48,350,92,17,69
1710,sic3L,0.44192599529204313,68,25,16.69,50,28,-4.81,48,315,150,17,43
1710,vwcfL,0.4365470594764489,69,23,11.55,42,26,-10.35,49,350,150,98,43
1710,vwc3H,0.43551241143271313,68,22,16.29,31,22,-15.79,49,350,150,17,40
1710,`wc3L,0.43452690941948574,69,26,19.75,46,32,-16.94,37,350,150,17,43
1710,swc4L,0.4308552085687335,66,24,13.08,48,25,-6.52,48,350,150,19,43
1710,swc4L,0.4308552085687335,66,24,13.08,48,25,-6.52,48,350,150,19,43
1710,jwq3L,0.42867771001031896,66,24,16.93,50,30,-2.57,43,350,171,17,43
1710,jwi3L,0.42726068031176817,73,23,18.54,45,24,-5.58,43,350,159,17,43
1710,vwc^L,0.4226546165776495,69,23,11.57,42,26,-11.04,49,350,150,85,43
1710,vwX.L,0.4220759230827626,58,24,19.35,39,28,-8.61,49,350,133,9,43
1800,_hGO(,0.9258026627664637,60,10,12.62,20,5,-3.11,36,312,107,62,20
1800,swn*L,0.5964024667105233,65,23,26.64,39,23,-14.07,48,350,166,3,43
1800,vwc.O,0.568190051576422,66,24,24.4,40,27,-5.96,49,350,150,9,45
1800,jwj3n,0.534953829319067,73,26,20.98,42,33,-25.04,43,350,160,17,64
1800,vwm3L,0.5307044526291071,64,25,19.5,38,26,-19.01,49,350,165,17,43
1800,jac3n,0.519451713842305,58,31,14.59,40,42,-28.47,43,294,150,17,64
1800,jrc3o,0.5149511659708327,66,27,22.56,42,35,-23.37,43,337,150,17,65
1800,joc3n,0.5063916144845112,68,25,22.28,42,35,-24.24,43,330,150,17,64
1800,jw]3n,0.5016426312320134,64,28,18.82,44,34,-18.98,43,350,141,17,64
1800,cwc3n,0.4959195320255145,67,28,20.8,44,36,-19.89,39,350,150,17,64
1800,v`c.L,0.49538533762466924,55,27,18.08,48,33,7.31,49,292,150,9,43
1800,vwV3L,0.4817433685629786,69,23,19.09,38,31,-13.55,49,350,130,17,43
1800,nwc3o,0.47946387357320147,66,27,19.38,40,35,-24.29,45,350,150,17,65
1800,vwe3L,0.4779269748318008,70,24,21.58,44,25,-8.06,49,350,153,17,43
1800,vwc1L,0.47390834504758705,69,23,19.77,42,26,-6.76,49,350,150,14,43
1800,vwc3l,0.470675795034984,69,26,21.13,45,31,-21.23,49,350,150,17,63
1800,jwm3o,0.46658040950812624,72,25,19.97,44,38,-24.81,43,350,165,17,65
1800,jwcMn,0.4649454908589739,59,27,19.39,43,37,-17.94,43,350,150,59,64
1800,swc3J,0.4460480415108376,62,24,14.64,45,24,-0.79,48,350,150,17,42
1800,swc3G,0.4460480415108376,62,24,14.64,42,21,-2.43,48,350,150,17,40
1800,swc3D,0.4460480415108376,62,24,14.64,33,21,-12.46,48,350,150,17,38
1800,swc3G,0.4460480415108376,62,24,14.64,42,21,-2.43,48,350,150,17,40
1800,twc3L,0.4460480415108376,62,24,14.64,44,25,-5.13,48,350,150,17,43
1800,twc3L,0.4460480415108376,62,24,14.64,44,25,-5.13,48,350,150,17,43
1800,vwcTL,0.44582637643580353,73,23,13.05,44,25,-12.92,49,350,150,70,43
1800,vwcTL,0.44582637643580353,73,23,13.05,44,25,-12.92,49,350,150,70,43
1800,vwc<L,0.4434695021353629,69,23,16.49,44,25,-6.66,49,350,150,32,43
1800,sw=3u,0.4420207357954298,51,29,10.96,34,38,-26.13,48,350,92,17,69
1800,sw=3u,0.4420207357954298,51,29,10.96,34,38,-26.13,48,350,92,17,69
1800,sic3L,0.44192599529204313,68,25,16.69,50,28,-4.81,48,315,150,17,43
1890,_hGO(,0.9258026627664637,60,10,12.62,20,5,-3.11,36,312,107,62,20
1890,swn*L,0.5964024667105233,65,23,26.64,39,23,-14.07,48,350,166,3,43
1890,vwc.O,0.568190051576422,66,24,24.4,40,27,-5.96,49,350,150,9,45
1890,jwj3n,0.534953829319067,73,26,20.98,42,33,-25.04,43,350,160,17,64
1890,vwm3L,0.5307044526291071,64,25,19.5,38,26,-19.01,49,350,165,17,43
1890,jwq6L,0.5238856641443835,58,24,22.22,50,30,0.64,43,350,171,22,43
1890,jac3n,0.519451713842305,58,31,14.59,40,42,-28.47,43,294,150,17,64
1890,jrc3o,0.5149511659708327,66,27,22.56,42,35,-23.37,43,337,150,17,65
1890,joc3n,0.5063916144845112,68,25,22.28,42,35,-24.24,43,330,150,17,64
1890,jw]3n,0.5016426312320134,64,28,18.82,44,34,-18.98,43,350,141,17,64
1890,cwc3n,0.4959195320255145,67,28,20.8,44,36,-19.89,39,350,150,17,64
1890,v`c.L,0.49538533762466924,55,27,18.08,48,33,7.31,49,292,150,9,43
1890,vwV3L,0.4817433685629786,69,23,19.09,38,31,-13.55,49,350,130,17,43
1890,nwc3o,0.47946387357320147,66,27,19.38,40,35,-24.29,45,350,150,17,65
1890,vwe3L,0.4779269748318008,70,24,21.58,44,25,-8.06,49,350,153,17,43
1890,vwc1L,0.47390834504758705,69,23,19.77,42,26,-6.76,49,350,150,14,43
1890,vwc3l,0.470675795034984,69,26,21.13,45,31,-21.23,49,350,150,17,63
1890,vwc3r,0.470675795034984,69,26,21.13,45,31,-21.23,49,350,150,17,67
1890,vwc3k,0.470675795034984,69,26,21.13,45,31,-21.23,49,350,150,17,62
1890,vwc3v,0.470675795034984,69,26,21.13,45,31,-21.23,49,350,150,17,69
1890,jwf3L,0.4703268578273908,70,24,16.81,43,30,-11.42,43,350,154,17,43
1890,vwc3>,0.46872191683297415,68,22,16.6,35,14,-7.98,49,350,150,17,34
1890,vwc3>,0.46872191683297415,68,22,16.6,35,14,-7.98,49,350,150,17,34
1890,jwm3o,0.46658040950812624,72,25,19.97,44,38,-24.81,43,350,165,17,65
1890,`wq3L,0.4665399691754314,62,27,14.77,54,31,1.93,37,350,171,17,43
1890,jwcMn,0.4649454908589739,59,27,19.39,43,37,-17.94,43,350,150,59,64
1890,swc3J,0.4460480415108376,62,24,14.64,45,24,-0.79,48,350,150,17,42
1890,swc3G,0.4460480415108376,62,24,14.64,42,21,-2.43,48,350,150,17,40
1890,swc3D,0.4460480415108376,62,24,14.64,33,21,-12.46,48,350,150,17,38
1890,swc3G,0.4460480415108376,62,24,14.64,42,21,-2.43,48,350,150,17,40
1980,_hGO(,0.9258026627664637,60,10,12.62,20,5,-3.11,36,312,107,62,20
1980,swn*L,0.5964024667105233,65,23,26.64,39,23,-14.07,48,350,166,3,43
1980,vwc.O,0.568190051576422,66,24,24.4,40,27,-5.96,49,350,150,9,45
1980,v`J.I,0.5553399946780662,58,24,20.52,33,30,-9.81,49,292,112,9,41
1980,v`c.9,0.5507180334822394,58,24,19.72,25,20,-14.23,49,292,150,9,31
1980,v`Q.I,0.5501802388258853,63,22,22.67,34,29,-12.14,49,292,122,9,41
1980,jwj3n,0.534953829319067,73,26,20.98,42,33,-25.04,43,350,160,17,64
1980,vwm3L,0.5307044526291071,64,25,19.5,38,26,-19.01,49,350,165,17,43
1980,v`e.I,0.5289562873615369,57,28,20.01,43,30,-3.39,49,292,153,9,41
1980,jwq6L,0.5238856641443835,58,24,22.22,50,30,0.64,43,350,171,22,43
1980,jrc3o,0.5149511659708327,66,27,22.56,42,35,-23.37,43,337,150,17,65
1980,vwc.I,0.5020817912996776,65,23,20.93,31,22,-14.99,49,350,150,9,41
1980,jw]3n,0.5016426312320134,64,28,18.82,44,34,-18.98,43,350,141,17,64
1980,cwc3n,0.4959195320255145,67,28,20.8,44,36,-19.89,39,350,150,17,64
1980,v`c.L,0.49538533762466924,55,27,18.08,48,33,7.31,49,292,150,9,43
1980,v`c.N,0.49538533762466924,55,27,18.08,48,33,7.31,49,292,150,9,44
1980,vwV3L,0.4817433685629786,69,23,19.09,38,31,-13.55,49,350,130,17,43
1980,nwc3o,0.47946387357320147,66,27,19.38,40,35,-24.29,45,350,150,17,65
1980,vwe3L,0.4779269748318008,70,24,21.58,44,25,-8.06,49,350,153,17,43
1980,vwc3l,0.470675795034984,69,26,21.13,45,31,-21.23,49,350,150,17,63
1980,vwc3r,0.470675795034984,69,26,21.13,45,31,-21.23,49,350,150,17,67
1980,vwc3k,0.470675795034984,69,26,21.13,45,31,-21.23,49,350,150,17,62
1980,vwc3v,0.470675795034984,69,26,21.13,45,31,-21.23,49,350,150,17,69
1980,vwc3>,0.46872191683297415,68,22,16.6,35,14,-7.98,49,350,150,17,34
1980,vwc3>,0.46872191683297415,68,22,16.6,35,14,-7.98,49,350,150,17,34
1980,jwm3o,0.46658040950812624,72,25,19.97,44,38,-24.81,43,350,165,17,65
1980,`wq3L,0.4665399691754314,62,27,14.77,54,31,1.93,37,350,171,17,43
1980,jwcMn,0.4649454908589739,59,27,19.39,43,37,-17.94,43,350,150,59,64
1980,swc3J,0.4460480415108376,62,24,14.64,45,24,-0.79,48,350,150,17,42
1980,swc3G,0.4460480415108376,62,24,14.64,42,21,-2.43,48,350,150,17,40
2070,_hGO(,0.9258026627664637,60,10,12.62,20,5,-3.11,36,312,107,62,20
2070,swn*L,0.5964024667105233,65,23,26.64,39,23,-14.07,48,350,166,3,43
2070,swu3u,0.5894423985514591,62,29,18.15,50,34,-26.58,48,350,177,17,69
2070,sw?3u,0.5582925036387107,53,30,15.17,30,40,-33.57,48,350,95,17,69
2070,v`c.9,0.5507180334822394,58,24,19.72,25,20,-14.23,49,292,150,9,31
2070,v`Q.I,0.5501802388258853,63,22,22.67,34,29,-12.14,49,292,122,9,41
2070,jwj3n,0.534953829319067,73,26,20.98,42,33,-25.04,43,350,160,17,64
2070,vwc1H,0.5308808977707914,69,23,20.7,31,22,-15.48,49,350,150,14,40
2070,vwm3L,0.5307044526291071,64,25,19.5,38,26,-19.01,49,350,165,17,43
2070,v`e.I,0.5289562873615369,57,28,20.01,43,30,-3.39,49,292,153,9,41
2070,jrc3o,0.5149511659708327,66,27,22.56,42,35,-23.37,43,337,150,17,65
2070,vwc.I,0.5020817912996776,65,23,20.93,31,22,-14.99,49,350,150,9,41
2070,jw]3n,0.5016426312320134,64,28,18.82,44,34,-18.98,43,350,141,17,64
2070,cwc3n,0.4959195320255145,67,28,20.8,44,36,-19.89,39,350,150,17,64
2070,v`c.L,0.49538533762466924,55,27,18.08,48,33,7.31,49,292,150,9,43
2070,v`c.N,0.49538533762466924,55,27,18.08,48,33,7.31,49,292,150,9,44
2070,qw=3u,0.489561421935971,56,30,16.59,33,39,-25.54,47,350,92,17,69
2070,vwV3L,0.4817433685629786,69,23,19.09,38,31,-13.55,49,350,130,17,43
2070,nwc3o,0.47946387357320147,66,27,19.38,40,35,-24.29,45,350,150,17,65
2070,vwe3L,0.4779269748318008,70,24,21.58,44,25,-8.06,49,350,153,17,43
2070,vbc3H,0.4766945597377766,57,26,14.29,50,24,2.16,49,297,150,17,40
2070,vwc*H,0.4747062087122682,60,23,21.13,31,22,-14.67,49,350,150,3,40
2070,vwc3l,0.470675795034984,69,26,21.13,45,31,-21.23,49,350,150,17,63
2070,vwc3r,0.470675795034984,69,26,21.13,45,31,-21.23,49,350,150,17,67
2070,vwc3k,0.470675795034984,69,26,21.13,45,31,-21.23,49,350,150,17,62
2070,vwc3>,0.46872191683297415,68,22,16.6,35,14,-7.98,49,350,150,17,34
2070,vwc3>,0.46872191683297415,68,22,16.6,35,14,-7.98,49,350,150,17,34
2070,jwm3o,0.46658040950812624,72,25,19.97,44,38,-24.81,43,350,165,17,65
2070,`wq3L,0.4665399691754314,62,27,14.77,54,31,1.93,37,350,171,17,43
2070,jwcMn,0.4649454908589739,59,27,19.39,43,37,-17.94,43,350,150,59,64
2160,_hGO(,0.9258026627664637,60,10,12.62,20,5,-3.11,36,312,107,62,20
2160,swn*L,0.5964024667105233,65,23,26.64,39,23,-14.07,48,350,166,3,43
2160,swu3u,0.5894423985514591,62,29,18.15,50,34,-26.58,48,350,177,17,69
2160,sw?3u,0.5582925036387107,53,30,15.17,30,40,-33.57,48,350,95,17,69
2160,v`c.9,0.5507180334822394,58,24,19.72,25,20,-14.23,49,292,150,9,31
2160,v`Q.I,0.5501802388258853,63,22,22.67,34,29,-12.14,49,292,122,9,41
2160,jwj3n,0.534953829319067,73,26,20.98,42,33,-25.04,43,350,160,17,64
2160,vwc1H,0.5308808977707914,69,23,20.7,31,22,-15.48,49,350,150,14,40
2160,vwm3L,0.5307044526291071,64,25,19.5,38,26,-19.01,49,350,165,17,43
2160,v`e.I,0.5289562873615369,57,28,20.01,43,30,-3.39,49,292,153,9,41
2160,jrc3o,0.5149511659708327,66,27,22.56,42,35,-23.37,43,337,150,17,65
2160,jw]3n,0.5016426312320134,64,28,18.82,44,34,-18.98,43,350,141,17,64
2160,cwc3n,0.4959195320255145,67,28,20.8,44,36,-19.89,39,350,150,17,64
2160,v`c.L,0.49538533762466924,55,27,18.08,48,33,7.31,49,292,150,9,43
2160,v`c.N,0.49538533762466924,55,27,18.08,48,33,7.31,49,292,150,9,44
2160,qw=3u,0.489561421935971,56,30,16.59,33,39,-25.54,47,350,92,17,69
2160,vwV3L,0.4817433685629786,69,23,19.09,38,31,-13.55,49,350,130,17,43
2160,nwc3o,0.47946387357320147,66,27,19.38,40,35,-24.29,45,350,150,17,65
2160,vwe3L,0.4779269748318008,70,24,21.58,44,25,-8.06,49,350,153,17,43
2160,vbc3H,0.4766945597377766,57,26,14.29,50,24,2.16,49,297,150,17,40
2160,vwc*H,0.4747062087122682,60,23,21.13,31,22,-14.67,49,350,150,3,40
2160,vwc3l,0.470675795034984,69,26,21.13,45,31,-21.23,49,350,150,17,63
2160,vwc3k,0.470675795034984,69,26,21.13,45,31,-21.23,49,350,150,17,62
2160,jwm3o,0.46658040950812624,72,25,19.97,44,38,-24.81,43,350,165,17,65
2160,`wq3L,0.4665399691754314,62,27,14.77,54,31,1.93,37,350,171,17,43
2160,jwcMn,0.4649454908589739,59,27,19.39,43,37,-17.94,43,350,150,59,64
2160,tw@3u,0.46113114674121874,53,30,12.28,31,38,-32.21,48,350,96,17,69
2160,swc3G,0.4460480415108376,62,24,14.64,42,21,-2.43,48,350,150,17,40
2160,swc3G,0.4460480415108376,62,24,14.64,42,21,-2.43,48,350,150,17,40
2160,twc3L,0.4460480415108376,62,24,14.64,44,25,-5.13,48,350,150,17,43
2250,_hGO(,0.9258026627664637,60,10,12.62,20,5,-3.11,36,312,107,62,20
2250,swn*L,0.5964024667105233,65,23,26.64,39,23,-14.07,48,350,166,3,43
2250,swu3u,0.5894423985514591,62,29,18.15,50,34,-26.58,48,350,177,17,69
2250,sw?3u,0.5582925036387107,53,30,15.17,30,40,-33.57,48,350,95,17,69
2250,v`c.9,0.5507180334822394,58,24,19.72,25,20,-14.23,49,292,150,9,31
2250,v`Q.I,0.5501802388258853,63,22,22.67,34,29,-12.14,49,292,122,9,41
2250,jwj3n,0.534953829319067,73,26,20.98,42,33,-25.04,43,350,160,17,64
2250,vwc1H,0.5308808977707914,69,23,20.7,31,22,-15.48,49,350,150,14,40
2250,vwm3L,0.5307044526291071,64,25,19.5,38,26,-19.01,49,350,165,17,43
2250,v`e.I,0.5289562873615369,57,28,20.01,43,30,-3.39,49,292,153,9,41
2250,twv3u,0.5251752213437103,62,27,18.38,50,32,-25.0,48,350,178,17,69
2250,jrc3o,0.5149511659708327,66,27,22.56,42,35,-23.37,43,337,150,17,65
2250,jw]3n,0.5016426312320134,64,28,18.82,44,34,-18.98,43,350,141,17,64
2250,ts=3u,0.4995972839584944,56,32,17.76,33,36,-27.31,48,340,92,17,69
2250,cwc3n,0.4959195320255145,67,28,20.8,44,36,-19.89,39,350,150,17,64
2250,v`c.L,0.49538533762466924,55,27,18.08,48,33,7.31,49,292,150,9,43
2250,v`c.N,0.49538533762466924,55,27,18.08,48,33,7.31,49,292,150,9,44
2250,vwc0F,0.4904871885663632,69,23,19.19,27,22,-19.66,49,350,150,13,39
2250,qw=3u,0.489561421935971,56,30,16.59,33,39,-25.54,47,350,92,17,69
2250,nwc3o,0.47946387357320147,66,27,19.38,40,35,-24.29,45,350,150,17,65
2250,vwc*H,0.4747062087122682,60,23,21.13,31,22,-14.67,49,350,150,3,40
2250,vwc3l,0.470675795034984,69,26,21.13,45,31,-21.23,49,350,150,17,63
2250,vwc3k,0.470675795034984,69,26,21.13,45,31,-21.23,49,350,150,17,62
2250,jwm3o,0.46658040950812624,72,25,19.97,44,38,-24.81,43,350,165,17,65
2250,`wq3L,0.4665399691754314,62,27,14.77,54,31,1.93,37,350,171,17,43
2250,jwcMn,0.4649454908589739,59,27,19.39,43,37,-17.94,43,350,150,59,64
2250,tw@3u,0.46113114674121874,53,30,12.28,31,38,-32.21,48,350,96,17,69
2250,swc3G,0.4460480415108376,62,24,14.64,42,21,-2.43,48,350,150,17,40
2250,swc3G,0.4460480415108376,62,24,14.64,42,21,-2.43,48,350,150,17,40
2250,twc3L,0.4460480415108376,62,24,14.64,44,25,-5.13,48,350,150,17,43
2340,_hGO(,0.9258026627664637,60,10,12.62,20,5,-3.11,36,312,107,62,20
2340,swn*L,0.5964024667105233,65,23,26.64,39,23,-14.07,48,350,166,3,43
2340,swu3u,0.5894423985514591,62,29,18.15,50,34,-26.58,48,350,177,17,69
2340,ti=3`,0.5839801783663218,56,30,20.47,28,39,-28.94,48,315,92,17,55
2340,sw?3u,0.5582925036387107,53,30,15.17,30,40,-33.57,48,350,95,17,69
2340,v`Q.I,0.5501802388258853,63,22,22.67,34,29,-12.14,49,292,122,9,41
2340,jwj3n,0.534953829319067,73,26,20.98,42,33,-25.04,43,350,160,17,64
2340,vwc1H,0.5308808977707914,69,23,20.7,31,22,-15.48,49,350,150,14,40
2340,v`e.I,0.5289562873615369,57,28,20.01,43,30,-3.39,49,292,153,9,41
2340,jrc3o,0.5149511659708327,66,27,22.56,42,35,-23.37,43,337,150,17,65
2340,jw]3n,0.5016426312320134,64,28,18.82,44,34,-18.98,43,350,141,17,64
2340,ts=3u,0.4995972839584944,56,32,17.76,33,36,-27.31,48,340,92,17,69
2340,cwc3n,0.4959195320255145,67,28,20.8,44,36,-19.89,39,350,150,17,64
2340,v`c.L,0.49538533762466924,55,27,18.08,48,33,7.31,49,292,150,9,43
2340,v`c.N,0.49538533762466924,55,27,18.08,48,33,7.31,49,292,150,9,44
2340,vwc0F,0.4904871885663632,69,23,19.19,27,22,-19.66,49,350,150,13,39
2340,qw=3u,0.489561421935971,56,30,16.59,33,39,-25.54,47,350,92,17,69
2340,nwc3o,0.47946387357320147,66,27,19.38,40,35,-24.29,45,350,150,17,65
2340,vwc*H,0.4747062087122682,60,23,21.13,31,22,-14.67,49,350,150,3,40
2340,vwc3l,0.470675795034984,69,26,21.13,45,31,-21.23,49,350,150,17,63
2340,vwc3k,0.470675795034984,69,26,21.13,45,31,-21.23,49,350,150,17,62
2340,jwm3o,0.46658040950812624,72,25,19.97,44,38,-24.81,43,350,165,17,65
2340,`wq3L,0.4665399691754314,62,27,14.77,54,31,1.93,37,350,171,17,43
2340,jwcMn,0.4649454908589739,59,27,19.39,43,37,-17.94,43,350,150,59,64
2340,tw@3u,0.46113114674121874,53,30,12.28,31,38,-32.21,48,350,96,17,69
2340,swc3G,0.4460480415108376,62,24,14.64,42,21,-2.43,48,350,150,17,40
2340,swc3G,0.4460480415108376,62,24,14.64,42,21,-2.43,48,350,150,17,40
2340,twc3L,0.4460480415108376,62,24,14.64,44,25,-5.13,48,350,150,17,43
2340,twc3L,0.4460480415108376,62,24,14.64,44,25,-5.13,48,350,150,17,43
2340,twc3F,0.4460480415108376,62,24,14.64,33,21,-12.46,48,350,150,17,39
2430,_hGO(,0.9258026627664637,60,10,12.62,20,5,-3.11,36,312,107,62,20
2430,swn*L,0.5964024667105233,65,23,26.64,39,23,-14.07,48,350,166,3,43
2430,swu3u,0.5894423985514591,62,29,18.15,50,34,-26.58,48,350,177,17,69
2430,sw?3u,0.5582925036387107,53,30,15.17,30,40,-33.57,48,350,95,17,69
2430,v`Q.I,0.5501802388258853,63,22,22.67,34,29,-12.14,49,292,122,9,41
2430,jwj3n,0.534953829319067,73,26,20.98,42,33,-25.04,43,350,160,17,64
2430,vwc1H,0.5308808977707914,69,23,20.7,31,22,-15.48,49,350,150,14,40
2430,v`e.I,0.5289562873615369,57,28,20.01,43,30,-3.39,49,292,153,9,41
2430,jrc3o,0.5149511659708327,66,27,22.56,42,35,-23.37,43,337,150,17,65
2430,jw]3n,0.5016426312320134,64,28,18.82,44,34,-18.98,43,350,141,17,64
2430,ts=3u,0.4995972839584944,56,32,17.76,33,36,-27.31,48,340,92,17,69
2430,cwc3n,0.4959195320255145,67,28,20.8,44,36,-19.89,39,350,150,17,64
2430,v`c.L,0.49538533762466924,55,27,18.08,48,33,7.31,49,292,150,9,43
2430,v`c.N,0.49538533762466924,55,27,18.08,48,33,7.31,49,292,150,9,44
2430,vwc0F,0.4904871885663632,69,23,19.19,27,22,-19.66,49,350,150,13,39
2430,qw=3u,0.489561421935971,56,30,16.59,33,39,-25.54,47,350,92,17,69
2430,nwc3o,0.47946387357320147,66,27,19.38,40,35,-24.29,45,350,150,17,65
2430,vwc*H,0.4747062087122682,60,23,21.13,31,22,-14.67,49,350,150,3,40
2430,vwc3l,0.470675795034984,69,26,21.13,45,31,-21.23,49,350,150,17,63
2430,vwc3k,0.470675795034984,69,26,21.13,45,31,-21.23,49,350,150,17,62
2430,jwm3o,0.46658040950812624,72,25,19.97,44,38,-24.81,43,350,165,17,65
2430,`wq3L,0.4665399691754314,62,27,14.77,54,31,1.93,37,350,171,17,43
2430,jwcMn,0.4649454908589739,59,27,19.39,43,37,-17.94,43,350,150,59,64
2430,tw@3u,0.46113114674121874,53,30,12.28,31,38,-32.21,48,350,96,17,69
2430,swc3G,0.4460480415108376,62,24,14.64,42,21,-2.43,48,350,150,17,40
2430,swc3G,0.4460480415108376,62,24,14.64,42,21,-2.43,48,350,150,17,40
2430,twc3L,0.4460480415108376,62,24,14.64,44,25,-5.13,48,350,150,17,43
2430,twc3L,0.4460480415108376,62,24,14.64,44,25,-5.13,48,350,150,17,43
2430,twc3F,0.4460480415108376,62,24,14.64,33,21,-12.46,48,350,150,17,39
2430,vwc<L,0.4434695021353629,69,23,16.49,44,25,-6.66,49,350,150,32,43
2520,_hGO(,0.9258026627664637,60,10,12.62,20,5,-3.11,36,312,107,62,20
2520,swn*L,0.5964024667105233,65,23,26.64,39,23,-14.07,48,350,166,3,43
2520,sw?3u,0.5582925036387107,53,30,15.17,30,40,-33.57,48,350,95,17,69
2520,v`Q.I,0.5501802388258853,63,22,22.67,34,29,-12.14,49,292,122,9,41
2520,v`e.I,0.5289562873615369,57,28,20.01,43,30,-3.39,49,292,153,9,41
2520,t-=3a,0.5239604110690691,60,40,17.08,39,48,-28.97,48,163,92,17,56
2520,jrc3o,0.5149511659708327,66,27,22.56,42,35,-23.37,43,337,150,17,65
2520,jw]3n,0.5016426312320134,64,28,18.82,44,34,-18.98,43,350,141,17,64
2520,ts=3u,0.4995972839584944,56,32,17.76,33,36,-27.31,48,340,92,17,69
2520,cwc3n,0.4959195320255145,67,28,20.8,44,36,-19.89,39,350,150,17,64
2520,v`c.N,0.49538533762466924,55,27,18.08,48,33,7.31,49,292,150,9,44
2520,vwc0F,0.4904871885663632,69,23,19.19,27,22,-19.66,49,350,150,13,39
2520,nwc3o,0.47946387357320147,66,27,19.38,40,35,-24.29,45,350,150,17,65
2520,twm3a,0.4755182873406758,64,25,17.09,44,36,-24.3,48,350,165,17,56
2520,vwc*H,0.4747062087122682,60,23,21.13,31,22,-14.67,49,350,150,3,40
2520,jwm3o,0.46658040950812624,72,25,19.97,44,38,-24.81,43,350,165,17,65
2520,`wq3L,0.4665399691754314,62,27,14.77,54,31,1.93,37,350,171,17,43
2520,jwcMn,0.4649454908589739,59,27,19.39,43,37,-17.94,43,350,150,59,64
2520,tw@3u,0.46113114674121874,53,30,12.28,31,38,-32.21,48,350,96,17,69
2520,swc3G,0.4460480415108376,62,24,14.64,42,21,-2.43,48,350,150,17,40
2520,swc3G,0.4460480415108376,62,24,14.64,42,21,-2.43,48,350,150,17,40
2520,twc3F,0.4460480415108376,62,24,14.64,33,21,-12.46,48,350,150,17,39
2520,vwc<L,0.4434695021353629,69,23,16.49,44,25,-6.66,49,350,150,32,43
2520,jpq3L,0.4430533337925609,64,25,15.09,56,25,5.51,43,332,171,17,43
2520,tw=Da,0.44292257779849875,51,29,7.55,37,35,-27.83,48,350,92,44,56
2520,sw=3u,0.4420207357954298,51,29,10.96,34,38,-26.13,48,350,92,17,69
2520,tw=3u,0.4420207357954298,51,29,10.96,34,38,-26.13,48,350,92,17,69
2520,tw=3t,0.4420207357954298,51,29,10.96,34,38,-26.13,48,350,92,17,68
2520,tw=3c,0.4420207357954298,51,29,10.96,35,37,-25.77,48,350,92,17,57
2520,tw=3v,0.4420207357954298,51,29,10.96,34,38,-26.13,48,350,92,17,69
