'Time','BNB-USDT','ETH-USDT','BTC-USDT','NEO-USDT','QTUM-USDT','LTC-USDT','ETC-USDT','TRX-USDT','FIL-USDT','LINK-USDT','ADA-USDT','XRP-USDT','DOGE-USDT','Mean'
'03/01/2021',-59.259,-59.259,0.0,0.0,0.0,0.0,0.0,0.0,0.0,0.0,0.0,0.0,0.0,-9.117,-50.142,-50.142,9.117,9.117,9.117,9.117,9.117,9.117,9.117,9.117,9.117,9.117,9.117,1.0,1.0,60.259,60.259,60.259,60.259,60.259,60.259,60.259,60.259,60.259,60.259,60.259,664.849
'04/01/2021',-59.259,-59.259,0.0,-59.259,0.0,0.0,-59.259,-59.259,0.0,0.0,-59.259,0.0,0.0,-27.35,-31.909,-31.909,27.35,-31.909,27.35,27.35,-31.909,-31.909,27.35,27.35,-31.909,27.35,27.35,1.0,1.0,60.259,1.0,60.259,60.259,1.0,1.0,60.259,60.259,1.0,60.259,60.259,427.813
'05/01/2021',-59.259,7.777,0.0,-59.259,0.0,0.0,-59.259,10.436,0.0,0.0,10.436,10.436,0.0,-10.669,-48.59,18.446,10.669,-48.59,10.669,10.669,-48.59,21.105,10.669,10.669,21.105,21.105,10.669,1.0,68.036,60.259,1.0,60.259,60.259,1.0,70.695,60.259,60.259,70.695,70.695,60.259,644.675
'06/01/2021',7.696,7.777,0.0,-59.259,7.777,0.0,-59.259,7.777,0.0,0.0,7.777,10.436,0.0,-5.329,13.025,13.106,5.329,-53.93,13.106,5.329,-53.93,13.106,5.329,5.329,13.106,15.765,5.329,67.955,68.036,60.259,1.0,68.036,60.259,1.0,68.036,60.259,60.259,68.036,70.695,60.259,714.089
'07/01/2021',7.696,7.777,7.696,7.696,7.777,0.0,7.696,7.696,0.0,7.696,7.696,7.696,7.696,6.525,1.171,1.252,1.171,1.171,1.252,-6.525,1.171,1.171,-6.525,1.171,1.171,1.171,1.171,8.696,8.777,8.696,8.696,8.777,1.0,8.696,8.696,1.0,8.696,8.696,8.696,8.696,97.818
'08/01/2021',11.744,7.777,7.696,7.696,10.97,0.0,7.696,10.97,10.97,10.97,7.696,7.696,7.696,8.429,3.315,-0.652,-0.733,-0.733,2.541,-8.429,-0.733,2.541,2.541,2.541,-0.733,-0.733,-0.733,12.744,8.777,8.696,8.696,11.97,1.0,8.696,11.97,11.97,11.97,8.696,8.696,8.696,122.577
'09/01/2021',8.98,7.777,7.696,7.696,10.97,0.0,7.696,10.97,11.744,11.744,7.696,11.744,11.744,8.958,0.022,-1.181,-1.262,-1.262,2.012,-8.958,-1.262,2.012,2.786,2.786,-1.262,2.786,2.786,9.98,8.777,8.696,8.696,11.97,1.0,8.696,11.97,12.744,12.744,8.696,12.744,12.744,129.457
'10/01/2021',9.573,9.573,8.98,8.98,8.98,8.98,7.696,8.98,8.98,8.98,7.696,11.744,8.98,9.087,0.486,0.486,-0.107,-0.107,-0.107,-0.107,-1.391,-0.107,-0.107,-0.107,-1.391,2.657,-0.107,2.877,2.877,2.284,2.284,2.284,2.284,1.0,2.284,2.284,2.284,1.0,5.048,2.284,31.074
'11/01/2021',9.016,9.573,9.573,8.98,8.98,9.573,7.696,8.98,9.573,9.573,7.696,9.573,8.98,9.059,-0.043,0.514,0.514,-0.079,-0.079,0.514,-1.363,-0.079,0.514,0.514,-1.363,0.514,-0.079,2.32,2.877,2.877,2.284,2.284,2.877,1.0,2.284,2.877,2.877,1.0,2.877,2.284,30.718
'12/01/2021',9.016,9.573,9.016,8.98,9.016,9.573,7.696,9.016,9.016,9.016,7.696,9.573,8.98,8.936,0.08,0.637,0.08,0.044,0.08,0.637,-1.24,0.08,0.08,0.08,-1.24,0.637,0.044,2.32,2.877,2.32,2.284,2.32,2.877,1.0,2.32,2.32,2.32,1.0,2.877,2.284,29.119
'13/01/2021',8.132,9.573,9.016,8.98,9.016,9.573,7.696,9.016,9.016,9.016,7.696,9.573,8.98,8.868,-0.736,0.705,0.148,0.112,0.148,0.705,-1.172,0.148,0.148,0.148,-1.172,0.705,0.112,1.436,2.877,2.32,2.284,2.32,2.877,1.0,2.32,2.32,2.32,1.0,2.877,2.284,28.235
'14/01/2021',7.722,7.722,9.016,8.98,9.016,9.573,7.696,8.132,9.016,9.016,7.696,8.132,8.98,8.515,-0.793,-0.793,0.501,0.465,0.501,1.058,-0.819,-0.383,0.501,0.501,-0.819,-0.383,0.465,1.026,1.026,2.32,2.284,2.32,2.877,1.0,1.436,2.32,2.32,1.0,1.436,2.284,23.649
'15/01/2021',7.722,7.722,9.016,8.98,7.722,7.722,7.696,8.132,7.722,9.016,7.696,8.132,8.98,8.174,-0.452,-0.452,0.842,0.806,-0.452,-0.452,-0.478,-0.042,-0.452,0.842,-0.478,-0.042,0.806,1.026,1.026,2.32,2.284,1.026,1.026,1.0,1.436,1.026,2.32,1.0,1.436,2.284,19.21
'16/01/2021',7.013,7.722,9.016,7.323,7.323,7.722,7.696,7.323,7.722,9.016,7.696,7.323,8.98,7.837,-0.824,-0.115,1.179,-0.514,-0.514,-0.115,-0.141,-0.514,-0.115,1.179,-0.141,-0.514,1.143,1.0,1.709,3.003,1.31,1.31,1.709,1.683,1.31,1.709,3.003,1.683,1.31,2.967,23.706
'17/01/2021',6.728,6.728,9.016,7.013,7.013,7.722,7.696,7.013,7.013,9.016,7.696,7.013,8.98,7.588,-0.86,-0.86,1.428,-0.575,-0.575,0.134,0.108,-0.575,-0.575,1.428,0.108,-0.575,1.392,1.0,1.0,3.288,1.285,1.285,1.994,1.968,1.285,1.285,3.288,1.968,1.285,3.252,24.183
'18/01/2021',6.728,6.517,6.728,6.728,6.728,7.722,6.728,6.728,6.728,9.016,6.728,6.728,6.728,6.964,-0.236,-0.447,-0.236,-0.236,-0.236,0.758,-0.236,-0.236,-0.236,2.052,-0.236,-0.236,-0.236,1.211,1.0,1.211,1.211,1.211,2.205,1.211,1.211,1.211,3.499,1.211,1.211,1.211,18.814
'19/01/2021',6.226,6.517,6.517,6.728,6.728,7.722,6.728,6.517,6.728,9.016,6.728,6.517,6.728,6.877,-0.651,-0.36,-0.36,-0.149,-0.149,0.845,-0.149,-0.36,-0.149,2.139,-0.149,-0.36,-0.149,1.0,1.291,1.291,1.502,1.502,2.496,1.502,1.291,1.502,3.79,1.502,1.291,1.502,21.462
'20/01/2021',6.118,6.517,6.226,6.728,6.226,6.226,6.226,6.226,6.728,9.016,6.728,6.226,6.226,6.571,-0.453,-0.054,-0.345,0.157,-0.345,-0.345,-0.345,-0.345,0.157,2.445,0.157,-0.345,-0.345,1.0,1.399,1.108,1.61,1.108,1.108,1.108,1.108,1.61,3.898,1.61,1.108,1.108,18.883
'21/01/2021',5.984,5.984,6.118,6.728,6.118,6.226,6.118,6.226,6.728,9.016,6.728,6.226,6.226,6.494,-0.51,-0.51,-0.376,0.234,-0.376,-0.268,-0.376,-0.268,0.234,2.522,0.234,-0.268,-0.268,1.0,1.0,1.134,1.744,1.134,1.242,1.134,1.242,1.744,4.032,1.744,1.242,1.242,19.634
'22/01/2021',5.955,5.955,5.984,6.728,5.984,6.226,6.118,5.984,6.728,5.984,5.984,6.226,5.984,6.142,-0.187,-0.187,-0.158,0.586,-0.158,0.084,-0.024,-0.158,0.586,-0.158,-0.158,0.084,-0.158,1.0,1.0,1.029,1.773,1.029,1.271,1.163,1.029,1.773,1.029,1.029,1.271,1.029,15.425
'23/01/2021',5.955,5.955,5.984,5.955,5.984,6.226,5.955,5.984,6.728,5.984,5.955,6.226,5.984,6.068,-0.113,-0.113,-0.084,-0.113,-0.084,0.158,-0.113,-0.084,0.66,-0.084,-0.113,0.158,-0.084,1.0,1.0,1.029,1.0,1.029,1.271,1.0,1.029,1.773,1.029,1.0,1.271,1.029,14.46
'24/01/2021',5.565,5.565,5.749,5.955,5.749,6.226,5.955,5.749,5.749,5.984,5.749,5.749,5.749,5.807,-0.242,-0.242,-0.058,0.148,-0.058,0.419,0.148,-0.058,-0.058,0.177,-0.058,-0.058,-0.058,1.0,1.0,1.184,1.39,1.184,1.661,1.39,1.184,1.184,1.419,1.184,1.184,1.184,16.148
'25/01/2021',5.565,5.444,5.565,5.565,5.749,6.226,5.565,5.565,5.565,5.984,5.565,5.565,5.565,5.653,-0.088,-0.209,-0.088,-0.088,0.096,0.573,-0.088,-0.088,-0.088,0.331,-0.088,-0.088,-0.088,1.121,1.0,1.121,1.121,1.305,1.782,1.121,1.121,1.121,1.54,1.121,1.121,1.121,15.716
'26/01/2021',5.354,5.354,5.444,5.565,5.749,5.444,5.444,5.444,5.565,5.444,5.444,5.444,5.444,5.472,-0.118,-0.118,-0.028,0.093,0.277,-0.028,-0.028,-0.028,0.093,-0.028,-0.028,-0.028,-0.028,1.0,1.0,1.09,1.211,1.395,1.09,1.09,1.09,1.211,1.09,1.09,1.09,1.09,14.537
'27/01/2021',5.354,5.354,5.354,5.354,5.749,5.354,5.354,5.354,5.354,5.354,5.354,5.354,5.354,5.384,-0.03,-0.03,-0.03,-0.03,0.365,-0.03,-0.03,-0.03,-0.03,-0.03,-0.03,-0.03,-0.03,1.0,1.0,1.0,1.0,1.395,1.0,1.0,1.0,1.0,1.0,1.0,1.0,1.0,13.395
'28/01/2021',5.154,5.154,5.354,5.245,5.245,5.245,5.245,5.354,5.354,5.354,5.245,5.245,5.354,5.273,-0.119,-0.119,0.081,-0.028,-0.028,-0.028,-0.028,0.081,0.081,0.081,-0.028,-0.028,0.081,1.0,1.0,1.2,1.091,1.091,1.091,1.091,1.2,1.2,1.2,1.091,1.091,1.2,14.546
'29/01/2021',5.056,5.154,5.154,5.245,5.154,5.245,5.154,5.354,5.154,5.354,5.245,5.245,5.354,5.221,-0.165,-0.067,-0.067,0.024,-0.067,0.024,-0.067,0.133,-0.067,0.133,0.024,0.024,0.133,1.0,1.098,1.098,1.189,1.098,1.189,1.098,1.298,1.098,1.298,1.189,1.189,1.298,15.14
'30/01/2021',4.942,4.942,5.154,5.245,5.154,5.245,5.154,5.354,5.154,5.056,5.056,5.245,5.354,5.158,-0.216,-0.216,-0.004,0.087,-0.004,0.087,-0.004,0.196,-0.004,-0.102,-0.102,0.087,0.196,1.0,1.0,1.212,1.303,1.212,1.303,1.212,1.412,1.212,1.114,1.114,1.303,1.412,15.809
'31/01/2021',4.857,4.857,4.942,4.942,5.154,5.245,5.154,5.354,5.154,5.056,5.056,5.245,5.354,5.105,-0.248,-0.248,-0.163,-0.163,0.049,0.14,0.049,0.249,0.049,-0.049,-0.049,0.14,0.249,1.0,1.0,1.085,1.085,1.297,1.388,1.297,1.497,1.297,1.199,1.199,1.388,1.497,16.229
'01/02/2021',4.748,4.748,4.942,4.857,4.857,5.245,5.154,5.354,4.857,5.056,5.056,5.245,5.354,5.036,-0.288,-0.288,-0.094,-0.179,-0.179,0.209,0.118,0.318,-0.179,0.02,0.02,0.209,0.318,1.0,1.0,1.194,1.109,1.109,1.497,1.406,1.606,1.109,1.308,1.308,1.497,1.606,16.749
'02/02/2021',4.748,4.689,4.748,4.748,4.857,5.245,4.748,4.748,4.748,4.748,4.748,5.245,5.354,4.875,-0.127,-0.186,-0.127,-0.127,-0.018,0.37,-0.127,-0.127,-0.127,-0.127,-0.127,0.37,0.479,1.059,1.0,1.059,1.059,1.168,1.556,1.059,1.059,1.059,1.059,1.059,1.556,1.665,15.417
'03/02/2021',4.649,4.689,4.689,4.689,4.857,4.689,4.689,4.689,4.689,4.748,4.689,5.245,5.354,4.797,-0.148,-0.108,-0.108,-0.108,0.06,-0.108,-0.108,-0.108,-0.108,-0.049,-0.108,0.448,0.557,1.0,1.04,1.04,1.04,1.208,1.04,1.04,1.04,1.04,1.099,1.04,1.596,1.705,14.928
'04/02/2021',4.651,4.689,4.649,4.649,4.649,4.689,4.689,4.649,4.689,4.748,4.689,5.245,5.354,4.772,-0.121,-0.083,-0.123,-0.123,-0.123,-0.083,-0.083,-0.123,-0.083,-0.024,-0.083,0.473,0.582,1.002,1.04,1.0,1.0,1.0,1.04,1.04,1.0,1.04,1.099,1.04,1.596,1.705,14.602
'05/02/2021',4.544,4.544,4.651,4.649,4.651,4.689,4.689,4.651,4.651,4.748,4.689,5.245,5.354,4.75,-0.206,-0.206,-0.099,-0.101,-0.099,-0.061,-0.061,-0.099,-0.099,-0.002,-0.061,0.495,0.604,1.0,1.0,1.107,1.105,1.107,1.145,1.145,1.107,1.107,1.204,1.145,1.701,1.81,15.683
'06/02/2021',4.544,4.544,4.651,4.544,4.544,4.544,4.689,4.544,4.544,4.544,4.689,4.544,5.354,4.637,-0.093,-0.093,0.014,-0.093,-0.093,-0.093,0.052,-0.093,-0.093,-0.093,0.052,-0.093,0.717,1.0,1.0,1.107,1.0,1.0,1.0,1.145,1.0,1.0,1.0,1.145,1.0,1.81,14.207
'07/02/2021',4.544,4.462,4.651,4.544,4.544,4.544,4.689,4.553,4.544,4.553,4.689,4.544,4.553,4.57,-0.026,-0.108,0.081,-0.026,-0.026,-0.026,0.119,-0.017,-0.026,-0.017,0.119,-0.026,-0.017,1.082,1.0,1.189,1.082,1.082,1.082,1.227,1.091,1.082,1.091,1.227,1.082,1.091,14.408
'08/02/2021',4.544,4.462,4.651,4.462,4.544,4.544,4.689,4.462,4.544,4.462,4.462,4.462,4.553,4.526,0.018,-0.064,0.125,-0.064,0.018,0.018,0.163,-0.064,0.018,-0.064,-0.064,-0.064,0.027,1.082,1.0,1.189,1.0,1.082,1.082,1.227,1.0,1.082,1.0,1.0,1.0,1.091,13.835
'09/02/2021',4.544,4.388,4.651,4.377,4.544,4.544,4.377,4.377,4.544,4.462,4.462,4.462,4.553,4.484,0.06,-0.096,0.167,-0.107,0.06,0.06,-0.107,-0.107,0.06,-0.022,-0.022,-0.022,0.069,1.167,1.011,1.274,1.0,1.167,1.167,1.0,1.0,1.167,1.085,1.085,1.085,1.176,14.384
'10/02/2021',4.544,4.388,4.388,4.388,4.388,4.388,4.377,4.388,4.388,4.388,4.462,4.462,4.553,4.423,0.121,-0.035,-0.035,-0.035,-0.035,-0.035,-0.046,-0.035,-0.035,-0.035,0.039,0.039,0.13,1.167,1.011,1.011,1.011,1.011,1.011,1.0,1.011,1.011,1.011,1.085,1.085,1.176,13.601
'11/02/2021',4.374,4.374,4.474,4.388,4.388,4.388,4.377,4.388,4.388,4.388,4.462,4.462,4.553,4.416,-0.042,-0.042,0.058,-0.028,-0.028,-0.028,-0.039,-0.028,-0.028,-0.028,0.046,0.046,0.137,1.0,1.0,1.1,1.014,1.014,1.014,1.003,1.014,1.014,1.014,1.088,1.088,1.179,13.542
'12/02/2021',4.374,4.383,4.474,4.374,4.388,4.374,4.377,4.388,4.374,4.388,4.462,4.374,4.374,4.392,-0.018,-0.009,0.082,-0.018,-0.004,-0.018,-0.015,-0.004,-0.018,-0.004,0.07,-0.018,-0.018,1.0,1.009,1.1,1.0,1.014,1.0,1.003,1.014,1.0,1.014,1.088,1.0,1.0,13.242
'13/02/2021',4.374,4.322,4.474,4.374,4.388,4.374,4.377,4.388,4.374,4.388,4.462,4.374,4.383,4.389,-0.015,-0.067,0.085,-0.015,-0.001,-0.015,-0.012,-0.001,-0.015,-0.001,0.073,-0.015,-0.006,1.052,1.0,1.152,1.052,1.066,1.052,1.055,1.066,1.052,1.066,1.14,1.052,1.061,13.866
'14/02/2021',4.374,4.291,4.322,4.322,4.388,4.322,4.322,4.322,4.322,4.388,4.322,4.374,4.322,4.338,0.036,-0.047,-0.016,-0.016,0.05,-0.016,-0.016,-0.016,-0.016,0.05,-0.016,0.036,-0.016,1.083,1.0,1.031,1.031,1.097,1.031,1.031,1.031,1.031,1.097,1.031,1.083,1.031,13.608
'15/02/2021',4.201,4.201,4.291,4.322,4.291,4.322,4.291,4.322,4.291,4.291,4.322,4.374,4.291,4.293,-0.092,-0.092,-0.002,0.029,-0.002,0.029,-0.002,0.029,-0.002,-0.002,0.029,0.081,-0.002,1.0,1.0,1.09,1.121,1.09,1.121,1.09,1.121,1.09,1.09,1.121,1.173,1.09,14.197
'16/02/2021',4.201,4.163,4.291,4.201,4.201,4.322,4.291,4.201,4.291,4.201,4.201,4.201,4.291,4.235,-0.034,-0.072,0.056,-0.034,-0.034,0.087,0.056,-0.034,0.056,-0.034,-0.034,-0.034,0.056,1.038,1.0,1.128,1.038,1.038,1.159,1.128,1.038,1.128,1.038,1.038,1.038,1.128,13.937
'17/02/2021',4.116,4.116,4.163,4.201,4.163,4.322,4.291,4.163,4.291,4.201,4.163,4.201,4.291,4.206,-0.09,-0.09,-0.043,-0.005,-0.043,0.116,0.085,-0.043,0.085,-0.005,-0.043,-0.005,0.085,1.0,1.0,1.047,1.085,1.047,1.206,1.175,1.047,1.175,1.085,1.047,1.085,1.175,14.174
'18/02/2021',4.116,4.116,4.116,4.201,4.163,4.116,4.291,4.163,4.291,4.116,4.163,4.116,4.291,4.174,-0.058,-0.058,-0.058,0.027,-0.011,-0.058,0.117,-0.011,0.117,-0.058,-0.011,-0.058,0.117,1.0,1.0,1.0,1.085,1.047,1.0,1.175,1.047,1.175,1.0,1.047,1.0,1.175,13.751
'19/02/2021',4.116,4.116,4.116,4.201,4.12,4.12,4.12,4.163,4.291,4.116,4.163,4.12,4.12,4.145,-0.029,-0.029,-0.029,0.056,-0.025,-0.025,-0.025,0.018,0.146,-0.029,0.018,-0.025,-0.025,1.0,1.0,1.0,1.085,1.004,1.004,1.004,1.047,1.175,1.0,1.047,1.004,1.004,13.374
'20/02/2021',4.116,4.191,4.093,4.093,4.12,4.093,4.12,4.163,4.093,4.093,4.093,4.093,4.093,4.112,0.004,0.079,-0.019,-0.019,0.008,-0.019,0.008,0.051,-0.019,-0.019,-0.019,-0.019,-0.019,1.023,1.098,1.0,1.0,1.027,1.0,1.027,1.07,1.0,1.0,1.0,1.0,1.0,13.245
'21/02/2021',4.084,4.191,4.093,4.191,4.12,4.191,4.191,4.191,4.191,4.191,4.191,4.093,4.093,4.155,-0.071,0.036,-0.062,0.036,-0.035,0.036,0.036,0.036,0.036,0.036,0.036,-0.062,-0.062,1.0,1.107,1.009,1.107,1.036,1.107,1.107,1.107,1.107,1.107,1.107,1.009,1.009,13.919
'22/02/2021',4.084,4.028,4.084,4.191,4.084,4.191,4.191,4.084,4.191,4.191,4.191,4.093,4.084,4.13,-0.046,-0.102,-0.046,0.061,-0.046,0.061,0.061,-0.046,0.061,0.061,0.061,-0.037,-0.046,1.056,1.0,1.056,1.163,1.056,1.163,1.163,1.056,1.163,1.163,1.163,1.065,1.056,14.323
'23/02/2021',4.019,4.019,4.084,4.191,4.028,4.191,4.191,4.028,4.028,4.028,4.191,4.093,4.084,4.09,-0.071,-0.071,-0.006,0.101,-0.062,0.101,0.101,-0.062,-0.062,-0.062,0.101,0.003,-0.006,1.0,1.0,1.065,1.172,1.009,1.172,1.172,1.009,1.009,1.009,1.172,1.074,1.065,13.928
'24/02/2021',4.019,4.019,4.084,4.191,4.028,4.019,4.191,4.019,4.028,4.028,4.191,4.093,4.084,4.076,-0.057,-0.057,0.008,0.115,-0.048,-0.057,0.115,-0.057,-0.048,-0.048,0.115,0.017,0.008,1.0,1.0,1.065,1.172,1.009,1.0,1.172,1.0,1.009,1.009,1.172,1.074,1.065,13.747
'25/02/2021',4.019,4.019,4.084,4.191,4.028,4.019,4.191,4.019,4.028,4.028,4.191,4.093,4.084,4.076,-0.057,-0.057,0.008,0.115,-0.048,-0.057,0.115,-0.057,-0.048,-0.048,0.115,0.017,0.008,1.0,1.0,1.065,1.172,1.009,1.0,1.172,1.0,1.009,1.009,1.172,1.074,1.065,13.747
'26/02/2021',4.019,3.935,4.084,4.191,4.028,4.019,3.937,3.937,4.028,4.028,4.191,4.093,4.084,4.044,-0.025,-0.109,0.04,0.147,-0.016,-0.025,-0.107,-0.107,-0.016,-0.016,0.147,0.049,0.04,1.084,1.0,1.149,1.256,1.093,1.084,1.002,1.002,1.093,1.093,1.256,1.158,1.149,14.419
'27/02/2021',3.879,3.879,3.935,3.935,4.028,3.935,3.935,3.935,3.935,4.028,3.935,3.935,4.084,3.952,-0.073,-0.073,-0.017,-0.017,0.076,-0.017,-0.017,-0.017,-0.017,0.076,-0.017,-0.017,0.132,1.0,1.0,1.056,1.056,1.149,1.056,1.056,1.056,1.056,1.149,1.056,1.056,1.205,13.951
'28/02/2021',3.879,3.805,3.879,3.935,3.879,3.879,3.879,3.879,3.879,3.879,3.879,3.879,4.084,3.894,-0.015,-0.089,-0.015,0.041,-0.015,-0.015,-0.015,-0.015,-0.015,-0.015,-0.015,-0.015,0.19,1.074,1.0,1.074,1.13,1.074,1.074,1.074,1.074,1.074,1.074,1.074,1.074,1.279,14.149
'01/03/2021',3.879,3.805,3.805,3.805,3.879,3.805,3.879,3.879,3.879,3.879,3.879,3.805,3.805,3.845,0.034,-0.04,-0.04,-0.04,0.034,-0.04,0.034,0.034,0.034,0.034,0.034,-0.04,-0.04,1.074,1.0,1.0,1.0,1.074,1.0,1.074,1.074,1.074,1.074,1.074,1.0,1.0,13.518
'02/03/2021',3.879,3.805,3.805,3.806,3.806,3.806,3.879,3.806,3.879,3.806,3.879,3.805,3.805,3.828,0.051,-0.023,-0.023,-0.022,-0.022,-0.022,0.051,-0.022,0.051,-0.022,0.051,-0.023,-0.023,1.074,1.0,1.0,1.001,1.001,1.001,1.074,1.001,1.074,1.001,1.074,1.0,1.0,13.301
'03/03/2021',3.714,3.805,3.805,3.806,3.806,3.806,3.879,3.806,3.769,3.806,3.769,3.805,3.805,3.799,-0.085,0.006,0.006,0.007,0.007,0.007,0.08,0.007,-0.03,0.007,-0.03,0.006,0.006,1.0,1.091,1.091,1.092,1.092,1.092,1.165,1.092,1.055,1.092,1.055,1.091,1.091,14.099
'04/03/2021',3.711,3.805,3.805,3.806,3.714,3.806,3.879,3.714,3.714,3.806,3.714,3.805,3.805,3.776,-0.065,0.029,0.029,0.03,-0.062,0.03,0.103,-0.062,-0.062,0.03,-0.062,0.029,0.029,1.0,1.094,1.094,1.095,1.003,1.095,1.168,1.003,1.003,1.095,1.003,1.094,1.094,13.841
'05/03/2021',3.649,3.649,3.711,3.711,3.711,3.711,3.879,3.714,3.714,3.806,3.711,3.711,3.711,3.722,-0.073,-0.073,-0.011,-0.011,-0.011,-0.011,0.157,-0.008,-0.008,0.084,-0.011,-0.011,-0.011,1.0,1.0,1.062,1.062,1.062,1.062,1.23,1.065,1.065,1.157,1.062,1.062,1.062,13.951
'06/03/2021',3.62,3.649,3.711,3.711,3.649,3.649,3.649,3.714,3.649,3.806,3.711,3.649,3.649,3.678,-0.058,-0.029,0.033,0.033,-0.029,-0.029,-0.029,0.036,-0.029,0.128,0.033,-0.029,-0.029,1.0,1.029,1.091,1.091,1.029,1.029,1.029,1.094,1.029,1.186,1.091,1.029,1.029,13.756
'07/03/2021',3.564,3.649,3.62,3.711,3.649,3.649,3.62,3.62,3.649,3.806,3.62,3.62,3.649,3.648,-0.084,0.001,-0.028,0.063,0.001,0.001,-0.028,-0.028,0.001,0.158,-0.028,-0.028,0.001,1.0,1.085,1.056,1.147,1.085,1.085,1.056,1.056,1.085,1.242,1.056,1.056,1.085,14.094
'08/03/2021',3.564,3.649,3.564,3.564,3.564,3.564,3.564,3.564,3.564,3.564,3.564,3.62,3.649,3.581,-0.017,0.068,-0.017,-0.017,-0.017,-0.017,-0.017,-0.017,-0.017,-0.017,-0.017,0.039,0.068,1.0,1.085,1.0,1.0,1.0,1.0,1.0,1.0,1.0,1.0,1.0,1.056,1.085,13.226
'09/03/2021',3.526,3.526,3.564,3.541,3.564,3.541,3.564,3.541,3.541,3.541,3.541,3.62,3.541,3.55,-0.024,-0.024,0.014,-0.009,0.014,-0.009,0.014,-0.009,-0.009,-0.009,-0.009,0.07,-0.009,1.0,1.0,1.038,1.015,1.038,1.015,1.038,1.015,1.015,1.015,1.015,1.094,1.015,13.313
'10/03/2021',3.526,3.524,3.526,3.526,3.526,3.526,3.526,3.541,3.526,3.526,3.541,3.526,3.541,3.529,-0.003,-0.005,-0.003,-0.003,-0.003,-0.003,-0.003,0.012,-0.003,-0.003,0.012,-0.003,0.012,1.002,1.0,1.002,1.002,1.002,1.002,1.002,1.017,1.002,1.002,1.017,1.002,1.017,13.069
'11/03/2021',3.45,3.45,3.526,3.526,3.526,3.524,3.526,3.541,3.526,3.526,3.524,3.526,3.524,3.515,-0.065,-0.065,0.011,0.011,0.011,0.009,0.011,0.026,0.011,0.011,0.009,0.011,0.009,1.0,1.0,1.076,1.076,1.076,1.074,1.076,1.091,1.076,1.076,1.074,1.076,1.074,13.845
'12/03/2021',3.45,3.408,3.45,3.45,3.526,3.45,3.45,3.45,3.45,3.45,3.45,3.45,3.45,3.453,-0.003,-0.045,-0.003,-0.003,0.073,-0.003,-0.003,-0.003,-0.003,-0.003,-0.003,-0.003,-0.003,1.042,1.0,1.042,1.042,1.118,1.042,1.042,1.042,1.042,1.042,1.042,1.042,1.042,13.58
'13/03/2021',3.394,3.408,3.408,3.408,3.526,3.45,3.408,3.408,3.408,3.408,3.45,3.45,3.408,3.426,-0.032,-0.018,-0.018,-0.018,0.1,0.024,-0.018,-0.018,-0.018,-0.018,0.024,0.024,-0.018,1.0,1.014,1.014,1.014,1.132,1.056,1.014,1.014,1.014,1.014,1.056,1.056,1.014,13.412
'14/03/2021',3.394,3.375,3.394,3.408,3.526,3.394,3.408,3.408,3.408,3.408,3.45,3.45,3.394,3.417,-0.023,-0.042,-0.023,-0.009,0.109,-0.023,-0.009,-0.009,-0.009,-0.009,0.033,0.033,-0.023,1.019,1.0,1.019,1.033,1.151,1.019,1.033,1.033,1.033,1.033,1.075,1.075,1.019,13.542
'15/03/2021',3.349,3.375,3.375,3.375,3.375,3.394,3.408,3.375,3.408,3.375,3.45,3.375,3.375,3.385,-0.036,-0.01,-0.01,-0.01,-0.01,0.009,0.023,-0.01,0.023,-0.01,0.065,-0.01,-0.01,1.0,1.026,1.026,1.026,1.026,1.045,1.059,1.026,1.059,1.026,1.101,1.026,1.026,13.472
'16/03/2021',3.349,3.315,3.349,3.375,3.349,3.394,3.408,3.375,3.408,3.349,3.349,3.375,3.375,3.367,-0.018,-0.052,-0.018,0.008,-0.018,0.027,0.041,0.008,0.041,-0.018,-0.018,0.008,0.008,1.034,1.0,1.034,1.06,1.034,1.079,1.093,1.06,1.093,1.034,1.034,1.06,1.06,13.675
'17/03/2021',3.349,3.295,3.315,3.315,3.315,3.315,3.408,3.315,3.408,3.315,3.315,3.315,3.375,3.335,0.014,-0.04,-0.02,-0.02,-0.02,-0.02,0.073,-0.02,0.073,-0.02,-0.02,-0.02,0.04,1.054,1.0,1.02,1.02,1.02,1.02,1.113,1.02,1.113,1.02,1.02,1.02,1.08,13.52
'18/03/2021',3.331,3.295,3.295,3.295,3.295,3.295,3.295,3.315,3.408,3.295,3.315,3.315,3.295,3.311,0.02,-0.016,-0.016,-0.016,-0.016,-0.016,-0.016,0.004,0.097,-0.016,0.004,0.004,-0.016,1.036,1.0,1.0,1.0,1.0,1.0,1.0,1.02,1.113,1.0,1.02,1.02,1.0,13.209
'19/03/2021',3.292,3.292,3.295,3.295,3.295,3.331,3.331,3.315,3.408,3.331,3.315,3.331,3.295,3.318,-0.026,-0.026,-0.023,-0.023,-0.023,0.013,0.013,-0.003,0.09,0.013,-0.003,0.013,-0.023,1.0,1.0,1.003,1.003,1.003,1.039,1.039,1.023,1.116,1.039,1.023,1.039,1.003,13.33
'20/03/2021',3.276,3.276,3.295,3.295,3.292,3.292,3.331,3.292,3.292,3.331,3.315,3.292,3.292,3.298,-0.022,-0.022,-0.003,-0.003,-0.006,-0.006,0.033,-0.006,-0.006,0.033,0.017,-0.006,-0.006,1.0,1.0,1.019,1.019,1.016,1.016,1.055,1.016,1.016,1.055,1.039,1.016,1.016,13.283
'21/03/2021',3.278,3.276,3.295,3.276,3.292,3.276,3.331,3.292,3.292,3.276,3.315,3.292,3.276,3.29,-0.012,-0.014,0.005,-0.014,0.002,-0.014,0.041,0.002,0.002,-0.014,0.025,0.002,-0.014,1.002,1.0,1.019,1.0,1.016,1.0,1.055,1.016,1.016,1.0,1.039,1.016,1.0,13.179
'22/03/2021',3.278,3.276,3.278,3.278,3.278,3.278,3.278,3.278,3.278,3.278,3.315,3.292,3.276,3.282,-0.004,-0.006,-0.004,-0.004,-0.004,-0.004,-0.004,-0.004,-0.004,-0.004,0.033,0.01,-0.006,1.002,1.0,1.002,1.002,1.002,1.002,1.002,1.002,1.002,1.002,1.039,1.016,1.0,13.073
'23/03/2021',3.238,3.238,3.278,3.256,3.278,3.256,3.278,3.278,3.278,3.278,3.256,3.256,3.276,3.265,-0.027,-0.027,0.013,-0.009,0.013,-0.009,0.013,0.013,0.013,0.013,-0.009,-0.009,0.011,1.0,1.0,1.04,1.018,1.04,1.018,1.04,1.04,1.04,1.04,1.018,1.018,1.038,13.35
'24/03/2021',3.238,3.214,3.238,3.238,3.278,3.238,3.278,3.238,3.278,3.238,3.238,3.256,3.238,3.247,-0.009,-0.033,-0.009,-0.009,0.031,-0.009,0.031,-0.009,0.031,-0.009,-0.009,0.009,-0.009,1.024,1.0,1.024,1.024,1.064,1.024,1.064,1.024,1.064,1.024,1.024,1.042,1.024,13.426
'25/03/2021',3.231,3.231,3.214,3.214,3.278,3.214,3.278,3.238,3.278,3.238,3.238,3.256,3.214,3.24,-0.009,-0.009,-0.026,-0.026,0.038,-0.026,0.038,-0.002,0.038,-0.002,-0.002,0.016,-0.026,1.017,1.017,1.0,1.0,1.064,1.0,1.064,1.024,1.064,1.024,1.024,1.042,1.0,13.34
'26/03/2021',3.197,3.197,3.231,3.231,3.278,3.231,3.231,3.238,3.278,3.238,3.231,3.256,3.214,3.235,-0.038,-0.038,-0.004,-0.004,0.043,-0.004,-0.004,0.003,0.043,0.003,-0.004,0.021,-0.021,1.0,1.0,1.034,1.034,1.081,1.034,1.034,1.041,1.081,1.041,1.034,1.059,1.017,13.49
'27/03/2021',3.197,3.222,3.197,3.197,3.278,3.197,3.231,3.197,3.197,3.197,3.197,3.197,3.214,3.209,-0.012,0.013,-0.012,-0.012,0.069,-0.012,0.022,-0.012,-0.012,-0.012,-0.012,-0.012,0.005,1.0,1.025,1.0,1.0,1.081,1.0,1.034,1.0,1.0,1.0,1.0,1.0,1.017,13.157
'28/03/2021',3.197,3.222,3.222,3.197,3.278,3.197,3.231,3.197,3.197,3.197,3.222,3.197,3.214,3.213,-0.016,0.009,0.009,-0.016,0.065,-0.016,0.018,-0.016,-0.016,-0.016,0.009,-0.016,0.001,1.0,1.025,1.025,1.0,1.081,1.0,1.034,1.0,1.0,1.0,1.025,1.0,1.017,13.207
'29/03/2021',3.197,3.162,3.222,3.194,3.278,3.194,3.194,3.194,3.194,3.197,3.194,3.197,3.214,3.202,-0.005,-0.04,0.02,-0.008,0.076,-0.008,-0.008,-0.008,-0.008,-0.005,-0.008,-0.005,0.012,1.035,1.0,1.06,1.032,1.116,1.032,1.032,1.032,1.032,1.035,1.032,1.035,1.052,13.525
'30/03/2021',3.164,3.162,3.162,3.194,3.162,3.194,3.162,3.162,3.194,3.162,3.162,3.162,3.162,3.169,-0.005,-0.007,-0.007,0.025,-0.007,0.025,-0.007,-0.007,0.025,-0.007,-0.007,-0.007,-0.007,1.002,1.0,1.0,1.032,1.0,1.032,1.0,1.0,1.032,1.0,1.0,1.0,1.0,13.098
'31/03/2021',3.164,3.138,3.162,3.194,3.164,3.164,3.164,3.164,3.164,3.164,3.164,3.164,3.164,3.164,0.0,-0.026,-0.002,0.03,0.0,0.0,0.0,0.0,0.0,0.0,0.0,0.0,0.0,1.026,1.0,1.024,1.056,1.026,1.026,1.026,1.026,1.026,1.026,1.026,1.026,1.026,13.34
'01/04/2021',3.118,3.118,3.138,3.138,3.164,3.138,3.138,3.138,3.138,3.138,3.164,3.164,3.138,3.141,-0.023,-0.023,-0.003,-0.003,0.023,-0.003,-0.003,-0.003,-0.003,-0.003,0.023,0.023,-0.003,1.0,1.0,1.02,1.02,1.046,1.02,1.02,1.02,1.02,1.02,1.046,1.046,1.02,13.298
'02/04/2021',3.118,3.11,3.118,3.118,3.118,3.118,3.138,3.138,3.138,3.138,3.164,3.118,3.138,3.128,-0.01,-0.018,-0.01,-0.01,-0.01,-0.01,0.01,0.01,0.01,0.01,0.036,-0.01,0.01,1.008,1.0,1.008,1.008,1.008,1.008,1.028,1.028,1.028,1.028,1.054,1.008,1.028,13.242
'03/04/2021',3.097,3.11,3.11,3.118,3.118,3.11,3.11,3.138,3.138,3.11,3.11,3.118,3.11,3.115,-0.018,-0.005,-0.005,0.003,0.003,-0.005,-0.005,0.023,0.023,-0.005,-0.005,0.003,-0.005,1.0,1.013,1.013,1.021,1.021,1.013,1.013,1.041,1.041,1.013,1.013,1.021,1.013,13.236
'04/04/2021',3.078,3.11,3.097,3.097,3.118,3.11,3.11,3.097,3.097,3.11,3.097,3.118,3.11,3.104,-0.026,0.006,-0.007,-0.007,0.014,0.006,0.006,-0.007,-0.007,0.006,-0.007,0.014,0.006,1.0,1.032,1.019,1.019,1.04,1.032,1.032,1.019,1.019,1.032,1.019,1.04,1.032,13.335
'05/04/2021',3.078,3.065,3.078,3.078,3.118,3.11,3.11,3.097,3.078,3.11,3.078,3.078,3.078,3.089,-0.011,-0.024,-0.011,-0.011,0.029,0.021,0.021,0.008,-0.011,0.021,-0.011,-0.011,-0.011,1.013,1.0,1.013,1.013,1.053,1.045,1.045,1.032,1.013,1.045,1.013,1.013,1.013,13.311
'06/04/2021',3.116,3.116,3.065,3.065,3.118,3.065,3.11,3.097,3.078,3.065,3.065,3.078,3.065,3.085,0.031,0.031,-0.02,-0.02,0.033,-0.02,0.025,0.012,-0.007,-0.02,-0.02,-0.007,-0.02,1.051,1.051,1.0,1.0,1.053,1.0,1.045,1.032,1.013,1.0,1.0,1.013,1.0,13.258
'07/04/2021',3.112,3.112,3.116,3.116,3.116,3.116,3.11,3.097,3.078,3.065,3.116,3.078,3.116,3.104,0.008,0.008,0.012,0.012,0.012,0.012,0.006,-0.007,-0.026,-0.039,0.012,-0.026,0.012,1.047,1.047,1.051,1.051,1.051,1.051,1.045,1.032,1.013,1.0,1.051,1.013,1.051,13.503
'08/04/2021',3.112,3.1,3.116,3.112,3.116,3.116,3.11,3.097,3.112,3.112,3.112,3.112,3.112,3.111,0.001,-0.011,0.005,0.001,0.005,0.005,-0.001,-0.014,0.001,0.001,0.001,0.001,0.001,1.015,1.003,1.019,1.015,1.019,1.019,1.013,1.0,1.015,1.015,1.015,1.015,1.015,13.178
'09/04/2021',3.112,3.1,3.116,3.112,3.116,3.1,3.1,3.097,3.1,3.112,3.112,3.112,3.1,3.107,0.005,-0.007,0.009,0.005,0.009,-0.007,-0.007,-0.01,-0.007,0.005,0.005,0.005,-0.007,1.015,1.003,1.019,1.015,1.019,1.003,1.003,1.0,1.003,1.015,1.015,1.015,1.003,13.128
'10/04/2021',3.052,3.1,3.116,3.082,3.116,3.082,3.1,3.097,3.082,3.082,3.112,3.112,3.1,3.095,-0.043,0.005,0.021,-0.013,0.021,-0.013,0.005,0.002,-0.013,-0.013,0.017,0.017,0.005,1.0,1.048,1.064,1.03,1.064,1.03,1.048,1.045,1.03,1.03,1.06,1.06,1.048,13.557
'11/04/2021',3.052,3.046,3.116,3.052,3.116,3.052,3.1,3.097,3.082,3.082,3.052,3.112,3.052,3.078,-0.026,-0.032,0.038,-0.026,0.038,-0.026,0.022,0.019,0.004,0.004,-0.026,0.034,-0.026,1.006,1.0,1.07,1.006,1.07,1.006,1.054,1.051,1.036,1.036,1.006,1.066,1.006,13.413
'12/04/2021',3.013,3.013,3.046,3.046,3.046,3.046,3.1,3.097,3.082,3.046,3.046,3.046,3.046,3.052,-0.039,-0.039,-0.006,-0.006,-0.006,-0.006,0.048,0.045,0.03,-0.006,-0.006,-0.006,-0.006,1.0,1.0,1.033,1.033,1.033,1.033,1.087,1.084,1.069,1.033,1.033,1.033,1.033,13.504
'13/04/2021',3.013,3.006,3.013,3.013,3.046,3.013,3.013,3.013,3.082,3.013,3.013,3.013,3.046,3.023,-0.01,-0.017,-0.01,-0.01,0.023,-0.01,-0.01,-0.01,0.059,-0.01,-0.01,-0.01,0.023,1.007,1.0,1.007,1.007,1.04,1.007,1.007,1.007,1.076,1.007,1.007,1.007,1.04,13.219
'14/04/2021',3.013,3.006,3.013,3.006,3.046,3.013,3.006,3.013,3.006,3.013,3.013,3.013,3.046,3.016,-0.003,-0.01,-0.003,-0.01,0.03,-0.003,-0.01,-0.003,-0.01,-0.003,-0.003,-0.003,0.03,1.007,1.0,1.007,1.0,1.04,1.007,1.0,1.007,1.0,1.007,1.007,1.007,1.04,13.129
'15/04/2021',3.036,3.036,3.044,3.044,3.046,3.013,3.006,3.013,3.044,3.044,3.044,3.013,3.046,3.033,0.003,0.003,0.011,0.011,0.013,-0.02,-0.027,-0.02,0.011,0.011,0.011,-0.02,0.013,1.03,1.03,1.038,1.038,1.04,1.007,1.0,1.007,1.038,1.038,1.038,1.007,1.04,13.351
'16/04/2021',3.057,3.057,3.036,3.036,3.046,3.013,3.006,3.013,3.044,3.036,3.036,3.036,3.046,3.036,0.021,0.021,0.0,0.0,0.01,-0.023,-0.03,-0.023,0.008,0.0,0.0,0.0,0.01,1.051,1.051,1.03,1.03,1.04,1.007,1.0,1.007,1.038,1.03,1.03,1.03,1.04,13.384
'17/04/2021',3.08,3.057,3.057,3.057,3.057,3.013,3.006,3.013,3.057,3.036,3.057,3.036,3.046,3.044,0.036,0.013,0.013,0.013,0.013,-0.031,-0.038,-0.031,0.013,-0.008,0.013,-0.008,0.002,1.074,1.051,1.051,1.051,1.051,1.007,1.0,1.007,1.051,1.03,1.051,1.03,1.04,13.494
'18/04/2021',3.079,3.079,3.08,3.08,3.08,3.013,3.006,3.013,3.057,3.036,3.057,3.036,3.046,3.051,0.028,0.028,0.029,0.029,0.029,-0.038,-0.045,-0.038,0.006,-0.015,0.006,-0.015,-0.005,1.073,1.073,1.074,1.074,1.074,1.007,1.0,1.007,1.051,1.03,1.051,1.03,1.04,13.584
'19/04/2021',3.091,3.091,3.079,3.08,3.08,3.013,3.079,3.013,3.057,3.036,3.057,3.079,3.046,3.062,0.029,0.029,0.017,0.018,0.018,-0.049,0.017,-0.049,-0.005,-0.026,-0.005,0.017,-0.016,1.078,1.078,1.066,1.067,1.067,1.0,1.066,1.0,1.044,1.023,1.044,1.066,1.033,13.632
'20/04/2021',3.07,3.07,3.091,3.08,3.08,3.013,3.079,3.013,3.057,3.036,3.091,3.079,3.046,3.062,0.008,0.008,0.029,0.018,0.018,-0.049,0.017,-0.049,-0.005,-0.026,0.029,0.017,-0.016,1.057,1.057,1.078,1.067,1.067,1.0,1.066,1.0,1.044,1.023,1.078,1.066,1.033,13.636
'21/04/2021',3.052,3.07,3.07,3.08,3.08,3.07,3.079,3.013,3.057,3.036,3.091,3.079,3.046,3.063,-0.011,0.007,0.007,0.017,0.017,0.007,0.016,-0.05,-0.006,-0.027,0.028,0.016,-0.017,1.039,1.057,1.057,1.067,1.067,1.057,1.066,1.0,1.044,1.023,1.078,1.066,1.033,13.654
'22/04/2021',3.031,3.031,3.07,3.08,3.052,3.07,3.079,3.013,3.057,3.036,3.091,3.079,3.046,3.057,-0.026,-0.026,0.013,0.023,-0.005,0.013,0.022,-0.044,0.0,-0.021,0.034,0.022,-0.011,1.018,1.018,1.057,1.067,1.039,1.057,1.066,1.0,1.044,1.023,1.078,1.066,1.033,13.566
'23/04/2021',3.046,3.031,3.031,3.08,3.052,3.031,3.031,3.013,3.031,3.031,3.031,3.079,3.046,3.041,0.005,-0.01,-0.01,0.039,0.011,-0.01,-0.01,-0.028,-0.01,-0.01,-0.01,0.038,0.005,1.033,1.018,1.018,1.067,1.039,1.018,1.018,1.0,1.018,1.018,1.018,1.066,1.033,13.364
'24/04/2021',3.056,3.031,3.046,3.08,3.052,3.046,3.046,3.013,3.031,3.046,3.046,3.046,3.046,3.045,0.011,-0.014,0.001,0.035,0.007,0.001,0.001,-0.032,-0.014,0.001,0.001,0.001,0.001,1.043,1.018,1.033,1.067,1.039,1.033,1.033,1.0,1.018,1.033,1.033,1.033,1.033,13.416
'25/04/2021',3.038,3.038,3.056,3.056,3.056,3.046,3.046,3.056,3.056,3.046,3.056,3.056,3.046,3.051,-0.013,-0.013,0.005,0.005,0.005,-0.005,-0.005,0.005,0.005,-0.005,0.005,0.005,-0.005,1.0,1.0,1.018,1.018,1.018,1.008,1.008,1.018,1.018,1.008,1.018,1.018,1.008,13.158
'26/04/2021',3.038,3.038,3.038,3.056,3.056,3.038,3.046,3.056,3.038,3.046,3.056,3.056,3.046,3.047,-0.009,-0.009,-0.009,0.009,0.009,-0.009,-0.001,0.009,-0.009,-0.001,0.009,0.009,-0.001,1.0,1.0,1.0,1.018,1.018,1.0,1.008,1.018,1.0,1.008,1.018,1.018,1.008,13.114
'27/04/2021',3.012,3.038,3.026,3.056,3.056,3.026,3.046,3.056,3.038,3.026,3.026,3.056,3.046,3.039,-0.027,-0.001,-0.013,0.017,0.017,-0.013,0.007,0.017,-0.001,-0.013,-0.013,0.017,0.007,1.0,1.026,1.014,1.044,1.044,1.014,1.034,1.044,1.026,1.014,1.014,1.044,1.034,13.352
'28/04/2021',3.012,3.038,3.012,3.012,3.056,3.012,3.012,3.012,3.038,3.026,3.012,3.056,3.046,3.027,-0.015,0.011,-0.015,-0.015,0.029,-0.015,-0.015,-0.015,0.011,-0.001,-0.015,0.029,0.019,1.0,1.026,1.0,1.0,1.044,1.0,1.0,1.0,1.026,1.014,1.0,1.044,1.034,13.188
'29/04/2021',2.971,3.038,3.012,3.012,3.056,3.012,3.012,3.012,2.995,3.026,3.012,2.995,3.046,3.015,-0.044,0.023,-0.003,-0.003,0.041,-0.003,-0.003,-0.003,-0.02,0.011,-0.003,-0.02,0.031,1.0,1.067,1.041,1.041,1.085,1.041,1.041,1.041,1.024,1.055,1.041,1.024,1.075,13.576
'30/04/2021',2.971,2.934,2.971,2.971,2.971,2.971,2.971,3.012,2.971,3.026,3.012,2.995,2.971,2.981,-0.01,-0.047,-0.01,-0.01,-0.01,-0.01,-0.01,0.031,-0.01,0.045,0.031,0.014,-0.01,1.037,1.0,1.037,1.037,1.037,1.037,1.037,1.078,1.037,1.092,1.078,1.061,1.037,13.605
'01/05/2021',2.941,2.941,2.934,2.934,2.934,2.934,2.934,2.934,2.934,2.934,2.934,2.934,2.971,2.938,0.003,0.003,-0.004,-0.004,-0.004,-0.004,-0.004,-0.004,-0.004,-0.004,-0.004,-0.004,0.033,1.007,1.007,1.0,1.0,1.0,1.0,1.0,1.0,1.0,1.0,1.0,1.0,1.037,13.051
'02/05/2021',2.941,2.941,2.934,2.934,2.934,2.934,2.934,2.934,2.934,2.941,2.941,2.934,2.971,2.939,0.002,0.002,-0.005,-0.005,-0.005,-0.005,-0.005,-0.005,-0.005,0.002,0.002,-0.005,0.032,1.007,1.007,1.0,1.0,1.0,1.0,1.0,1.0,1.0,1.007,1.007,1.0,1.037,13.065
'03/05/2021',2.921,2.921,2.964,2.934,2.934,2.964,2.934,2.964,2.934,2.941,2.964,2.934,2.971,2.945,-0.024,-0.024,0.019,-0.011,-0.011,0.019,-0.011,0.019,-0.011,-0.004,0.019,-0.011,0.026,1.0,1.0,1.043,1.013,1.013,1.043,1.013,1.043,1.013,1.02,1.043,1.013,1.05,13.307
'04/05/2021',2.921,2.921,2.964,2.921,2.921,2.921,2.921,2.921,2.921,2.921,2.921,2.921,2.971,2.928,-0.007,-0.007,0.036,-0.007,-0.007,-0.007,-0.007,-0.007,-0.007,-0.007,-0.007,-0.007,0.043,1.0,1.0,1.043,1.0,1.0,1.0,1.0,1.0,1.0,1.0,1.0,1.0,1.05,13.093
'05/05/2021',2.921,2.951,2.929,2.921,2.929,2.921,2.921,2.929,2.921,2.929,2.929,2.929,2.971,2.931,-0.01,0.02,-0.002,-0.01,-0.002,-0.01,-0.01,-0.002,-0.01,-0.002,-0.002,-0.002,0.04,1.0,1.03,1.008,1.0,1.008,1.0,1.0,1.008,1.0,1.008,1.008,1.008,1.05,13.128
'06/05/2021',2.982,2.982,2.929,2.921,2.929,2.951,2.921,2.929,2.921,2.951,2.951,2.951,2.971,2.945,0.037,0.037,-0.016,-0.024,-0.016,0.006,-0.024,-0.016,-0.024,0.006,0.006,0.006,0.026,1.061,1.061,1.008,1.0,1.008,1.03,1.0,1.008,1.0,1.03,1.03,1.03,1.05,13.316
'07/05/2021',3.036,3.036,2.929,2.921,2.929,2.951,2.921,2.929,2.982,2.982,2.951,2.982,2.971,2.963,0.073,0.073,-0.034,-0.042,-0.034,-0.012,-0.042,-0.034,0.019,0.019,-0.012,0.019,0.008,1.115,1.115,1.008,1.0,1.008,1.03,1.0,1.008,1.061,1.061,1.03,1.061,1.05,13.547
'08/05/2021',2.998,2.998,2.929,2.921,2.929,3.036,2.921,2.929,2.982,3.036,2.951,2.982,2.971,2.968,0.03,0.03,-0.039,-0.047,-0.039,0.068,-0.047,-0.039,0.014,0.068,-0.017,0.014,0.003,1.077,1.077,1.008,1.0,1.008,1.115,1.0,1.008,1.061,1.115,1.03,1.061,1.05,13.61
'09/05/2021',2.981,2.981,2.998,2.921,2.929,3.036,2.998,2.929,2.998,2.998,2.998,2.982,2.971,2.978,0.003,0.003,0.02,-0.057,-0.049,0.058,0.02,-0.049,0.02,0.02,0.02,0.004,-0.007,1.06,1.06,1.077,1.0,1.008,1.115,1.077,1.008,1.077,1.077,1.077,1.061,1.05,13.747
'10/05/2021',2.981,2.975,2.998,2.921,2.929,2.981,2.998,2.981,2.981,2.998,2.998,2.981,2.971,2.976,0.005,-0.001,0.022,-0.055,-0.047,0.005,0.022,0.005,0.005,0.022,0.022,0.005,-0.005,1.06,1.054,1.077,1.0,1.008,1.06,1.077,1.06,1.06,1.077,1.077,1.06,1.05,13.72
'11/05/2021',2.981,2.98,2.998,2.975,2.975,2.981,2.998,2.975,2.981,2.975,2.998,2.981,2.971,2.982,-0.001,-0.002,0.016,-0.007,-0.007,-0.001,0.016,-0.007,-0.001,-0.007,0.016,-0.001,-0.011,1.01,1.009,1.027,1.004,1.004,1.01,1.027,1.004,1.01,1.004,1.027,1.01,1.0,13.146
'12/05/2021',2.981,2.966,2.98,2.98,2.975,2.981,2.98,2.975,2.981,2.98,2.998,2.981,2.971,2.979,0.002,-0.013,0.001,0.001,-0.004,0.002,0.001,-0.004,0.002,0.001,0.019,0.002,-0.008,1.015,1.0,1.014,1.014,1.009,1.015,1.014,1.009,1.015,1.014,1.032,1.015,1.005,13.171
'13/05/2021',2.979,2.966,2.966,2.966,2.975,2.981,2.98,2.975,2.966,2.98,2.998,2.966,2.971,2.975,0.004,-0.009,-0.009,-0.009,0.0,0.006,0.005,0.0,-0.009,0.005,0.023,-0.009,-0.004,1.013,1.0,1.0,1.0,1.009,1.015,1.014,1.009,1.0,1.014,1.032,1.0,1.005,13.111
'14/05/2021',2.979,2.966,2.966,2.966,2.975,2.979,2.98,2.975,2.966,2.979,2.979,2.966,2.971,2.973,0.006,-0.007,-0.007,-0.007,0.002,0.006,0.007,0.002,-0.007,0.006,0.006,-0.007,-0.002,1.013,1.0,1.0,1.0,1.009,1.013,1.014,1.009,1.0,1.013,1.013,1.0,1.005,13.089
'15/05/2021',2.979,2.966,2.966,2.966,2.975,2.979,2.98,2.975,2.971,2.979,2.979,2.966,2.971,2.973,0.006,-0.007,-0.007,-0.007,0.002,0.006,0.007,0.002,-0.002,0.006,0.006,-0.007,-0.002,1.013,1.0,1.0,1.0,1.009,1.013,1.014,1.009,1.005,1.013,1.013,1.0,1.005,13.094
'16/05/2021',2.979,2.966,2.95,2.95,2.975,2.979,2.95,2.95,2.95,2.979,2.979,2.95,2.971,2.964,0.015,0.002,-0.014,-0.014,0.011,0.015,-0.014,-0.014,-0.014,0.015,0.015,-0.014,0.007,1.029,1.016,1.0,1.0,1.025,1.029,1.0,1.0,1.0,1.029,1.029,1.0,1.021,13.178
'17/05/2021',2.979,2.966,2.94,2.94,2.94,2.94,2.95,2.94,2.94,2.979,2.979,2.94,2.971,2.954,0.025,0.012,-0.014,-0.014,-0.014,-0.014,-0.004,-0.014,-0.014,0.025,0.025,-0.014,0.017,1.039,1.026,1.0,1.0,1.0,1.0,1.01,1.0,1.0,1.039,1.039,1.0,1.031,13.184
'18/05/2021',2.962,2.962,2.94,2.94,2.94,2.948,2.95,2.94,2.948,2.948,2.979,2.94,2.948,2.949,0.013,0.013,-0.009,-0.009,-0.009,-0.001,0.001,-0.009,-0.001,-0.001,0.03,-0.009,-0.001,1.022,1.022,1.0,1.0,1.0,1.008,1.01,1.0,1.008,1.008,1.039,1.0,1.008,13.125
'19/05/2021',2.962,2.962,2.962,2.962,2.962,2.962,2.962,2.962,2.948,2.962,2.962,2.962,2.948,2.959,0.003,0.003,0.003,0.003,0.003,0.003,0.003,0.003,-0.011,0.003,0.003,0.003,-0.011,1.014,1.014,1.014,1.014,1.014,1.014,1.014,1.014,1.0,1.014,1.014,1.014,1.0,13.154
'20/05/2021',2.962,2.962,2.962,2.962,2.943,2.962,2.962,2.943,2.943,2.962,2.943,2.962,2.948,2.955,0.007,0.007,0.007,0.007,-0.012,0.007,0.007,-0.012,-0.012,0.007,-0.012,0.007,-0.007,1.019,1.019,1.019,1.019,1.0,1.019,1.019,1.0,1.0,1.019,1.0,1.019,1.005,13.157
'21/05/2021',2.987,2.962,3.009,2.962,2.943,2.962,2.962,2.943,2.943,2.962,2.943,2.962,2.948,2.96,0.027,0.002,0.049,0.002,-0.017,0.002,0.002,-0.017,-0.017,0.002,-0.017,0.002,-0.012,1.044,1.019,1.066,1.019,1.0,1.019,1.019,1.0,1.0,1.019,1.0,1.019,1.005,13.229
'22/05/2021',2.987,2.962,3.009,2.962,2.943,2.987,2.962,2.943,2.943,2.962,2.943,2.962,2.987,2.965,0.022,-0.003,0.044,-0.003,-0.022,0.022,-0.003,-0.022,-0.022,-0.003,-0.022,-0.003,0.022,1.044,1.019,1.066,1.019,1.0,1.044,1.019,1.0,1.0,1.019,1.0,1.019,1.044,13.293
'23/05/2021',2.987,2.981,2.989,2.962,2.943,2.989,2.962,2.943,2.943,2.962,2.943,2.962,2.989,2.966,0.021,0.015,0.023,-0.004,-0.023,0.023,-0.004,-0.023,-0.023,-0.004,-0.023,-0.004,0.023,1.044,1.038,1.046,1.019,1.0,1.046,1.019,1.0,1.0,1.019,1.0,1.019,1.046,13.296
'24/05/2021',2.987,3.024,2.989,2.962,2.943,2.981,2.962,2.943,2.943,2.962,2.943,2.981,2.989,2.97,0.017,0.054,0.019,-0.008,-0.027,0.011,-0.008,-0.027,-0.027,-0.008,-0.027,0.011,0.019,1.044,1.081,1.046,1.019,1.0,1.038,1.019,1.0,1.0,1.019,1.0,1.038,1.046,13.35
'25/05/2021',2.987,3.024,3.024,2.962,2.943,2.981,3.024,3.024,2.943,2.962,3.024,2.981,3.024,2.992,-0.005,0.032,0.032,-0.03,-0.049,-0.011,0.032,0.032,-0.049,-0.03,0.032,-0.011,0.032,1.044,1.081,1.081,1.019,1.0,1.038,1.081,1.081,1.0,1.019,1.081,1.038,1.081,13.644
'26/05/2021',2.987,3.024,3.024,2.962,2.943,2.981,3.024,3.024,2.943,2.962,3.024,2.981,3.024,2.992,-0.005,0.032,0.032,-0.03,-0.049,-0.011,0.032,0.032,-0.049,-0.03,0.032,-0.011,0.032,1.044,1.081,1.081,1.019,1.0,1.038,1.081,1.081,1.0,1.019,1.081,1.038,1.081,13.644
'27/05/2021',3.007,3.024,3.024,2.962,3.0,2.981,3.024,3.0,2.943,2.962,3.0,2.981,3.024,2.995,0.012,0.029,0.029,-0.033,0.005,-0.014,0.029,0.005,-0.052,-0.033,0.005,-0.014,0.029,1.064,1.081,1.081,1.019,1.057,1.038,1.081,1.057,1.0,1.019,1.057,1.038,1.081,13.673
'28/05/2021',2.975,2.975,3.007,2.962,3.007,3.007,3.024,3.0,2.943,2.962,3.007,2.981,3.007,2.989,-0.014,-0.014,0.018,-0.027,0.018,0.018,0.035,0.011,-0.046,-0.027,0.018,-0.008,0.018,1.032,1.032,1.064,1.019,1.064,1.064,1.081,1.057,1.0,1.019,1.064,1.038,1.064,13.598
'29/05/2021',2.975,2.975,3.007,2.975,3.007,2.975,2.975,3.0,2.975,2.962,2.975,2.975,2.975,2.981,-0.006,-0.006,0.026,-0.006,0.026,-0.006,-0.006,0.019,-0.006,-0.019,-0.006,-0.006,-0.006,1.013,1.013,1.045,1.013,1.045,1.013,1.013,1.038,1.013,1.0,1.013,1.013,1.013,13.245
'30/05/2021',2.975,2.975,3.007,2.975,3.007,2.975,2.975,3.0,2.975,2.962,2.975,2.975,2.975,2.981,-0.006,-0.006,0.026,-0.006,0.026,-0.006,-0.006,0.019,-0.006,-0.019,-0.006,-0.006,-0.006,1.013,1.013,1.045,1.013,1.045,1.013,1.013,1.038,1.013,1.0,1.013,1.013,1.013,13.245
'31/05/2021',2.97,2.97,3.007,2.975,2.993,2.993,2.993,3.0,2.993,2.962,2.975,2.975,2.993,2.984,-0.014,-0.014,0.023,-0.009,0.009,0.009,0.009,0.016,0.009,-0.022,-0.009,-0.009,0.009,1.008,1.008,1.045,1.013,1.031,1.031,1.031,1.038,1.031,1.0,1.013,1.013,1.031,13.293
'01/06/2021',2.984,2.984,2.97,2.97,2.97,2.97,2.993,2.97,2.97,2.962,2.97,2.975,2.97,2.974,0.01,0.01,-0.004,-0.004,-0.004,-0.004,0.019,-0.004,-0.004,-0.012,-0.004,0.001,-0.004,1.022,1.022,1.008,1.008,1.008,1.008,1.031,1.008,1.008,1.0,1.008,1.013,1.008,13.152
'02/06/2021',2.958,2.958,2.984,2.97,2.97,2.984,2.984,2.984,2.984,2.984,2.97,2.975,2.984,2.976,-0.018,-0.018,0.008,-0.006,-0.006,0.008,0.008,0.008,0.008,0.008,-0.006,-0.001,0.008,1.0,1.0,1.026,1.012,1.012,1.026,1.026,1.026,1.026,1.026,1.012,1.017,1.026,13.235
'03/06/2021',2.958,2.941,2.958,2.97,2.97,2.958,2.958,2.984,2.958,2.984,2.958,2.975,2.958,2.964,-0.006,-0.023,-0.006,0.006,0.006,-0.006,-0.006,0.02,-0.006,0.02,-0.006,0.011,-0.006,1.017,1.0,1.017,1.029,1.029,1.017,1.017,1.043,1.017,1.043,1.017,1.034,1.017,13.297
'04/06/2021',2.958,2.957,2.941,2.97,2.941,2.941,2.941,2.941,2.941,2.941,2.958,2.941,2.958,2.949,0.009,0.008,-0.008,0.021,-0.008,-0.008,-0.008,-0.008,-0.008,-0.008,0.009,-0.008,0.009,1.017,1.016,1.0,1.029,1.0,1.0,1.0,1.0,1.0,1.0,1.017,1.0,1.017,13.096
'05/06/2021',2.943,2.943,2.957,2.957,2.941,2.957,2.957,2.941,2.957,2.957,2.958,2.957,2.958,2.953,-0.01,-0.01,0.004,0.004,-0.012,0.004,0.004,-0.012,0.004,0.004,0.005,0.004,0.005,1.002,1.002,1.016,1.016,1.0,1.016,1.016,1.0,1.016,1.016,1.017,1.016,1.017,13.15
'06/06/2021',2.943,2.943,2.943,2.957,2.943,2.957,2.943,2.943,2.943,2.957,2.943,2.943,2.958,2.947,-0.004,-0.004,-0.004,0.01,-0.004,0.01,-0.004,-0.004,-0.004,0.01,-0.004,-0.004,0.011,1.0,1.0,1.0,1.014,1.0,1.014,1.0,1.0,1.0,1.014,1.0,1.0,1.015,13.057
'07/06/2021',2.943,2.911,2.936,2.957,2.943,2.957,2.943,2.943,2.943,2.957,2.943,2.943,2.958,2.944,-0.001,-0.033,-0.008,0.013,-0.001,0.013,-0.001,-0.001,-0.001,0.013,-0.001,-0.001,0.014,1.032,1.0,1.025,1.046,1.032,1.046,1.032,1.032,1.032,1.046,1.032,1.032,1.047,13.434
'08/06/2021',2.958,2.911,2.911,2.911,2.911,2.911,2.911,2.911,2.943,2.911,2.911,2.911,2.911,2.917,0.041,-0.006,-0.006,-0.006,-0.006,-0.006,-0.006,-0.006,0.026,-0.006,-0.006,-0.006,-0.006,1.047,1.0,1.0,1.0,1.0,1.0,1.0,1.0,1.032,1.0,1.0,1.0,1.0,13.079
'09/06/2021',2.971,2.971,2.958,2.911,2.958,2.958,2.958,2.958,2.958,2.911,2.958,2.911,2.958,2.949,0.022,0.022,0.009,-0.038,0.009,0.009,0.009,0.009,0.009,-0.038,0.009,-0.038,0.009,1.06,1.06,1.047,1.0,1.047,1.047,1.047,1.047,1.047,1.0,1.047,1.0,1.047,13.496
'10/06/2021',2.945,2.945,2.971,2.971,2.971,2.971,2.971,2.971,2.958,2.971,2.971,2.971,2.958,2.965,-0.02,-0.02,0.006,0.006,0.006,0.006,0.006,0.006,-0.007,0.006,0.006,0.006,-0.007,1.0,1.0,1.026,1.026,1.026,1.026,1.026,1.026,1.013,1.026,1.026,1.026,1.013,13.26
'11/06/2021',2.945,2.929,2.971,2.971,2.945,2.945,2.945,2.971,2.958,2.945,2.945,2.945,2.945,2.951,-0.006,-0.022,0.02,0.02,-0.006,-0.006,-0.006,0.02,0.007,-0.006,-0.006,-0.006,-0.006,1.016,1.0,1.042,1.042,1.016,1.016,1.016,1.042,1.029,1.016,1.016,1.016,1.016,13.283
'12/06/2021',2.92,2.929,2.971,2.971,2.945,2.929,2.945,2.971,2.958,2.929,2.929,2.945,2.945,2.945,-0.025,-0.016,0.026,0.026,0.0,-0.016,0.0,0.026,0.013,-0.016,-0.016,0.0,0.0,1.0,1.009,1.051,1.051,1.025,1.009,1.025,1.051,1.038,1.009,1.009,1.025,1.025,13.327
'13/06/2021',2.92,2.929,2.92,2.971,2.92,2.92,2.945,2.92,2.958,2.929,2.929,2.945,2.945,2.934,-0.014,-0.005,-0.014,0.037,-0.014,-0.014,0.011,-0.014,0.024,-0.005,-0.005,0.011,0.011,1.0,1.009,1.0,1.051,1.0,1.0,1.025,1.0,1.038,1.009,1.009,1.025,1.025,13.191
'14/06/2021',2.916,2.916,2.92,2.971,2.92,2.915,2.915,2.92,2.915,2.929,2.929,2.915,2.945,2.925,-0.009,-0.009,-0.005,0.046,-0.005,-0.01,-0.01,-0.005,-0.01,0.004,0.004,-0.01,0.02,1.001,1.001,1.005,1.056,1.005,1.0,1.0,1.005,1.0,1.014,1.014,1.0,1.03,13.131
'15/06/2021',2.897,2.916,2.916,2.916,2.916,2.916,2.916,2.916,2.916,2.916,2.916,2.916,2.916,2.915,-0.018,0.001,0.001,0.001,0.001,0.001,0.001,0.001,0.001,0.001,0.001,0.001,0.001,1.0,1.019,1.019,1.019,1.019,1.019,1.019,1.019,1.019,1.019,1.019,1.019,1.019,13.228
'16/06/2021',2.897,2.884,2.916,2.897,2.897,2.897,2.916,2.897,2.916,2.916,2.897,2.897,2.897,2.902,-0.005,-0.018,0.014,-0.005,-0.005,-0.005,0.014,-0.005,0.014,0.014,-0.005,-0.005,-0.005,1.013,1.0,1.032,1.013,1.013,1.013,1.032,1.013,1.032,1.032,1.013,1.013,1.013,13.232
'17/06/2021',2.897,2.884,2.884,2.897,2.897,2.897,2.916,2.884,2.916,2.916,2.897,2.897,2.884,2.898,-0.001,-0.014,-0.014,-0.001,-0.001,-0.001,0.018,-0.014,0.018,0.018,-0.001,-0.001,-0.014,1.013,1.0,1.0,1.013,1.013,1.013,1.032,1.0,1.032,1.032,1.013,1.013,1.0,13.174
'18/06/2021',2.897,2.884,2.877,2.877,2.897,2.877,2.916,2.877,2.916,2.916,2.877,2.897,2.884,2.892,0.005,-0.008,-0.015,-0.015,0.005,-0.015,0.024,-0.015,0.024,0.024,-0.015,0.005,-0.008,1.02,1.007,1.0,1.0,1.02,1.0,1.039,1.0,1.039,1.039,1.0,1.02,1.007,13.191
'19/06/2021',2.896,2.884,2.868,2.868,2.897,2.868,2.916,2.868,2.916,2.868,2.868,2.897,2.884,2.885,0.011,-0.001,-0.017,-0.017,0.012,-0.017,0.031,-0.017,0.031,-0.017,-0.017,0.012,-0.001,1.028,1.016,1.0,1.0,1.029,1.0,1.048,1.0,1.048,1.0,1.0,1.029,1.016,13.214
'20/06/2021',2.891,2.891,2.868,2.868,2.897,2.896,2.916,2.868,2.916,2.868,2.868,2.896,2.884,2.887,0.004,0.004,-0.019,-0.019,0.01,0.009,0.029,-0.019,0.029,-0.019,-0.019,0.009,-0.003,1.023,1.023,1.0,1.0,1.029,1.028,1.048,1.0,1.048,1.0,1.0,1.028,1.016,13.243
'21/06/2021',2.883,2.883,2.891,2.891,2.891,2.896,2.891,2.868,2.916,2.891,2.891,2.891,2.891,2.89,-0.007,-0.007,0.001,0.001,0.001,0.006,0.001,-0.022,0.026,0.001,0.001,0.001,0.001,1.015,1.015,1.023,1.023,1.023,1.028,1.023,1.0,1.048,1.023,1.023,1.023,1.023,13.29
'22/06/2021',2.883,2.883,2.883,2.883,2.891,2.896,2.883,2.883,2.883,2.883,2.883,2.891,2.891,2.886,-0.003,-0.003,-0.003,-0.003,0.005,0.01,-0.003,-0.003,-0.003,-0.003,-0.003,0.005,0.005,1.0,1.0,1.0,1.0,1.008,1.013,1.0,1.0,1.0,1.0,1.0,1.008,1.008,13.037
'23/06/2021',2.983,2.883,2.883,2.883,2.891,2.896,2.883,2.883,2.883,2.992,2.883,2.891,2.891,2.902,0.081,-0.019,-0.019,-0.019,-0.011,-0.006,-0.019,-0.019,-0.019,0.09,-0.019,-0.011,-0.011,1.1,1.0,1.0,1.0,1.008,1.013,1.0,1.0,1.0,1.109,1.0,1.008,1.008,13.246
'24/06/2021',2.983,2.883,2.983,2.983,2.983,2.983,2.983,2.983,2.983,2.992,2.983,2.983,2.891,2.969,0.014,-0.086,0.014,0.014,0.014,0.014,0.014,0.014,0.014,0.023,0.014,0.014,-0.078,1.1,1.0,1.1,1.1,1.1,1.1,1.1,1.1,1.1,1.109,1.1,1.1,1.008,14.117
'25/06/2021',2.95,2.95,2.961,2.961,2.983,2.961,2.961,2.961,2.983,2.961,2.961,2.983,2.891,2.959,-0.009,-0.009,0.002,0.002,0.024,0.002,0.002,0.002,0.024,0.002,0.002,0.024,-0.068,1.059,1.059,1.07,1.07,1.092,1.07,1.07,1.07,1.092,1.07,1.07,1.092,1.0,13.884
'26/06/2021',2.95,2.95,2.961,2.95,2.95,2.95,2.95,2.961,2.983,2.961,2.961,2.983,2.891,2.954,-0.004,-0.004,0.007,-0.004,-0.004,-0.004,-0.004,0.007,0.029,0.007,0.007,0.029,-0.063,1.059,1.059,1.07,1.059,1.059,1.059,1.059,1.07,1.092,1.07,1.07,1.092,1.0,13.818
'27/06/2021',2.95,2.929,2.961,2.94,2.95,2.94,2.95,2.961,2.94,2.94,2.961,2.983,2.891,2.946,0.004,-0.017,0.015,-0.006,0.004,-0.006,0.004,0.015,-0.006,-0.006,0.015,0.037,-0.055,1.059,1.038,1.07,1.049,1.059,1.049,1.059,1.07,1.049,1.049,1.07,1.092,1.0,13.713
'28/06/2021',2.907,2.907,2.961,2.94,2.929,2.94,2.95,2.929,2.94,2.94,2.961,2.983,2.929,2.94,-0.033,-0.033,0.021,0.0,-0.011,0.0,0.01,-0.011,0.0,0.0,0.021,0.043,-0.011,1.0,1.0,1.054,1.033,1.022,1.033,1.043,1.022,1.033,1.033,1.054,1.076,1.022,13.425
'29/06/2021',2.895,2.907,2.961,2.94,2.929,2.94,2.907,2.907,2.907,2.907,2.907,2.907,2.907,2.917,-0.022,-0.01,0.044,0.023,0.012,0.023,-0.01,-0.01,-0.01,-0.01,-0.01,-0.01,-0.01,1.0,1.012,1.066,1.045,1.034,1.045,1.012,1.012,1.012,1.012,1.012,1.012,1.012,13.286
'30/06/2021',2.895,2.907,2.961,2.895,2.895,2.94,2.907,2.895,2.907,2.907,2.907,2.907,2.907,2.91,-0.015,-0.003,0.051,-0.015,-0.015,0.03,-0.003,-0.015,-0.003,-0.003,-0.003,-0.003,-0.003,1.0,1.012,1.066,1.0,1.0,1.045,1.012,1.0,1.012,1.012,1.012,1.012,1.012,13.195
'01/07/2021',2.895,2.907,2.961,2.895,2.895,2.94,2.907,2.895,2.907,2.907,2.907,2.893,2.907,2.909,-0.014,-0.002,0.052,-0.014,-0.014,0.031,-0.002,-0.014,-0.002,-0.002,-0.002,-0.016,-0.002,1.002,1.014,1.068,1.002,1.002,1.047,1.014,1.002,1.014,1.014,1.014,1.0,1.014,13.207
'02/07/2021',2.861,2.907,2.961,2.895,2.895,2.94,2.89,2.895,2.907,2.907,2.907,2.893,2.907,2.905,-0.044,0.002,0.056,-0.01,-0.01,0.035,-0.015,-0.01,0.002,0.002,0.002,-0.012,0.002,1.0,1.046,1.1,1.034,1.034,1.079,1.029,1.034,1.046,1.046,1.046,1.032,1.046,13.572
'03/07/2021',2.84,2.907,2.861,2.861,2.861,2.861,2.89,2.861,2.861,2.861,2.861,2.861,2.861,2.865,-0.025,0.042,-0.004,-0.004,-0.004,-0.004,0.025,-0.004,-0.004,-0.004,-0.004,-0.004,-0.004,1.0,1.067,1.021,1.021,1.021,1.021,1.05,1.021,1.021,1.021,1.021,1.021,1.021,13.327
'04/07/2021',2.84,2.833,2.84,2.84,2.84,2.84,2.84,2.84,2.861,2.84,2.84,2.861,2.84,2.842,-0.002,-0.009,-0.002,-0.002,-0.002,-0.002,-0.002,-0.002,0.019,-0.002,-0.002,0.019,-0.002,1.007,1.0,1.007,1.007,1.007,1.007,1.007,1.007,1.028,1.007,1.007,1.028,1.007,13.126
'05/07/2021',2.84,2.833,2.84,2.84,2.84,2.84,2.84,2.84,2.861,2.84,2.84,2.861,2.84,2.842,-0.002,-0.009,-0.002,-0.002,-0.002,-0.002,-0.002,-0.002,0.019,-0.002,-0.002,0.019,-0.002,1.007,1.0,1.007,1.007,1.007,1.007,1.007,1.007,1.028,1.007,1.007,1.028,1.007,13.126
'06/07/2021',2.84,2.833,2.84,2.827,2.84,2.84,2.827,2.827,2.827,2.84,2.84,2.861,2.827,2.836,0.004,-0.003,0.004,-0.009,0.004,0.004,-0.009,-0.009,-0.009,0.004,0.004,0.025,-0.009,1.013,1.006,1.013,1.0,1.013,1.013,1.0,1.0,1.0,1.013,1.013,1.034,1.0,13.118
'07/07/2021',2.84,2.833,2.84,2.827,2.821,2.821,2.827,2.827,2.827,2.821,2.821,2.861,2.827,2.83,0.01,0.003,0.01,-0.003,-0.009,-0.009,-0.003,-0.003,-0.003,-0.009,-0.009,0.031,-0.003,1.019,1.012,1.019,1.006,1.0,1.0,1.006,1.006,1.006,1.0,1.0,1.04,1.006,13.12
'08/07/2021',2.84,2.833,2.801,2.827,2.801,2.801,2.801,2.801,2.801,2.821,2.801,2.801,2.801,2.81,0.03,0.023,-0.009,0.017,-0.009,-0.009,-0.009,-0.009,-0.009,0.011,-0.009,-0.009,-0.009,1.039,1.032,1.0,1.026,1.0,1.0,1.0,1.0,1.0,1.02,1.0,1.0,1.0,13.117
'09/07/2021',2.84,2.833,2.797,2.797,2.797,2.797,2.801,2.797,2.797,2.821,2.797,2.797,2.797,2.805,0.035,0.028,-0.008,-0.008,-0.008,-0.008,-0.004,-0.008,-0.008,0.016,-0.008,-0.008,-0.008,1.043,1.036,1.0,1.0,1.0,1.0,1.004,1.0,1.0,1.024,1.0,1.0,1.0,13.107
'10/07/2021',2.84,2.833,2.797,2.797,2.809,2.797,2.801,2.809,2.797,2.821,2.797,2.797,2.797,2.807,0.033,0.026,-0.01,-0.01,0.002,-0.01,-0.006,0.002,-0.01,0.014,-0.01,-0.01,-0.01,1.043,1.036,1.0,1.0,1.012,1.0,1.004,1.012,1.0,1.024,1.0,1.0,1.0,13.131
'11/07/2021',2.772,2.772,2.797,2.797,2.809,2.795,2.795,2.809,2.795,2.821,2.795,2.797,2.795,2.796,-0.024,-0.024,0.001,0.001,0.013,-0.001,-0.001,0.013,-0.001,0.025,-0.001,0.001,-0.001,1.0,1.0,1.025,1.025,1.037,1.023,1.023,1.037,1.023,1.049,1.023,1.025,1.023,13.313
'12/07/2021',2.759,2.759,2.797,2.772,2.772,2.772,2.772,2.772,2.795,2.772,2.772,2.797,2.772,2.775,-0.016,-0.016,0.022,-0.003,-0.003,-0.003,-0.003,-0.003,0.02,-0.003,-0.003,0.022,-0.003,1.0,1.0,1.038,1.013,1.013,1.013,1.013,1.013,1.036,1.013,1.013,1.038,1.013,13.216
'13/07/2021',2.769,2.759,2.759,2.772,2.759,2.759,2.772,2.772,2.795,2.759,2.759,2.759,2.772,2.766,0.003,-0.007,-0.007,0.006,-0.007,-0.007,0.006,0.006,0.029,-0.007,-0.007,-0.007,0.006,1.01,1.0,1.0,1.013,1.0,1.0,1.013,1.013,1.036,1.0,1.0,1.0,1.013,13.098
'14/07/2021',2.769,2.759,2.769,2.772,2.769,2.769,2.772,2.772,2.795,2.759,2.759,2.759,2.772,2.769,0.0,-0.01,0.0,0.003,0.0,0.0,0.003,0.003,0.026,-0.01,-0.01,-0.01,0.003,1.01,1.0,1.01,1.013,1.01,1.01,1.013,1.013,1.036,1.0,1.0,1.0,1.013,13.128
'15/07/2021',2.769,2.771,2.771,2.771,2.769,2.771,2.772,2.771,2.795,2.771,2.771,2.771,2.772,2.773,-0.004,-0.002,-0.002,-0.002,-0.004,-0.002,-0.001,-0.002,0.022,-0.002,-0.002,-0.002,-0.001,1.0,1.002,1.002,1.002,1.0,1.002,1.003,1.002,1.026,1.002,1.002,1.002,1.003,13.048
'16/07/2021',2.775,2.771,2.771,2.771,2.771,2.771,2.771,2.771,2.771,2.771,2.771,2.771,2.771,2.771,0.004,0.0,0.0,0.0,0.0,0.0,0.0,0.0,0.0,0.0,0.0,0.0,0.0,1.004,1.0,1.0,1.0,1.0,1.0,1.0,1.0,1.0,1.0,1.0,1.0,1.0,13.004
'17/07/2021',2.771,2.771,2.771,2.771,2.775,2.775,2.775,2.775,2.771,2.771,2.771,2.775,2.775,2.773,-0.002,-0.002,-0.002,-0.002,0.002,0.002,0.002,0.002,-0.002,-0.002,-0.002,0.002,0.002,1.0,1.0,1.0,1.0,1.004,1.004,1.004,1.004,1.0,1.0,1.0,1.004,1.004,13.024
'18/07/2021',2.771,2.771,2.771,2.771,2.771,2.771,2.775,2.775,2.771,2.771,2.771,2.771,2.771,2.772,-0.001,-0.001,-0.001,-0.001,-0.001,-0.001,0.003,0.003,-0.001,-0.001,-0.001,-0.001,-0.001,1.0,1.0,1.0,1.0,1.0,1.0,1.004,1.004,1.0,1.0,1.0,1.0,1.0,13.008
'19/07/2021',2.75,2.771,2.762,2.762,2.762,2.771,2.762,2.775,2.771,2.762,2.762,2.762,2.771,2.765,-0.015,0.006,-0.003,-0.003,-0.003,0.006,-0.003,0.01,0.006,-0.003,-0.003,-0.003,0.006,1.0,1.021,1.012,1.012,1.012,1.021,1.012,1.025,1.021,1.012,1.012,1.012,1.021,13.193
'20/07/2021',2.75,2.771,2.75,2.762,2.762,2.771,2.762,2.775,2.75,2.762,2.762,2.75,2.771,2.761,-0.011,0.01,-0.011,0.001,0.001,0.01,0.001,0.014,-0.011,0.001,0.001,-0.011,0.01,1.0,1.021,1.0,1.012,1.012,1.021,1.012,1.025,1.0,1.012,1.012,1.0,1.021,13.148
'21/07/2021',2.773,2.771,2.758,2.762,2.762,2.771,2.758,2.775,2.758,2.762,2.758,2.758,2.771,2.764,0.009,0.007,-0.006,-0.002,-0.002,0.007,-0.006,0.011,-0.006,-0.002,-0.006,-0.006,0.007,1.015,1.013,1.0,1.004,1.004,1.013,1.0,1.017,1.0,1.004,1.0,1.0,1.013,13.083
'22/07/2021',2.756,2.771,2.773,2.773,2.762,2.773,2.773,2.775,2.758,2.773,2.758,2.773,2.771,2.769,-0.013,0.002,0.004,0.004,-0.007,0.004,0.004,0.006,-0.011,0.004,-0.011,0.004,0.002,1.0,1.015,1.017,1.017,1.006,1.017,1.017,1.019,1.002,1.017,1.002,1.017,1.015,13.161
'23/07/2021',2.756,2.771,2.773,2.756,2.756,2.756,2.756,2.756,2.756,2.756,2.756,2.773,2.771,2.761,-0.005,0.01,0.012,-0.005,-0.005,-0.005,-0.005,-0.005,-0.005,-0.005,-0.005,0.012,0.01,1.0,1.015,1.017,1.0,1.0,1.0,1.0,1.0,1.0,1.0,1.0,1.017,1.015,13.064
'24/07/2021',2.75,2.771,2.773,2.748,2.756,2.756,2.756,2.748,2.748,2.756,2.756,2.773,2.748,2.757,-0.007,0.014,0.016,-0.009,-0.001,-0.001,-0.001,-0.009,-0.009,-0.001,-0.001,0.016,-0.009,1.002,1.023,1.025,1.0,1.008,1.008,1.008,1.0,1.0,1.008,1.008,1.025,1.0,13.115
'25/07/2021',2.752,2.752,2.75,2.748,2.756,2.756,2.75,2.75,2.75,2.756,2.756,2.773,2.75,2.754,-0.002,-0.002,-0.004,-0.006,0.002,0.002,-0.004,-0.004,-0.004,0.002,0.002,0.019,-0.004,1.004,1.004,1.002,1.0,1.008,1.008,1.002,1.002,1.002,1.008,1.008,1.025,1.002,13.075
'26/07/2021',2.744,2.752,2.75,2.752,2.752,2.752,2.75,2.752,2.752,2.752,2.756,2.752,2.752,2.752,-0.008,0.0,-0.002,0.0,0.0,0.0,-0.002,0.0,0.0,0.0,0.004,0.0,0.0,1.0,1.008,1.006,1.008,1.008,1.008,1.006,1.008,1.008,1.008,1.012,1.008,1.008,13.096
'27/07/2021',2.766,2.766,2.744,2.744,2.744,2.752,2.744,2.744,2.752,2.752,2.744,2.744,2.752,2.75,0.016,0.016,-0.006,-0.006,-0.006,0.002,-0.006,-0.006,0.002,0.002,-0.006,-0.006,0.002,1.022,1.022,1.0,1.0,1.0,1.008,1.0,1.0,1.008,1.008,1.0,1.0,1.008,13.076
'28/07/2021',2.766,2.744,2.766,2.766,2.744,2.766,2.744,2.744,2.766,2.752,2.766,2.744,2.766,2.757,0.009,-0.013,0.009,0.009,-0.013,0.009,-0.013,-0.013,0.009,-0.005,0.009,-0.013,0.009,1.022,1.0,1.022,1.022,1.0,1.022,1.0,1.0,1.022,1.008,1.022,1.0,1.022,13.162
'29/07/2021',2.728,2.728,2.744,2.744,2.744,2.766,2.744,2.744,2.744,2.744,2.744,2.744,2.744,2.744,-0.016,-0.016,0.0,0.0,0.0,0.022,0.0,0.0,0.0,0.0,0.0,0.0,0.0,1.0,1.0,1.016,1.016,1.016,1.038,1.016,1.016,1.016,1.016,1.016,1.016,1.016,13.198
'30/07/2021',2.714,2.714,2.744,2.744,2.744,2.728,2.728,2.728,2.728,2.744,2.744,2.728,2.728,2.732,-0.018,-0.018,0.012,0.012,0.012,-0.004,-0.004,-0.004,-0.004,0.012,0.012,-0.004,-0.004,1.0,1.0,1.03,1.03,1.03,1.014,1.014,1.014,1.014,1.03,1.03,1.014,1.014,13.234
'31/07/2021',2.713,2.714,2.714,2.714,2.744,2.728,2.714,2.714,2.714,2.714,2.714,2.714,2.714,2.718,-0.005,-0.004,-0.004,-0.004,0.026,0.01,-0.004,-0.004,-0.004,-0.004,-0.004,-0.004,-0.004,1.0,1.001,1.001,1.001,1.031,1.015,1.001,1.001,1.001,1.001,1.001,1.001,1.001,13.056
'01/08/2021',2.708,2.708,2.713,2.714,2.713,2.728,2.713,2.713,2.713,2.714,2.714,2.713,2.713,2.714,-0.006,-0.006,-0.001,0.0,-0.001,0.014,-0.001,-0.001,-0.001,0.0,0.0,-0.001,-0.001,1.0,1.0,1.005,1.006,1.005,1.02,1.005,1.005,1.005,1.006,1.006,1.005,1.005,13.073
'02/08/2021',2.706,2.706,2.713,2.714,2.713,2.708,2.708,2.713,2.713,2.714,2.708,2.708,2.708,2.71,-0.004,-0.004,0.003,0.004,0.003,-0.002,-0.002,0.003,0.003,0.004,-0.002,-0.002,-0.002,1.0,1.0,1.007,1.008,1.007,1.002,1.002,1.007,1.007,1.008,1.002,1.002,1.002,13.054
'03/08/2021',2.695,2.706,2.706,2.714,2.706,2.706,2.706,2.706,2.706,2.714,2.708,2.706,2.708,2.707,-0.012,-0.001,-0.001,0.007,-0.001,-0.001,-0.001,-0.001,-0.001,0.007,0.001,-0.001,0.001,1.0,1.011,1.011,1.019,1.011,1.011,1.011,1.011,1.011,1.019,1.013,1.011,1.013,13.152
'04/08/2021',2.688,2.706,2.706,2.695,2.706,2.695,2.706,2.706,2.695,2.714,2.695,2.695,2.708,2.701,-0.013,0.005,0.005,-0.006,0.005,-0.006,0.005,0.005,-0.006,0.013,-0.006,-0.006,0.007,1.0,1.018,1.018,1.007,1.018,1.007,1.018,1.018,1.007,1.026,1.007,1.007,1.02,13.171
'05/08/2021',2.689,2.706,2.706,2.695,2.688,2.688,2.688,2.688,2.688,2.688,2.688,2.688,2.708,2.693,-0.004,0.013,0.013,0.002,-0.005,-0.005,-0.005,-0.005,-0.005,-0.005,-0.005,-0.005,0.015,1.001,1.018,1.018,1.007,1.0,1.0,1.0,1.0,1.0,1.0,1.0,1.0,1.02,13.064
'06/08/2021',2.681,2.681,2.706,2.689,2.688,2.689,2.689,2.689,2.688,2.689,2.689,2.688,2.689,2.689,-0.008,-0.008,0.017,0.0,-0.001,0.0,0.0,0.0,-0.001,0.0,0.0,-0.001,0.0,1.0,1.0,1.025,1.008,1.007,1.008,1.008,1.008,1.007,1.008,1.008,1.007,1.008,13.102
'07/08/2021',2.676,2.681,2.706,2.689,2.681,2.681,2.681,2.689,2.681,2.681,2.681,2.681,2.681,2.684,-0.008,-0.003,0.022,0.005,-0.003,-0.003,-0.003,0.005,-0.003,-0.003,-0.003,-0.003,-0.003,1.0,1.005,1.03,1.013,1.005,1.005,1.005,1.013,1.005,1.005,1.005,1.005,1.005,13.101
'08/08/2021',2.699,2.681,2.676,2.676,2.681,2.676,2.676,2.676,2.681,2.676,2.681,2.676,2.676,2.679,0.02,0.002,-0.003,-0.003,0.002,-0.003,-0.003,-0.003,0.002,-0.003,0.002,-0.003,-0.003,1.023,1.005,1.0,1.0,1.005,1.0,1.0,1.0,1.005,1.0,1.005,1.0,1.0,13.043
'09/08/2021',2.677,2.677,2.676,2.676,2.681,2.676,2.676,2.676,2.681,2.699,2.699,2.676,2.676,2.68,-0.003,-0.003,-0.004,-0.004,0.001,-0.004,-0.004,-0.004,0.001,0.019,0.019,-0.004,-0.004,1.001,1.001,1.0,1.0,1.005,1.0,1.0,1.0,1.005,1.023,1.023,1.0,1.0,13.058
'10/08/2021',2.669,2.669,2.676,2.677,2.681,2.677,2.677,2.677,2.677,2.677,2.677,2.677,2.676,2.676,-0.007,-0.007,0.0,0.001,0.005,0.001,0.001,0.001,0.001,0.001,0.001,0.001,0.0,1.0,1.0,1.007,1.008,1.012,1.008,1.008,1.008,1.008,1.008,1.008,1.008,1.007,13.09
'11/08/2021',2.669,2.66,2.676,2.669,2.681,2.677,2.669,2.669,2.677,2.669,2.669,2.669,2.669,2.671,-0.002,-0.011,0.005,-0.002,0.01,0.006,-0.002,-0.002,0.006,-0.002,-0.002,-0.002,-0.002,1.009,1.0,1.016,1.009,1.021,1.017,1.009,1.009,1.017,1.009,1.009,1.009,1.009,13.143
'12/08/2021',2.682,2.682,2.66,2.669,2.681,2.677,2.66,2.66,2.66,2.669,2.669,2.669,2.66,2.669,0.013,0.013,-0.009,0.0,0.012,0.008,-0.009,-0.009,-0.009,0.0,0.0,0.0,-0.009,1.022,1.022,1.0,1.009,1.021,1.017,1.0,1.0,1.0,1.009,1.009,1.009,1.0,13.118
'13/08/2021',2.682,2.67,2.66,2.682,2.682,2.682,2.682,2.682,2.682,2.682,2.682,2.669,2.66,2.677,0.005,-0.007,-0.017,0.005,0.005,0.005,0.005,0.005,0.005,0.005,0.005,-0.008,-0.017,1.022,1.01,1.0,1.022,1.022,1.022,1.022,1.022,1.022,1.022,1.022,1.009,1.0,13.217
'14/08/2021',2.688,2.67,2.66,2.682,2.67,2.682,2.682,2.682,2.682,2.67,2.682,2.669,2.66,2.675,0.013,-0.005,-0.015,0.007,-0.005,0.007,0.007,0.007,0.007,-0.005,0.007,-0.006,-0.015,1.028,1.01,1.0,1.022,1.01,1.022,1.022,1.022,1.022,1.01,1.022,1.009,1.0,13.199
'15/08/2021',2.671,2.671,2.66,2.682,2.67,2.688,2.688,2.688,2.688,2.67,2.682,2.688,2.688,2.679,-0.008,-0.008,-0.019,0.003,-0.009,0.009,0.009,0.009,0.009,-0.009,0.003,0.009,0.009,1.011,1.011,1.0,1.022,1.01,1.028,1.028,1.028,1.028,1.01,1.022,1.028,1.028,13.254
'16/08/2021',2.67,2.671,2.671,2.671,2.67,2.671,2.688,2.688,2.671,2.671,2.682,2.688,2.671,2.675,-0.005,-0.004,-0.004,-0.004,-0.005,-0.004,0.013,0.013,-0.004,-0.004,0.007,0.013,-0.004,1.0,1.001,1.001,1.001,1.0,1.001,1.018,1.018,1.001,1.001,1.012,1.018,1.001,13.073
'17/08/2021',2.653,2.653,2.67,2.67,2.67,2.67,2.688,2.67,2.67,2.67,2.682,2.67,2.671,2.669,-0.016,-0.016,0.001,0.001,0.001,0.001,0.019,0.001,0.001,0.001,0.013,0.001,0.002,1.0,1.0,1.017,1.017,1.017,1.017,1.035,1.017,1.017,1.017,1.029,1.017,1.018,13.218
'18/08/2021',2.654,2.654,2.653,2.653,2.653,2.653,2.653,2.653,2.653,2.653,2.653,2.67,2.671,2.655,-0.001,-0.001,-0.002,-0.002,-0.002,-0.002,-0.002,-0.002,-0.002,-0.002,-0.002,0.015,0.016,1.001,1.001,1.0,1.0,1.0,1.0,1.0,1.0,1.0,1.0,1.0,1.017,1.018,13.037
'19/08/2021',2.637,2.637,2.654,2.654,2.654,2.654,2.654,2.653,2.654,2.654,2.654,2.67,2.654,2.652,-0.015,-0.015,0.002,0.002,0.002,0.002,0.002,0.001,0.002,0.002,0.002,0.018,0.002,1.0,1.0,1.017,1.017,1.017,1.017,1.017,1.016,1.017,1.017,1.017,1.033,1.017,13.202
'20/08/2021',2.637,2.641,2.637,2.637,2.637,2.637,2.637,2.637,2.637,2.637,2.654,2.67,2.654,2.642,-0.005,-0.001,-0.005,-0.005,-0.005,-0.005,-0.005,-0.005,-0.005,-0.005,0.012,0.028,0.012,1.0,1.004,1.0,1.0,1.0,1.0,1.0,1.0,1.0,1.0,1.017,1.033,1.017,13.071
'21/08/2021',2.637,2.641,2.641,2.637,2.637,2.641,2.641,2.637,2.637,2.641,2.641,2.67,2.654,2.643,-0.006,-0.002,-0.002,-0.006,-0.006,-0.002,-0.002,-0.006,-0.006,-0.002,-0.002,0.027,0.011,1.0,1.004,1.004,1.0,1.0,1.004,1.004,1.0,1.0,1.004,1.004,1.033,1.017,13.074
'22/08/2021',2.637,2.63,2.641,2.637,2.637,2.641,2.641,2.637,2.637,2.641,2.643,2.67,2.654,2.642,-0.005,-0.012,-0.001,-0.005,-0.005,-0.001,-0.001,-0.005,-0.005,-0.001,0.001,0.028,0.012,1.007,1.0,1.011,1.007,1.007,1.011,1.011,1.007,1.007,1.011,1.013,1.04,1.024,13.156
'23/08/2021',2.619,2.619,2.63,2.637,2.63,2.63,2.641,2.637,2.637,2.641,2.63,2.63,2.63,2.632,-0.013,-0.013,-0.002,0.005,-0.002,-0.002,0.009,0.005,0.005,0.009,-0.002,-0.002,-0.002,1.0,1.0,1.011,1.018,1.011,1.011,1.022,1.018,1.018,1.022,1.011,1.011,1.011,13.164
'24/08/2021',2.619,2.63,2.619,2.619,2.619,2.619,2.619,2.619,2.637,2.619,2.63,2.619,2.619,2.622,-0.003,0.008,-0.003,-0.003,-0.003,-0.003,-0.003,-0.003,0.015,-0.003,0.008,-0.003,-0.003,1.0,1.011,1.0,1.0,1.0,1.0,1.0,1.0,1.018,1.0,1.011,1.0,1.0,13.04
