'Time','BNB-USDT','ETH-USDT','BTC-USDT','NEO-USDT','QTUM-USDT','Mean'
'03/11/2020',-12.40812598474194,0.0,0.0,0.0,0.0,-2.481625196948388,-39.70600315117421,9.926500787793552,9.926500787793552,9.926500787793552,9.926500787793552,1.0,50.63250393896776,50.63250393896776,50.63250393896776,50.63250393896776,203.53001575587103
'04/11/2020',-12.40812598474194,-12.40812598474194,0.0,0.0,0.0,-4.963250393896776,-29.779502363380654,-29.779502363380654,19.853001575587104,19.853001575587104,19.853001575587104,1.0,1.0,50.63250393896776,50.63250393896776,50.63250393896776,153.89751181690326
'05/11/2020',-15.337800774846784,-10.047854302257573,-10.047854302257573,-10.047854302257573,0.0,-9.0962727363239,-24.966112154091533,-3.8063262637346895,-3.8063262637346895,-3.8063262637346895,36.3850909452956,1.0,22.159785890356844,22.159785890356844,22.159785890356844,62.351203099387135,129.83056077045768
'06/11/2020',1.653781950867673,-15.337800774846784,-10.047854302257573,-10.047854302257573,0.0,-6.7559454856988514,33.638909746266094,-34.327421156591726,-13.167635266234885,-13.167635266234885,27.023781942795406,68.96633090285782,1.0,22.15978589035684,22.15978589035684,62.351203099387135,176.63710578295866
'07/11/2020',1.653781950867673,-15.337800774846784,-10.047854302257573,-10.047854302257573,0.0,-6.7559454856988514,33.638909746266094,-34.327421156591726,-13.167635266234885,-13.167635266234885,27.023781942795406,68.96633090285782,1.0,22.15978589035684,22.15978589035684,62.351203099387135,176.63710578295866
'08/11/2020',2.2405868074741537,-15.337800774846784,-10.047854302257573,-10.047854302257573,0.0,-6.6385845143775555,35.51668528740684,-34.79686504187691,-13.63707915152007,-13.63707915152007,26.554338057510222,71.31355032928374,1.0,22.159785890356844,22.159785890356844,62.351203099387135,178.98432520938456
'09/11/2020',3.508131235667419,-15.337800774846784,-10.047854302257573,-10.047854302257573,0.0,-6.385075628738902,39.57282745762529,-35.81090058443152,-14.651114694074682,-14.651114694074682,25.54030251495561,76.38372804205682,1.0,22.15978589035684,22.15978589035684,62.351203099387135,184.05450292215764
'10/11/2020',-3.9030575800340146,-15.337800774846784,-10.047854302257573,-10.047854302257573,0.0,-7.867313391879189,15.857023247380697,-29.88194953187038,-8.722163641513536,-8.722163641513536,31.469253567516756,46.73897277925108,1.0,22.159785890356844,22.159785890356844,62.351203099387135,154.40974765935192
'11/11/2020',-5.585453511540421,-3.9030575800340146,-10.047854302257573,-3.9030575800340146,0.0,-4.687884594773204,-3.590275667068866,3.1393080589567592,-21.439878829937474,3.1393080589567592,18.751538379092818,18.849603162868608,25.579186888894235,1.0,25.579186888894235,41.19141720903029,112.19939414968736
'12/11/2020',-3.5350127042223622,-5.585453511540421,-10.047854302257573,-3.9030575800340146,-5.585453511540421,-5.731366321918959,8.785414470786385,0.5836512415141506,-17.265951921354457,7.313234967539776,0.5836512415141506,27.051366392140842,18.849603162868608,1.0,25.579186888894235,18.849603162868608,91.3297596067723
'13/11/2020',-3.5350127042223622,-5.585453511540421,-10.047854302257573,-3.9030575800340146,-5.585453511540421,-5.731366321918959,8.785414470786385,0.5836512415141506,-17.265951921354457,7.313234967539776,0.5836512415141506,27.051366392140842,18.849603162868608,1.0,25.579186888894235,18.849603162868608,91.3297596067723
'14/11/2020',-3.500925266109761,-3.8053149593925766,-10.047854302257573,-3.8053149593925766,-5.585453511540421,-5.348972599738581,7.392189334515281,6.174630561384019,-18.795526810075966,6.174630561384019,-0.9459236472073584,27.18771614459125,25.970157371459983,1.0,25.970157371459983,18.849603162868608,98.97763405037982
'15/11/2020',-4.932320314835724,-3.500925266109761,-10.047854302257573,-3.500925266109761,-5.585453511540421,-5.513495732170648,2.324701669339696,8.05028186424355,-18.137434280347698,8.05028186424355,-0.2878311174790902,21.462135949687394,27.18771614459125,1.0,27.18771614459125,18.849603162868608,95.6871714017385
'16/11/2020',-4.826615482400089,-4.932320314835724,-4.932320314835724,-4.932320314835724,-5.585453511540421,-5.0418059876895365,0.8607620211577895,0.4379426914152482,0.4379426914152482,0.4379426914152482,-2.1745900954035378,4.035352116561327,3.612532786818786,3.612532786818786,3.612532786818786,1.0,15.872950477017685
'17/11/2020',-5.166677271746535,-4.932320314835724,-4.826615482400089,-4.826615482400089,-4.826615482400089,-4.915768806756505,-1.003633859960118,-0.06620603231687738,0.35661329742566394,0.35661329742566394,0.35661329742566394,1.0,1.9374278276432406,2.360247157385782,2.360247157385782,2.360247157385782,10.018169299800586
'18/11/2020',-5.166677271746535,-5.166677271746535,-5.166677271746535,-5.166677271746535,-4.826615482400089,-5.098664913877245,-0.2720494314771571,-0.2720494314771571,-0.2720494314771571,-0.2720494314771571,1.0881977259086248,1.0,1.0,1.0,1.0,2.360247157385782,6.360247157385782
'19/11/2020',-3.7264130200901446,-5.166677271746535,-5.166677271746535,-5.166677271746535,-4.826615482400089,-4.8106120635459675,4.336796173823291,-1.4242608328022683,-1.4242608328022683,-1.4242608328022683,-0.06401367541648639,6.76105700662556,1.0,1.0,1.0,2.360247157385782,12.121304164011342
'20/11/2020',-3.7039204823649805,-3.7264130200901446,-5.166677271746535,-3.7264130200901446,-4.826615482400089,-4.230007855338378,2.1043494918935917,2.014379340992935,-3.7466776656326246,2.014379340992935,-2.3864305082468427,6.851027157526216,6.76105700662556,1.0,6.76105700662556,2.360247157385782,23.73338832816312
'21/11/2020',-1.9364362480039707,-3.7039204823649805,-5.166677271746535,-3.7264130200901446,-4.826615482400089,-3.872012500921144,7.742305011668693,0.6723680742246536,-5.178659083301563,0.5823979233239971,-3.8184119259157807,13.920964094970255,6.851027157526216,1.0,6.76105700662556,2.360247157385782,30.89329541650781
'22/11/2020',1.31795875620157,-1.9364362480039707,-5.166677271746535,-3.7264130200901446,-4.826615482400089,-2.8676366532078337,16.742381637637614,3.7248016208154517,-9.196162474154804,-3.435105467529244,-7.835915316769022,26.938544111792417,13.920964094970255,1.0,6.76105700662556,2.360247157385782,50.98081237077402
'23/11/2020',0.2418039211943265,-1.9364362480039707,-5.166677271746535,-3.7264130200901446,1.31795875620157,-1.8539527724889506,8.383026774733109,-0.32993390206008044,-13.250897997030336,-7.489840990404776,12.687646114762082,22.633924771763446,13.920964094970255,1.0,6.76105700662556,26.938544111792417,71.25448998515168
'24/11/2020',1.4363691325544643,0.2418039211943265,-5.166677271746535,-3.7264130200901446,1.31795875620157,-1.1793916963772637,10.463043315726912,5.684782470286361,-15.949142301477083,-10.188085294851524,9.989401810315336,27.412185617203995,22.633924771763446,1.0,6.76105700662556,26.938544111792417,84.74571150738541
'25/11/2020',1.82036346085784,0.2418039211943265,-5.166677271746535,-3.7264130200901446,1.31795875620157,-1.1025928307165884,11.691825166297715,5.37758700764366,-16.256337764119785,-10.495280757494225,9.682206347672633,28.9481629304175,22.633924771763446,1.0,6.76105700662556,26.938544111792417,86.28168882059893
'26/11/2020',2.0598428185635855,1.82036346085784,-5.166677271746535,1.82036346085784,1.31795875620157,0.3703702449468602,6.757890294466901,5.799972863643919,-22.14819006677358,5.799972863643919,3.790354045018839,29.90608036124048,28.9481629304175,1.0,28.9481629304175,26.938544111792417,115.74095033386789
'27/11/2020',2.708345664005565,2.0598428185635855,-5.166677271746535,1.82036346085784,1.31795875620157,0.5479666855764053,8.64151591371664,6.0475045319487215,-22.85857582929176,5.089587101125739,3.079968282500659,32.5000917430084,29.90608036124048,1.0,28.948162930417496,26.938544111792417,119.2928791464588
'28/11/2020',2.708345664005565,2.0598428185635855,2.708345664005565,1.82036346085784,1.31795875620157,2.1229712727268253,2.3414975651149597,-0.252513816652959,2.3414975651149597,-1.2104312474759409,-3.220050066101021,6.561547631215981,3.967536249448062,6.561547631215981,3.0096188186250803,1.0,21.100250330505105
'29/11/2020',2.296612871815881,2.32164093852278,2.708345664005565,1.82036346085784,1.31795875620157,2.0929843382807274,0.8145141341406141,0.9146264009682099,2.4614453028993513,-1.0904835096915493,-3.1001023283166296,4.914616462457244,5.0147287292848395,6.561547631215981,3.0096188186250803,1.0,20.500511641583145
'30/11/2020',2.296612871815881,2.296612871815881,2.708345664005565,1.82036346085784,1.31795875620157,2.0879787249393473,0.8345365875061344,0.8345365875061344,2.4814677562648715,-1.070461056326029,-3.0800798749511094,4.914616462457244,4.914616462457244,6.561547631215981,3.0096188186250803,1.0,20.40039937475555
'01/12/2020',3.618518852580598,2.296612871815881,2.708345664005565,2.852790980370718,1.31795875620157,2.5588454249948667,4.238693710342925,-1.048930212715943,0.5980009560427941,1.1757822215034057,-4.963546675173187,10.202240385516113,4.914616462457244,6.561547631215981,7.139328896676592,1.0,29.817733375865927
'02/12/2020',3.618518852580598,3.618518852580598,2.708345664005565,2.852790980370718,1.31795875620157,2.8232266211478096,3.1811689257311535,3.1811689257311535,-0.4595238285689778,0.11825743689163382,-6.021071459784959,10.202240385516113,10.202240385516113,6.561547631215981,7.139328896676592,1.0,35.1053572989248
'03/12/2020',2.742855970085259,3.618518852580598,2.708345664005565,3.4945777609034794,1.31795875620157,2.7764514007552945,-0.1343817226801427,3.368269807301214,-0.2724229469989172,2.8725054405927395,-5.833970578214898,6.699588855534755,10.202240385516113,6.561547631215981,9.706476018807638,1.0,34.169852891074484
'04/12/2020',2.6570502385838553,2.742855970085259,2.708345664005565,2.742855970085259,1.31795875620157,2.4338133197923018,0.892947675166214,1.2361706011718283,1.0981293768530538,1.2361706011718283,-4.463418254362927,6.356365929529141,6.699588855534755,6.561547631215981,6.699588855534755,1.0,27.317091271814633
'05/12/2020',2.424939324159202,2.6570502385838553,2.708345664005565,2.6570502385838553,1.31795875620157,2.3530688443068097,0.2874819194095686,1.215925577108182,1.4211072787950219,1.215925577108182,-4.140440352420959,5.427922271830528,6.356365929529141,6.561547631215981,6.356365929529141,1.0,25.70220176210479
'06/12/2020',1.9324278892218965,2.424939324159202,2.424939324159202,2.424939324159202,1.31795875620157,2.1050409235802143,-0.6904521374332715,1.2795936023159502,1.2795936023159502,1.2795936023159502,-3.1483286695145773,3.457876532081306,5.427922271830528,5.427922271830528,5.427922271830528,1.0,20.74164334757289
'07/12/2020',1.8485560915689965,1.9324278892218965,1.9324278892218965,2.424939324159202,1.31795875620157,1.8912619900747123,-0.1708235940228633,0.16466359658873664,0.16466359658873664,2.1347093363379583,-2.293212935492569,3.122389341469706,3.457876532081306,3.457876532081306,5.427922271830528,1.0,16.466064677462846
'08/12/2020',1.4159714203902227,1.8485560915689965,1.9324278892218965,2.424939324159202,1.31795875620157,1.7879706963083775,-1.487997103672619,0.24234158104247605,0.577828771654076,2.5478745114032977,-1.8800477604272299,1.392050656754611,3.122389341469706,3.457876532081306,5.427922271830528,1.0,14.400238802136151
'09/12/2020',1.5439696762049362,1.4159714203902227,1.9324278892218965,2.424939324159202,1.31795875620157,1.7270534132355655,-0.7323349481225172,-1.244327971381371,0.8214979039453238,2.7915436436945456,-1.636378628135982,1.9040436800134648,1.392050656754611,3.457876532081306,5.427922271830528,1.0,13.18189314067991
'10/12/2020',1.5439696762049362,1.4159714203902227,1.5439696762049362,2.424939324159202,1.31795875620157,1.6493617706321735,-0.42156837770894917,-0.933561400967803,-0.42156837770894917,3.1023102141081136,-1.325612057722414,1.9040436800134648,1.392050656754611,1.9040436800134648,5.427922271830528,1.0,11.628060288612069
'11/12/2020',1.4368244007801219,1.6163025526232206,1.5439696762049362,2.424939324159202,1.31795875620157,1.6679989419938102,-0.9246981648547532,-0.20678555748235805,-0.49611706315549586,3.027761528661567,-1.4001607431689607,1.4754625783142075,2.1933751856866026,1.9040436800134648,5.427922271830528,1.0,12.000803715844803
'12/12/2020',1.2530775256148743,1.4368244007801219,1.5439696762049362,2.424939324159202,1.31795875620157,1.5953539365921408,-1.3691056439090659,-0.6341181432480756,-0.20553704154881824,3.3183415502682445,-1.109580721562283,1.0,1.7349875006609903,2.1635686023602476,5.68744719417731,1.2595249223467828,11.845528219545331
'13/12/2020',1.2530775256148743,1.2530775256148743,1.5439696762049362,2.424939324159202,1.31795875620157,1.5586045615590913,-1.2221081437768682,-1.2221081437768682,-0.058539541416620544,3.465339050400442,-0.9625832214300853,1.0,1.0,2.1635686023602476,5.68744719417731,1.2595249223467828,11.11054071888434
'14/12/2020',1.2530775256148743,1.2172084910535277,1.2172084910535277,1.2172084910535277,1.31795875620157,1.2445323509954054,0.03418069847787564,-0.10929543976751077,-0.10929543976751077,-0.10929543976751077,0.29370562082465845,1.1434761382453864,1.0,1.0,1.0,1.4030010605921692,5.546477198837556
'15/12/2020',1.3865670287674505,1.2172084910535277,1.2172084910535277,1.2172084910535277,1.31795875620157,1.2712302516259206,0.4613471085661196,-0.21608704228957176,-0.21608704228957176,-0.21608704228957176,0.18691401830259746,1.6774341508556914,1.0,1.0,1.0,1.4030010605921692,6.080435211447861
'16/12/2020',1.2440244983364166,1.3865670287674505,1.2172084910535277,1.2172084910535277,1.31795875620157,1.2765934530824985,-0.1302758189843276,0.4398943027398081,-0.23753984811588325,-0.23753984811588325,0.16546121247628598,1.1072640291315556,1.6774341508556914,1.0,1.0,1.4030010605921692,6.187699240579416
'17/12/2020',1.8868803470180904,1.2440244983364166,1.2172084910535277,1.2172084910535277,1.31795875620157,1.3766561167326266,2.0408969211418553,-0.5305264735848398,-0.6377905027163955,-0.6377905027163955,-0.23478944212422626,3.6786874238582508,1.1072640291315556,1.0,1.0,1.4030010605921692,8.188952513581976
'18/12/2020',1.6647368680199632,1.8868803470180904,1.2172084910535277,1.8868803470180904,1.31795875620157,1.5947329618622483,0.2800156246308596,1.1685895406233682,-1.5100978832348826,1.1685895406233682,-1.1070968226427134,2.790113507865742,3.6786874238582508,1.0,3.6786874238582508,1.4030010605921692,12.550489416174413
'19/12/2020',1.4924174287482044,1.6647368680199632,1.2172084910535277,1.8868803470180904,1.31795875620157,1.5158403782082712,-0.09369179784026738,0.595585959246768,-1.1945275486189741,1.4841598752392766,-0.7915264880268049,2.1008357507787068,2.790113507865742,1.0,3.6786874238582508,1.4030010605921692,10.97263774309487
'20/12/2020',1.9011325999085478,1.4924174287482044,1.2172084910535277,1.8868803470180904,1.31795875620157,1.5631195245859881,1.3520523012902386,-0.282808383351135,-1.3836441341298418,1.295043289728409,-0.9806430735376725,3.7356964354200803,2.1008357507787068,1.0,3.6786874238582508,1.4030010605921692,11.918220670649207
'21/12/2020',1.9011325999085478,1.4924174287482044,1.9011325999085478,1.8868803470180904,1.31795875620157,1.699904346356992,0.8049130142062229,-0.8299476704351507,0.8049130142062229,0.7479040026443933,-1.5277823606216883,3.332695374827911,1.6978346901865375,3.332695374827911,3.2756863632660815,1.0,12.638911803108442
'22/12/2020',1.491183369499407,1.4967691687145426,1.9011325999085478,1.4967691687145426,1.31795875620157,1.540762612607722,-0.1983169724332603,-0.17597377557271798,1.4414799492033028,-0.17597377557271798,-0.8912154256246083,1.692898453191348,1.7152416500518903,3.332695374827911,1.7152416500518903,1.0,9.45607712812304
'23/12/2020',1.8199752675957555,1.4967691687145426,1.9011325999085478,1.4967691687145426,1.491183369499407,1.6411659148865592,0.7152374108367852,-0.5775869846880664,1.0398667400879544,-0.5775869846880664,-0.5999301815486087,2.315167592385394,1.0223431968605423,2.639796921636563,1.0223431968605423,1.0,7.9996509077430416
'24/12/2020',2.5013978505209407,1.8199752675957555,1.8199752675957555,1.4967691687145426,1.491183369499407,1.8258601847852802,2.7021506629426417,-0.023539668758099097,-0.023539668758099097,-1.3163640642829506,-1.338707261143493,5.040857924086135,2.315167592385394,2.315167592385394,1.0223431968605423,1.0,11.693536305717465
'25/12/2020',2.098701714069342,2.5013978505209407,2.5013978505209407,1.4967691687145426,1.491183369499407,2.0178899906650347,0.32324689361722925,1.9340314394236238,1.9340314394236238,-2.0844832878019686,-2.106826484662511,3.43007337827974,5.040857924086135,5.040857924086135,1.0223431968605423,1.0,15.534132423312553
'26/12/2020',2.0639821051506684,2.098701714069342,2.098701714069342,1.4967691687145426,1.491183369499407,1.8498676143006605,0.8564579634000316,0.9953363990747262,0.9953363990747262,-1.4123937823444717,-1.434736979205014,3.2911949426050455,3.43007337827974,3.43007337827974,1.0223431968605423,1.0,12.173684896025069
'27/12/2020',2.061192629254694,2.098701714069342,2.098701714069342,1.4967691687145426,1.491183369499407,1.8493097191214656,0.847531640532913,0.9975679797915058,0.9975679797915058,-1.410162201627692,-1.4325053984882343,3.2800370390211473,3.43007337827974,3.43007337827974,1.0223431968605423,1.0,12.162526992441169
'28/12/2020',1.5473614242385763,2.061192629254694,2.098701714069342,1.4967691687145426,1.491183369499407,1.7390416611553123,-0.7667209476669443,1.288603872397526,1.4386402116561188,-0.969089969763079,-0.9914331666236214,1.224712218956677,3.2800370390211473,3.43007337827974,1.0223431968605423,1.0,9.957165833118108
'29/12/2020',1.5473614242385763,1.5473614242385763,2.098701714069342,1.5473614242385763,1.491183369499407,1.6463938712568955,-0.39612978807327703,-0.39612978807327703,1.809231371249786,-0.39612978807327703,-0.6208420070299541,1.224712218956677,1.224712218956677,3.43007337827974,1.224712218956677,1.0,8.104210035149771
'30/12/2020',1.632681820214144,1.5473614242385763,2.098701714069342,1.5473614242385763,1.491183369499407,1.663457950452009,-0.1231045209514603,-0.4643861048537312,1.7409750544693319,-0.4643861048537312,-0.6890983238104083,1.565993802858948,1.224712218956677,3.43007337827974,1.224712218956677,1.0,8.445491619052042
'31/12/2020',1.621565416823407,1.632681820214144,2.098701714069342,1.5473614242385763,1.491183369499407,1.6782987489689754,-0.22693332858227322,-0.18246771501932546,1.6816118604014667,-0.5237492989215964,-0.7484615178782734,1.5215281892960002,1.565993802858948,3.43007337827974,1.224712218956677,1.0,8.742307589391366
'01/01/2021',1.2124450553943966,1.621565416823407,2.098701714069342,1.5473614242385763,1.491183369499407,1.5942513960050257,-1.5272253624425165,0.1092560832735252,2.017801272257265,-0.18755988706579796,-0.412272106022475,1.0,2.6364814457160417,4.545026634699782,2.3396654753767185,2.1149532564200415,12.636126812212584
'02/01/2021',0.9508028721180812,1.2124450553943966,2.098701714069342,1.5473614242385763,1.491183369499407,1.4600988870639606,-2.0371840597835176,-0.990615326678256,2.5544113080215256,0.3490501486984625,0.12433792974178548,1.0,2.0465687331052616,5.591595367805043,3.38623420848198,3.161521989525303,15.185920298917589
'03/01/2021',0.8687919886529927,0.9508028721180812,2.098701714069342,1.5473614242385763,1.491183369499407,1.3913682737156798,-2.0903051402507487,-1.7622616063903944,2.8293337614146488,0.6239726020915857,0.39926038313490864,1.0,1.3280435338603542,5.919638901665397,3.7142777423423343,3.4895655233856573,15.451525701253743
'04/01/2021',0.8687919886529927,0.8687919886529927,2.098701714069342,1.5473614242385763,1.491183369499407,1.374966097022662,-2.0246964334786774,-2.0246964334786774,2.89494246818672,0.6895813088636569,0.46486908990697984,1.0,1.0,5.919638901665397,3.7142777423423343,3.4895655233856573,15.123482167393389
'05/01/2021',0.8687919886529927,1.1963618629376236,2.098701714069342,1.5473614242385763,1.1963618629376236,1.3815157705672316,-2.050895127656956,-0.7406156305184322,2.8687437740084416,0.6633826146853785,-0.7406156305184322,1.0,2.3102794971385237,5.919638901665397,3.7142777423423343,2.3102794971385237,15.254475638284779
'06/01/2021',1.0568541330751542,1.1963618629376236,1.159025848896359,1.5473614242385763,1.1963618629376236,1.2311930264170674,-0.6973555733676529,-0.13932465391777527,-0.2886687100828338,1.2646735912860354,-0.13932465391777527,1.0,1.5580309194498776,1.408686863284819,2.9620291646536883,1.5580309194498776,8.486777866838263
'07/01/2021',1.0568541330751542,1.0568541330751542,1.0568541330751542,1.5473614242385763,1.1963618629376236,1.1828571372803325,-0.5040120168207132,-0.5040120168207132,-0.5040120168207132,1.458017147832975,0.05401890262916442,1.0,1.0,1.0,2.9620291646536883,1.5580309194498776,7.520060084103566
'08/01/2021',1.3068068178227097,1.0568541330751542,1.0568541330751542,1.5473614242385763,1.1963618629376236,1.2328476742298435,0.2958365743714646,-0.7039741646187574,-0.7039741646187574,1.2580550000349309,-0.1459432451688798,1.999810738990222,1.0,1.0,2.9620291646536883,1.5580309194498776,8.519870823093788
'09/01/2021',1.0554961059199406,1.0568541330751542,1.0568541330751542,1.5473614242385763,1.1963618629376236,1.1825855318492897,-0.5083577037173965,-0.5029255950965421,-0.5029255950965421,1.4591035695571462,0.05510532435333548,1.0,1.0054321086208544,1.0054321086208544,2.9674612732745427,1.563463028070732,7.5417885185869835
'10/01/2021',0.931915045739194,1.0554961059199406,1.0568541330751542,1.5473614242385763,1.1963618629376236,1.1575977143820977,-0.9027306745716146,-0.4084064338486284,-0.402974325227774,1.5590548394259143,0.1550565942221036,1.0,1.4943242407229862,1.4997563493438406,3.461785513997529,2.057787268793718,9.513653372858073
'11/01/2021',0.7933884676501917,0.931915045739194,1.0568541330751542,1.5473614242385763,1.1963618629376236,1.105176186728148,-1.2471508763118253,-0.6930445639558158,-0.1932882146119752,1.768740950041713,0.3647427048379024,1.0,1.5541063123560095,2.05386266169985,4.015891826353538,2.6118935811497277,11.235754381559126
'12/01/2021',0.7933884676501917,0.7933884676501917,0.7933884676501917,1.5473614242385763,1.1963618629376236,1.0247777380253549,-0.9255570815006529,-0.9255570815006529,-0.9255570815006529,2.0903347448528855,0.6863364996490748,1.0,1.0,1.0,4.015891826353538,2.6118935811497277,9.627785407503266
'13/01/2021',0.9773406577357017,1.218261920894063,0.7933884676501917,1.5473614242385763,1.1963618629376236,1.1465428666912312,-0.676808835822118,0.28687621681132747,-1.412617596164158,1.6032742301893803,0.19927598498556964,1.73580876034204,2.6994938129754855,1.0,4.015891826353538,2.6118935811497277,12.063087980820791
'14/01/2021',1.2155134306196596,0.9773406577357017,0.7933884676501917,1.5473614242385763,1.1963618629376236,1.1459931686363505,0.2780810479332363,-0.6746100436025952,-1.4104188039446353,1.605473022408903,0.20147477720509244,2.6884998518778715,1.73580876034204,1.0,4.015891826353538,2.6118935811497277,12.052094019723178
'15/01/2021',1.2155134306196596,1.2155134306196596,0.7933884676501917,1.5473614242385763,1.1963618629376236,1.193627723213142,0.08754282962607007,0.08754282962607007,-1.6009570222518015,1.4149348041017369,0.010936558897926218,2.6884998518778715,2.6884998518778715,1.0,4.015891826353538,2.6118935811497277,13.00478511125901
'16/01/2021',1.4625495215961621,1.2155134306196596,0.7933884676501917,1.5473614242385763,1.1963618629376236,1.2430349414084427,0.8780583207508776,-0.1100860431551327,-1.7985858950330043,1.217305931320534,-0.18669231388327656,3.676644215783882,2.6884998518778715,1.0,4.015891826353538,2.6118935811497277,13.992929475165019
'17/01/2021',1.4720722483829953,1.4625495215961621,0.7933884676501917,1.5473614242385763,1.1963618629376236,1.2943467049611097,0.7109021736875425,0.6728112665402097,-2.003832949243672,1.0120588771098662,-0.3919393680939445,3.7147351229312147,3.676644215783882,1.0,4.015891826353538,2.6118935811497277,15.019164746218364
'18/01/2021',1.184896171371008,1.4720722483829953,0.7933884676501917,1.5473614242385763,1.1963618629376236,1.238816034916079,-0.21567945418028422,0.9330248538676651,-1.7817102690635496,1.2341815572899888,-0.16981668791382187,2.5660308148832653,3.7147351229312147,1.0,4.015891826353538,2.6118935811497277,13.908551345317745
'19/01/2021',1.0569737906598593,1.184896171371008,0.7933884676501917,1.184896171371008,1.1963618629376236,1.083303292797938,-0.10531800855231488,0.4063715142922799,-1.1596593005909854,0.4063715142922799,0.45223428055874226,2.0543412920386706,2.5660308148832653,1.0,2.5660308148832653,2.6118935811497277,10.798296502954928
'20/01/2021',1.1381547346363101,1.0569737906598593,1.0569737906598593,1.184896171371008,1.1963618629376236,1.126672070052932,0.0459306583335124,-0.27879311757229086,-0.27879311757229086,0.23289640527230393,0.2787591715387663,1.3247237759058033,1.0,1.0,1.5116895228445948,1.5575522891110571,6.393965587861455
'21/01/2021',1.1381547346363101,1.0569737906598593,1.1381547346363101,1.184896171371008,1.1963618629376236,1.1429082588482222,-0.019014096847648432,-0.3437378727534517,-0.019014096847648432,0.1679516500911431,0.21381441635760545,1.3247237759058033,1.0,1.3247237759058033,1.5116895228445948,1.5575522891110571,6.7186893637672584
'22/01/2021',1.5824290162189687,1.1548930709944287,1.1381547346363101,1.184896171371008,1.1963618629376236,1.2513469712316678,1.3243281799492035,-0.3858156009489564,-0.45276894638143084,-0.2658031994426393,-0.21994043317617695,2.7770971263306343,1.0669533454324744,1.0,1.1869657469387915,1.2328285132052539,7.263844731907154
'23/01/2021',1.7542375981341334,1.5824290162189687,1.1381547346363101,1.184896171371008,1.1963618629376236,1.3712158766596088,1.5320868858980985,0.8448525582374398,-0.9322445680931946,-0.745278821154403,-0.6994160548879407,3.464331453991293,2.7770971263306343,1.0,1.1869657469387915,1.2328285132052539,9.661222840465973
'24/01/2021',1.5720505665459825,1.7542375981341334,1.1381547346363101,1.184896171371008,1.1963618629376236,1.3691401867250115,0.8116415192838842,1.5403896456364876,-0.9239418083548054,-0.7369760614160139,-0.6911132951495516,2.7355833276386896,3.464331453991293,1.0,1.1869657469387915,1.2328285132052539,9.619709041774028
'25/01/2021',1.730845057239497,1.5720505665459825,1.1381547346363101,1.184896171371008,1.1963618629376236,1.3644616785460844,1.465533514773651,0.8303555519995927,-0.905227775639097,-0.7182620287003054,-0.6723992624338431,3.370761290412748,2.7355833276386896,1.0,1.1869657469387915,1.2328285132052539,9.526138878195484
'26/01/2021',1.8354700760266576,1.730845057239497,1.1381547346363101,1.184896171371008,1.1963618629376236,1.4171455804422193,1.6732979823377532,1.2547979071891113,-1.1159633832236366,-0.9289976362848451,-0.8831348700183828,3.78926136556139,3.370761290412748,1.0,1.1869657469387915,1.2328285132052539,10.579816916118185
'27/01/2021',1.8484158407303395,1.8354700760266576,1.8354700760266576,1.8354700760266576,1.1963618629376236,1.7102375863495871,0.5527130175230095,0.5009299587082818,0.5009299587082818,0.5009299587082818,-2.055502893647854,3.6082159111708636,3.556432852356136,3.556432852356136,3.556432852356136,1.0,15.277514468239271
'28/01/2021',1.893365856101774,1.8484158407303395,1.8484158407303395,1.8354700760266576,1.1963618629376236,1.724405895305347,0.6758398431857087,0.4960397816999702,0.4960397816999702,0.44425672288524254,-2.1121761294708934,3.788015972656602,3.6082159111708636,3.6082159111708636,3.556432852356136,1.0,15.560880647354466
'29/01/2021',1.7443589276229134,1.893365856101774,1.8484158407303395,1.8354700760266576,1.1963618629376236,1.7035945126838616,0.16305765975620723,0.7590853736716499,0.5792853121859114,0.5275022533711837,-2.028930598984952,3.1919882587411594,3.788015972656602,3.6082159111708636,3.556432852356136,1.0,15.144652994924762
'30/01/2021',1.2613711276980006,1.7443589276229134,1.8484158407303395,1.8354700760266576,1.1963618629376236,1.577195567003107,-1.2632977572204256,0.6686534424792256,1.0848810949089298,1.0330980360942021,-1.5233348162619338,1.2600370590415082,3.1919882587411594,3.6082159111708636,3.556432852356136,1.0,12.616674081309668
'31/01/2021',1.2613711276980006,1.2613711276980006,1.8484158407303395,1.2613711276980006,1.1963618629376236,1.365778217352393,-0.4176283586175691,-0.4176283586175691,1.9305504935117863,-0.4176283586175691,-0.6776654176590773,1.2600370590415082,1.2600370590415082,3.6082159111708636,1.2600370590415082,1.0,8.388327088295387
'01/02/2021',0.8818813345885775,1.1872024401079166,1.8484158407303395,1.1872024401079166,1.1963618629376236,1.2602127836944748,-1.5133257964235889,-0.29204137434623245,2.352812228143459,-0.29204137434623245,-0.2554036830274047,1.0,2.2212844220773564,4.866138024567048,2.2212844220773564,2.257922113396184,12.566628982117946
'02/02/2021',1.0885663297050818,0.8818813345885775,0.8818813345885775,0.8818813345885775,1.1963618629376236,0.9861144392816876,0.4098075616935768,-0.41693241877244036,-0.41693241877244036,-0.41693241877244036,0.8409896946237438,1.8267399804660172,1.0,1.0,1.0,2.257922113396184,7.084662093862201
'03/02/2021',1.3262463386791103,1.0885663297050818,1.0885663297050818,1.0885663297050818,1.1963618629376236,1.1576614381463959,0.6743396021308579,-0.27638043376525623,-0.27638043376525623,-0.27638043376525623,0.15480169916491082,1.950720035896114,1.0,1.0,1.0,1.431182132930167,6.381902168826281
'04/02/2021',1.573842051599181,1.0885663297050818,1.0885663297050818,1.0885663297050818,1.1963618629376236,1.20718058073041,1.466645883475084,-0.4744570041013123,-0.4744570041013123,-0.4744570041013123,-0.04327487117114526,2.9411028875763963,1.0,1.0,1.0,1.431182132930167,7.372285020506563
'05/02/2021',1.415294913252055,1.573842051599181,1.0885663297050818,1.0885663297050818,1.1963618629376236,1.2725262974398046,0.5710744632490012,1.2052630166375051,-0.7358398709388911,-0.7358398709388911,-0.3046577380087241,2.3069143341878924,2.9411028875763963,1.0,1.0,1.431182132930167,8.679199354694456
'06/02/2021',1.415294913252055,1.415294913252055,1.0885663297050818,1.415294913252055,1.1963618629376236,1.3061625864797741,0.4365293070891232,0.4365293070891232,-0.8703850270987692,0.4365293070891232,-0.43920289416860214,2.3069143341878924,2.3069143341878924,1.0,2.3069143341878924,1.431182132930167,9.351925135493843
'07/02/2021',1.415294913252055,1.7742477984880756,1.0885663297050818,1.415294913252055,1.1963618629376236,1.3779531635269782,0.14936699890030702,1.5851785398443896,-1.1575473352875854,0.14936699890030702,-0.7263652023574183,2.3069143341878924,3.742725875131975,1.0,2.3069143341878924,1.431182132930167,10.787736676437927
'08/02/2021',1.674102935902954,1.7907901655705656,1.0885663297050818,1.415294913252055,1.7907901655705656,1.5519089020002443,0.48877613561083866,0.955525054281285,-1.85337028918065,-0.5464559549927577,0.955525054281285,3.3421464247914887,3.808895343461935,1.0,2.3069143341878924,3.808895343461935,14.266851445903253
'09/02/2021',2.172684633879264,1.7907901655705656,1.0885663297050818,1.674102935902954,1.7907901655705656,1.7033868461256862,1.877191151014311,0.34961327777951734,-2.4592820656824177,-0.11713564089092898,0.34961327777951734,5.336473216696729,3.808895343461935,1.0,3.3421464247914887,3.808895343461935,17.296410328412087
'10/02/2021',2.172684633879264,2.172684633879264,2.172684633879264,1.674102935902954,1.7907901655705656,1.9965894006222624,0.7043809330280064,0.7043809330280064,0.7043809330280064,-1.2899458588772337,-0.8231969402067874,2.99432679190524,2.99432679190524,2.99432679190524,1.0,1.4667489186704463,11.449729294386167
'11/02/2021',2.172684633879264,2.172684633879264,2.172684633879264,2.4179557434572265,1.7907901655705656,2.1453599621331167,0.10929868698458911,0.10929868698458911,0.10929868698458911,1.090383125296439,-1.4182791862502047,2.5275778732347938,2.5275778732347938,2.5275778732347938,3.5086623115466438,1.0,12.091395931251025
'12/02/2021',2.324511442444561,2.3761367044148862,2.172684633879264,2.4179557434572265,1.7907901655705656,2.2164157379533007,0.43238281796504197,0.638883865846342,-0.17492441629614675,0.8061600220157032,-1.7025022895309405,3.1348851074959825,3.3413861553772826,2.5275778732347938,3.5086623115466438,1.0,13.512511447654703
'13/02/2021',2.455330802725461,2.324511442444561,2.172684633879264,2.4179557434572265,1.7907901655705656,2.232254557615416,0.8923049804401799,0.3690275393165816,-0.2382796949446071,0.7428047433672429,-1.7658575681794009,3.658162548619581,3.1348851074959825,2.5275778732347938,3.5086623115466438,1.0,13.829287840897
'14/02/2021',2.367352688001349,2.455330802725461,2.172684633879264,2.4179557434572265,1.7907901655705656,2.240822806726773,0.5061195250983044,0.858031983994751,-0.272552691390036,0.708531746921814,-1.8001305646248298,3.306250089723134,3.658162548619581,2.5275778732347938,3.5086623115466438,1.0,14.000652823124152
'15/02/2021',2.238745585946946,2.367352688001349,2.172684633879264,2.4179557434572265,1.7907901655705656,2.1975057633710704,0.16495929030350176,0.6793876985211149,-0.09928451796722548,0.8817999203446245,-1.6268623912020193,2.791821681505521,3.306250089723134,2.5275778732347938,3.5086623115466438,1.0,13.134311956010093
'16/02/2021',2.1291453619998935,2.238745585946946,2.172684633879264,2.4179557434572265,1.7907901655705656,2.149864298170779,-0.08287574468354286,0.35552515110466665,0.0912813428339394,1.0723657811457894,-1.4362965304008544,2.3534207857173115,2.791821681505521,2.5275778732347938,3.5086623115466438,1.0,12.18148265200427
'17/02/2021',1.9507336562598425,2.1291453619998935,2.172684633879264,2.4179557434572265,1.7907901655705656,2.0922619122333583,-0.5661130238940633,0.1475337990661405,0.32169088658362277,1.3027753248954728,-1.205886986651171,1.6397739627571077,2.3534207857173115,2.5275778732347938,3.5086623115466438,1.0,11.029434933255857
'18/02/2021',2.143380917078813,1.9507336562598425,2.172684633879264,2.4179557434572265,1.7907901655705656,2.0951090232491425,0.19308757531868181,-0.5775014679571999,0.3103024425204861,1.291386880832336,-1.2172754307143077,2.4103630060329895,1.6397739627571077,2.5275778732347938,3.5086623115466438,1.0,11.086377153571535
'19/02/2021',2.143380917078813,1.9507336562598425,2.172684633879264,2.4179557434572265,1.7907901655705656,2.0951090232491425,0.19308757531868181,-0.5775014679571999,0.3103024425204861,1.291386880832336,-1.2172754307143077,2.4103630060329895,1.6397739627571077,2.5275778732347938,3.5086623115466438,1.0,11.086377153571535
'20/02/2021',2.143380917078813,1.9507336562598425,2.172684633879264,2.4179557434572265,1.7907901655705656,2.0951090232491425,0.19308757531868181,-0.5775014679571999,0.3103024425204861,1.291386880832336,-1.2172754307143077,2.4103630060329895,1.6397739627571077,2.5275778732347938,3.5086623115466438,1.0,11.086377153571535
'21/02/2021',2.143380917078813,1.9507336562598425,2.172684633879264,2.4179557434572265,1.7907901655705656,2.0951090232491425,0.19308757531868181,-0.5775014679571999,0.3103024425204861,1.291386880832336,-1.2172754307143077,2.4103630060329895,1.6397739627571077,2.5275778732347938,3.5086623115466438,1.0,11.086377153571535
'22/02/2021',2.143380917078813,2.280908817398877,2.172684633879264,2.4179557434572265,1.7907901655705656,2.1611440554769494,-0.07105255359254592,0.479059047687711,0.046162313609258376,1.0272467519211084,-1.4814155596255354,2.4103630060329895,2.9604746073132464,2.5275778732347938,3.5086623115466438,1.0,12.407077798127673
'23/02/2021',2.435762124201518,2.1576059873978646,2.172684633879264,2.4179557434572265,1.7907901655705656,2.194959730901288,0.9632095732009205,-0.14941497401369297,-0.08910038808809517,0.8919840502237548,-1.616678261322889,3.5798878345238094,2.467263287309196,2.5275778732347938,3.5086623115466438,1.0,13.083391306614443
'24/02/2021',2.435762124201518,2.1576059873978646,2.172684633879264,2.4179557434572265,1.7907901655705656,2.194959730901288,0.9632095732009205,-0.14941497401369297,-0.08910038808809517,0.8919840502237548,-1.616678261322889,3.5798878345238094,2.467263287309196,2.5275778732347938,3.5086623115466438,1.0,13.083391306614443
'25/02/2021',2.561212758535148,2.6326994777398585,2.172684633879264,2.4179557434572265,1.7907901655705656,2.3150685558364126,0.9845768107949411,1.2705236876137835,-0.5695356878285942,0.4115487504832558,-2.097113561063388,4.081690371858329,4.3676372486771715,2.5275778732347938,3.5086623115466438,1.0,15.485567805316938
'26/02/2021',2.5382885827976525,2.561212758535148,2.172684633879264,2.4179557434572265,1.7907901655705656,2.296186376847971,0.9684088237987254,1.060105526748707,-0.49400697187482834,0.48707746643702166,-2.021584845109622,3.9899936689083475,4.081690371858329,2.5275778732347938,3.5086623115466438,1.0,15.107924225548114
'27/02/2021',2.6323520971223595,2.5382885827976525,2.172684633879264,2.4179557434572265,1.7907901655705656,2.3104142445654134,1.2877514102277843,0.9114973529289561,-0.5509184427445977,0.4301659955672523,-2.0784963159793914,4.366247726207176,3.9899936689083475,2.5275778732347938,3.5086623115466438,1.0,15.39248157989696
'28/02/2021',2.2639390349144284,2.6323520971223595,2.172684633879264,2.4179557434572265,1.7907901655705656,2.2555443349887687,0.03357879970263866,1.5072310485343632,-0.33143880443801876,0.6496456338738312,-1.8590166776728125,2.892595477375451,4.366247726207176,2.5275778732347938,3.5086623115466438,1.0,14.295083388364064
'01/03/2021',2.4233466987295134,2.2639390349144284,2.172684633879264,2.4179557434572265,1.7907901655705656,2.2137432553101997,0.8384137736772548,0.20078311841691487,-0.16423448572374255,0.8168499525881074,-1.6918123589585363,3.530226132635791,2.892595477375451,2.5275778732347938,3.5086623115466438,1.0,13.45906179479268
'02/03/2021',2.6963759189055647,2.2639390349144284,2.172684633879264,2.4179557434572265,1.7907901655705656,2.26834909934541,1.7121072782406195,-0.017640257723925856,-0.3826578618645833,0.5984265764472667,-1.910235735099377,4.6223430133399965,2.892595477375451,2.5275778732347938,3.5086623115466438,1.0,14.551178675496885
'03/03/2021',2.6963759189055647,2.2639390349144284,2.172684633879264,2.4179557434572265,1.7907901655705656,2.26834909934541,1.7121072782406195,-0.017640257723925856,-0.3826578618645833,0.5984265764472667,-1.910235735099377,4.6223430133399965,2.892595477375451,2.5275778732347938,3.5086623115466438,1.0,14.551178675496885
'04/03/2021',2.6421395909115706,2.59953126445556,2.172684633879264,2.4179557434572265,1.7907901655705656,2.3246202796548374,1.2700772450269326,1.09964393920289,-0.6077425831022936,0.37334185520955643,-2.1353204563370873,4.40539770136402,4.234964395539977,2.5275778732347938,3.5086623115466438,1.0,15.676602281685435
'05/03/2021',2.6048791276331156,2.59953126445556,2.172684633879264,2.4179557434572265,1.7907901655705656,2.3171681869991465,1.1508437625358763,1.1294523098256537,-0.5779342124795299,0.4031502258323201,-2.1055120857143237,4.2563558482502,4.234964395539977,2.5275778732347938,3.5086623115466438,1.0,15.527560428571615
'06/03/2021',2.628483997480807,2.6048791276331156,2.6048791276331156,2.4179557434572265,1.7907901655705656,2.409397632354966,0.876345460503364,0.7819259811125985,0.7819259811125985,0.03423244440904227,-2.4744298671376015,4.3507753276409655,4.2563558482502,4.2563558482502,3.5086623115466438,1.0,17.372149335688007
'07/03/2021',2.5912170108095394,2.628483997480807,2.628483997480807,2.4179557434572265,1.7907901655705656,2.411386182959789,0.7193233113990019,0.8683912580840722,0.8683912580840722,0.026278241989750484,-2.4823840695568933,4.201707380955895,4.3507753276409655,4.3507753276409655,3.5086623115466438,1.0,17.41192034778447
'08/03/2021',2.5912170108095394,2.5912170108095394,2.5912170108095394,2.4179557434572265,1.7907901655705656,2.396479388291282,0.7789504900730293,0.7789504900730293,0.7789504900730293,0.08590542066377793,-2.422756890882866,4.201707380955895,4.201707380955895,4.201707380955895,3.5086623115466438,1.0,17.11378445441433
'09/03/2021',2.827552862225366,2.5912170108095394,2.7620497388770633,2.7620497388770633,1.7907901655705656,2.5467319032719193,1.1232838358137869,0.1779404301504801,0.8612713424205758,0.8612713424205758,-3.023766950805415,5.147050786619202,4.201707380955895,4.885038293225991,4.885038293225991,1.0,20.118834754027077
'10/03/2021',3.0206441972653306,2.827552862225366,2.7620497388770633,2.7620497388770633,1.7907901655705656,2.632617340563078,1.5521074268090107,0.7797420866491525,0.5177295932559414,0.5177295932559414,-3.3673086999700494,5.91941612677906,5.147050786619202,4.885038293225991,4.885038293225991,1.0,21.836543499850244
'11/03/2021',2.9003363190903446,2.827552862225366,2.7620497388770633,2.7620497388770633,1.7907901655705656,2.6085557649280804,1.167122216649057,0.8759883891891427,0.6139758957959316,0.6139758957959316,-3.271062397430059,5.438184614079116,5.147050786619202,4.885038293225991,4.885038293225991,1.0,21.3553119871503
'12/03/2021',2.7123984296597907,2.9003363190903446,2.7620497388770633,2.7620497388770633,1.7907901655705656,2.5855248784149656,0.5074942049793005,1.2592457627015161,0.7060994418483908,0.7060994418483908,-3.1789388513776,4.6864330563569006,5.438184614079116,4.885038293225991,4.885038293225991,1.0,20.894694256888
'13/03/2021',2.7876848916899593,2.7123984296597907,2.7620497388770633,2.7123984296597907,1.7907901655705656,2.553064331091434,0.9384822423941017,0.6373363942734276,0.8359416311425178,0.6373363942734276,-3.049096662083473,4.987578904477575,4.6864330563569006,4.885038293225991,4.6864330563569006,1.0,20.245483310417367
'14/03/2021',2.7876848916899593,2.7123984296597907,2.7620497388770633,2.7876848916899593,1.7907901655705656,2.5681216234974675,0.8782530727699669,0.5771072246492928,0.775712461518383,0.8782530727699669,-3.109325831707608,4.987578904477575,4.6864330563569006,4.885038293225991,4.987578904477575,1.0,20.54662915853804
'15/03/2021',2.687536531437992,2.879090496926819,2.7620497388770633,2.7876848916899593,1.7907901655705656,2.5814303649004797,0.42442466615004903,1.190640528105357,0.7224774959063343,0.8250181071579181,-3.1625607973196566,4.586985463469706,5.3532013254250135,4.885038293225991,4.987578904477575,1.0,20.812803986598283
'16/03/2021',2.687536531437992,2.687536531437992,2.7620497388770633,2.7876848916899593,2.687536531437992,2.7224688449762,-0.13972925415283122,-0.13972925415283122,0.158323575603454,0.26086418685503787,-0.13972925415283122,1.0,1.0,1.2980528297562852,1.400593441007869,1.0,5.698646270764154
'17/03/2021',2.5443068945492366,2.6788891806356308,2.6788891806356308,2.7876848916899593,2.687536531437992,2.6754613357896897,-0.5246177649618122,0.01371137938376421,0.01371137938376421,0.4488942236010782,0.048300782593209135,1.0,1.5383291443455764,1.5383291443455764,1.9735119885628905,1.5729185475550214,7.623088824809065
'18/03/2021',2.7286544294648016,2.5443068945492366,2.6788891806356308,2.5443068945492366,2.5443068945492366,2.6080928587496284,0.48224628286069304,-0.2551438568015669,0.2831852875440095,-0.2551438568015669,-0.2551438568015669,1.73739013966226,1.0,1.5383291443455764,1.0,1.0,6.275719284007836
'19/03/2021',2.5202304621353186,2.7286544294648016,2.6788891806356308,2.5443068945492366,2.5443068945492366,2.603277572266845,-0.33218844052610486,0.5015074287918271,0.30244643347514355,-0.2358827108704329,-0.2358827108704329,1.0,1.833695869317932,1.6346348740012484,1.096305729655672,1.096305729655672,6.660942202630524
'20/03/2021',2.5715753546821363,2.5202304621353186,2.6788891806356308,2.5443068945492366,2.5443068945492366,2.571861757310312,-0.0011456105127027882,-0.20652518069997328,0.42810969330127513,-0.11021945104430131,-0.11021945104430131,1.2053795701872705,1.0,1.6346348740012484,1.096305729655672,1.096305729655672,6.032625903499863
'21/03/2021',2.455867848833959,2.5715753546821363,2.6788891806356308,2.5443068945492366,2.5443068945492366,2.55898923465004,-0.41248554326432263,0.05034448012838588,0.4795997839423638,-0.05872936040321264,-0.05872936040321264,1.0,1.4628300233927085,1.8920853272066864,1.35375618286111,1.35375618286111,7.062427716321615
'22/03/2021',2.4274798520444207,2.455867848833959,2.6788891806356308,2.455867848833959,2.5443068945492366,2.5124823249794415,-0.3400098917400829,-0.22645790458192927,0.6656274226247572,-0.22645790458192927,0.12729827827918072,1.0,1.1135519871581536,2.00563731436484,1.1135519871581536,1.4673081700192636,6.700049458700411
'23/03/2021',2.355245225631651,2.4274798520444207,2.6788891806356308,2.455867848833959,2.5443068945492366,2.4923578003389797,-0.5484502988293141,-0.2595117931782358,0.7461255211866042,-0.14595980602008218,0.2077963768410278,1.0,1.2889385056510783,2.2945758200159183,1.4024904928092319,1.7562466756703419,7.74225149414657
'24/03/2021',2.368480917388991,2.355245225631651,2.6788891806356308,2.355245225631651,2.5443068945492366,2.460433488767432,-0.36781028551376416,-0.4207530525431231,0.8738227674727952,-0.4207530525431231,0.33549362312721875,1.052942767029359,1.0,2.2945758200159183,1.0,1.7562466756703419,7.103765262715619
'25/03/2021',2.6102253152199086,2.368480917388991,2.6788891806356308,2.355245225631651,2.5443068945492366,2.511429506685084,0.39518323413929934,-0.5717943571843715,0.6698386958021878,-0.6247371242137305,0.13150955145661136,2.01992035835303,1.052942767029359,2.2945758200159183,1.0,1.7562466756703419,8.123685621068649
'26/03/2021',2.698415663246954,2.6102253152199086,2.6102253152199086,2.355245225631651,2.6102253152199086,2.576867366907666,0.48619318535715195,0.13343179324897037,0.13343179324897037,-0.8864885651040595,0.13343179324897037,2.3726817504612114,2.01992035835303,2.01992035835303,1.0,2.01992035835303,9.432442825520301
'27/03/2021',2.763768640007379,2.6102253152199086,2.6102253152199086,2.355245225631651,2.6102253152199086,2.5899379622597514,0.69532271099051,0.08114941184062907,0.08114941184062907,-0.9387709465124008,0.08114941184062907,2.634093657502911,2.01992035835303,2.01992035835303,1.0,2.01992035835303,9.693854732562
'28/03/2021',2.806680952601306,2.763768640007379,2.763768640007379,2.355245225631651,2.6102253152199086,2.659937754693525,0.5869727916311245,0.4153235412554164,0.4153235412554164,-1.2187701162474944,-0.19884975789446457,2.805742907878619,2.634093657502911,2.634093657502911,1.0,2.01992035835303,11.09385058123747
'29/03/2021',2.806680952601306,2.763768640007379,2.763768640007379,2.355245225631651,2.6102253152199086,2.659937754693525,0.5869727916311245,0.4153235412554164,0.4153235412554164,-1.2187701162474944,-0.19884975789446457,2.805742907878619,2.634093657502911,2.634093657502911,1.0,2.01992035835303,11.09385058123747
'30/03/2021',2.974033830423685,2.8708633339144027,2.763768640007379,2.355245225631651,2.6102253152199086,2.714827269039405,1.036826245537119,0.6241442594999906,0.19576548387189519,-1.4383281736310156,-0.41840781527798576,3.4751544191681347,3.0624724331310063,2.634093657502911,1.0,2.01992035835303,12.191640868155082
'31/03/2021',3.053945785496818,2.974033830423685,2.763768640007379,2.355245225631651,2.6102253152199086,2.7514437593558885,1.2100081045637179,0.8903602842711855,0.0492995226059616,-1.5847941348969492,-0.5648737765439193,3.794802239460667,3.4751544191681347,2.634093657502911,1.0,2.01992035835303,12.923970674484742
'01/04/2021',3.138435161349235,2.974033830423685,2.763768640007379,2.355245225631651,2.6102253152199086,2.768341634526372,1.4803741072914534,0.8227687835892521,-0.018291978075971826,-1.6523856355788826,-0.6324652772258528,4.132759742870336,3.4751544191681347,2.634093657502911,1.0,2.01992035835303,13.261928177894411
'02/04/2021',3.2696699276383856,3.138435161349235,2.763768640007379,2.355245225631651,2.6102253152199086,2.827468853969312,1.7688042946762952,1.2438652295196935,-0.2548008558477317,-1.8888945133506425,-0.8689741549976127,4.657698808026938,4.132759742870336,2.634093657502911,1.0,2.01992035835303,14.444472566753214
'03/04/2021',3.357625952450411,3.138435161349235,2.763768640007379,3.2696699276383856,2.6102253152199086,3.027944999333064,1.318723812469388,0.4419606480646845,-1.0567054373027407,0.9668997132212862,-1.6708787364526216,3.9896025489220097,3.112839384517306,1.614173299149881,3.637778449673908,1.0,13.354393682263105
'04/04/2021',3.3457563297127186,3.138435161349235,2.763768640007379,3.2696699276383856,2.6102253152199086,3.0255710747855256,1.2807410197087723,0.45145634625483844,-1.0472097391125867,0.9763954114114402,-1.6613830382624677,3.94212405797124,3.112839384517306,1.614173299149881,3.637778449673908,1.0,13.306915191312335
'05/04/2021',3.2910087469962828,3.3457563297127186,3.3457563297127186,3.2696699276383856,2.6102253152199086,3.1724833298560027,0.47410166856112035,0.6930919994268638,0.6930919994268638,0.3887463911295317,-2.249032058544376,3.7231337271054965,3.94212405797124,3.94212405797124,3.637778449673908,1.0,16.245160292721884
'06/04/2021',3.288457818126223,3.2910087469962828,3.3457563297127186,3.2696699276383856,2.6102253152199086,3.161023627538704,0.5097367623500766,0.5199404778303158,0.7389308086960593,0.43458520039872717,-2.2031932492751807,3.7129300116252573,3.7231337271054965,3.94212405797124,3.637778449673908,1.0,16.015966246375903
'07/04/2021',3.273832564954482,3.288457818126223,3.288457818126223,3.2696699276383856,2.6102253152199086,3.1461286888130444,0.5108155045657501,0.5693165172527141,0.5693165172527141,0.49416495530136473,-2.143613494372543,3.654428998938293,3.7129300116252573,3.7129300116252573,3.637778449673908,1.0,15.718067471862716
'08/04/2021',3.273832564954482,3.273832564954482,3.273832564954482,3.2696699276383856,2.6102253152199086,3.140278587544348,0.534215909640535,0.534215909640535,0.534215909640535,0.5175653603761496,-2.120213089297758,3.654428998938293,3.654428998938293,3.654428998938293,3.637778449673908,1.0,15.601065446488787
'09/04/2021',3.3689182427534328,3.3540592190633878,3.273832564954482,3.2696699276383856,2.6102253152199086,3.1753410539259193,0.774308755310054,0.7148726605498741,0.39396604411425074,0.3773154948498654,-2.2604629548240425,4.0347717101340965,3.9753356153739166,3.654428998938293,3.637778449673908,1.0,16.302314774120212
'10/04/2021',3.3515020575293906,3.3689182427534328,3.3689182427534328,3.2696699276383856,2.6102253152199086,3.19384675717891,0.6306212014019223,0.7002859422980912,0.7002859422980912,0.3032926818379025,-2.3344857678360054,3.9651069692379277,4.0347717101340965,4.0347717101340965,3.637778449673908,1.0,16.67242883918003
'11/04/2021',3.3515020575293906,3.3515020575293906,3.3689182427534328,3.2696699276383856,2.6102253152199086,3.1903635201341016,0.6445541495811558,0.6445541495811558,0.7142188904773246,0.3172256300171359,-2.320552819656772,3.9651069692379277,3.9651069692379277,4.0347717101340965,3.637778449673908,1.0,16.60276409828386
'12/04/2021',3.386965025958301,3.3384488734429687,3.3689182427534328,3.2696699276383856,2.6102253152199086,3.194845477002599,0.7684781958228069,0.5744135857614783,0.6962910630033345,0.29929780254314586,-2.338480647130762,4.106958842953569,3.9128942328922403,4.0347717101340965,3.637778449673908,1.0,16.692403235653813
'13/04/2021',3.386965025958301,3.386965025958301,3.3689182427534328,3.2696699276383856,2.6102253152199086,3.2045487075056656,0.7296652738105411,0.7296652738105411,0.6574781409910688,0.26048488053088015,-2.3772935691430277,4.106958842953569,4.106958842953569,4.0347717101340965,3.637778449673908,1.0,16.886467845715142
'14/04/2021',3.4111271113958788,3.336130158481724,3.3689182427534328,3.336130158481724,2.6102253152199086,3.2125061972665336,0.7944836565173805,0.4944958448607615,0.6256481819475965,0.4944958448607615,-2.4091235281865,4.2036071847038805,3.9036193730472615,4.0347717101340965,3.9036193730472615,1.0,17.045617640932498
'15/04/2021',3.4541098718080674,3.4111271113958788,3.3689182427534328,3.336130158481724,2.6102253152199086,3.2361021399318024,0.87203092750506,0.7000998858563054,0.5312644112865215,0.4001120741996864,-2.503507298847575,4.375538226352635,4.2036071847038805,4.0347717101340965,3.9036193730472615,1.0,17.517536494237874
'16/04/2021',3.5523302696535453,3.4111271113958788,3.3689182427534328,3.336130158481724,2.6102253152199086,3.2557462195008977,1.1863362006105902,0.6215235675799242,0.45268809301014024,0.3215357559233052,-2.5820836171239563,4.7684198177345465,4.2036071847038805,4.0347717101340965,3.9036193730472615,1.0,17.910418085619785
'17/04/2021',3.5523302696535453,3.4111271113958788,3.3689182427534328,3.336130158481724,2.6102253152199086,3.2557462195008977,1.1863362006105902,0.6215235675799242,0.45268809301014024,0.3215357559233052,-2.5820836171239563,4.7684198177345465,4.2036071847038805,4.0347717101340965,3.9036193730472615,1.0,17.910418085619785
'18/04/2021',3.567980173953416,3.6369379775183477,3.6369379775183477,3.6369379775183477,2.6102253152199086,3.4178038843456737,0.6007051584309693,0.8765363726906958,0.8765363726906958,0.8765363726906958,-3.2303142765030604,4.83101943493403,5.106850649193756,5.106850649193756,5.106850649193756,1.0,21.1515713825153
'19/04/2021',3.738385078972904,3.567980173953416,3.567980173953416,3.6369379775183477,2.6102253152199086,3.4243017439235985,1.2563333401972212,0.57471372011927,0.57471372011927,0.8505449343789966,-3.2563057148147596,5.512639055011981,4.83101943493403,4.83101943493403,5.106850649193756,1.0,21.281528574073796
'20/04/2021',3.669249423853249,3.738385078972904,3.567980173953416,3.6369379775183477,2.6102253152199086,3.4445555939035652,0.8987753197987356,1.1753179402773544,0.4936983201994032,0.7695295344591297,-3.3373211147346264,5.236096434533362,5.512639055011981,4.83101943493403,5.106850649193756,1.0,21.686605573673127
'21/04/2021',3.8251570816839937,3.669249423853249,3.567980173953416,3.6369379775183477,2.6102253152199086,3.461909994445783,1.452988348952843,0.8293577176298648,0.42428071803053236,0.7001119322902589,-3.4067387169034973,5.85972706585634,5.236096434533362,4.83101943493403,5.106850649193756,1.0,22.033693584517486
'22/04/2021',3.8251570816839937,3.8251570816839937,3.567980173953416,3.6369379775183477,2.6102253152199086,3.493091526011932,1.328262222688247,1.328262222688247,0.29955459176593635,0.5753858060256629,-3.5314648431680933,5.85972706585634,5.85972706585634,4.83101943493403,5.106850649193756,1.0,22.657324215840465
'23/04/2021',3.8446789209091072,3.83081715359736,3.567980173953416,3.6369379775183477,2.6102253152199086,3.4981279082396277,1.386204050677918,1.3307569814309286,0.2794090628551533,0.5552402771148799,-3.5516103720788763,5.937814422756794,5.882367353509805,4.83101943493403,5.106850649193756,1.0,22.758051860394385
'24/04/2021',3.8486346593041874,3.8446789209091072,3.567980173953416,3.6369379775183477,2.6102253152199086,3.501691409380993,1.3877729996927766,1.371950046112456,0.2651550582896913,0.5409862725494179,-3.5658643766443383,5.953637376337115,5.937814422756794,4.83101943493403,5.106850649193756,1.0,22.829321883221695
'25/04/2021',3.814158610994769,3.8486346593041874,3.567980173953416,3.6369379775183477,2.6102253152199086,3.495587347398126,1.2742850543865725,1.4121892476242461,0.2895713062211609,0.5654025204808875,-3.5414481287128687,5.815733183099441,5.953637376337115,4.83101943493403,5.106850649193756,1.0,22.707240643564344
'26/04/2021',3.6745487458329262,3.814158610994769,3.567980173953416,3.6369379775183477,2.6102253152199086,3.4607701647038733,0.8551143245162116,1.4135537851635824,0.42884003699817086,0.7046712512578974,-3.4021793979358588,5.25729372245207,5.815733183099441,4.83101943493403,5.106850649193756,1.0,22.010896989679296
'27/04/2021',3.716524810416123,3.6745487458329262,3.567980173953416,3.6369379775183477,2.6102253152199086,3.4412434045881444,1.1011256233119138,0.9332213649791274,0.5069470774610867,0.7827782917208133,-3.324072357472943,5.425197980784857,5.25729372245207,4.83101943493403,5.106850649193756,1.0,21.620361787364715
'28/04/2021',3.8496480377684086,3.6745487458329262,3.567980173953416,3.716524810416123,2.6102253152199086,3.4837854166381566,1.4634504845210081,0.7630533167790787,0.336779029261038,0.930957575111865,-3.4942404056729917,5.957690890194,5.25729372245207,4.83101943493403,5.425197980784857,1.0,22.471202028364957
'29/04/2021',3.5265792508657032,3.6745487458329262,3.567980173953416,3.716524810416123,2.6102253152199086,3.4191716592576156,0.42963036643235064,1.0215083463012427,0.5952340587832019,1.189412604634029,-3.2357853761508277,4.665415742583178,5.25729372245207,4.83101943493403,5.425197980784857,1.0,21.178926880754133
'30/04/2021',3.5265792508657032,3.5265792508657032,3.567980173953416,3.5265792508657032,2.6102253152199086,3.351588648354087,0.6999624100464654,0.6999624100464654,0.8655661023973167,0.6999624100464654,-2.965453332536713,4.665415742583178,4.665415742583178,4.83101943493403,4.665415742583178,1.0,19.827266662683563
'01/05/2021',3.5882103964101106,3.5274037812681387,3.567980173953416,3.5265792508657032,2.6102253152199086,3.3640797835434553,0.8965224514666215,0.6532959908987337,0.8156015616398431,0.6499978692889918,-3.0154178732941865,4.911940324760808,4.66871386419292,4.83101943493403,4.665415742583178,1.0,20.077089366470936
'02/05/2021',3.6750962288166957,3.5882103964101106,3.5882103964101106,3.5882103964101106,2.6102253152199086,3.409990546653387,1.0604227286532346,0.7128793990268942,0.7128793990268942,0.7128793990268942,-3.1990609257339138,5.259483654387148,4.911940324760808,4.911940324760808,4.911940324760808,1.0,20.995304628669572
'03/05/2021',3.674120244327132,3.5882103964101106,3.5882103964101106,3.5882103964101106,2.6102253152199086,3.4097953497554747,1.0572995782866297,0.7136601866185437,0.7136601866185437,0.7136601866185437,-3.1982801381422643,5.255579716428894,4.911940324760808,4.911940324760808,4.911940324760808,1.0,20.991400690711316
'04/05/2021',3.674120244327132,3.674120244327132,3.5882103964101106,3.5882103964101106,2.6102253152199086,3.426977319338879,0.9885716999530132,0.9885716999530132,0.6449323082849272,0.6449323082849272,-3.267008016475881,5.255579716428894,5.255579716428894,4.911940324760808,4.911940324760808,1.0,21.335040082379404
'05/05/2021',3.6197009907229947,3.674120244327132,3.5882103964101106,3.5882103964101106,2.6102253152199086,3.4160934686180515,0.8144300884197726,1.0321071028363225,0.6884677111682365,0.6884677111682365,-3.2234726135925715,5.037902702012344,5.255579716428894,4.911940324760808,4.911940324760808,1.0,21.117363067962856
'06/05/2021',3.6255831352824797,3.6197009907229947,3.6197009907229947,3.6197009907229947,2.6102253152199086,3.4189822845342746,0.8264034029928204,0.8028748247548805,0.8028748247548805,0.8028748247548805,-3.2350278772574637,5.061431280250284,5.037902702012344,5.037902702012344,5.037902702012344,1.0,21.175139386287317
'07/05/2021',3.613402275496749,3.6255831352824797,3.6255831352824797,3.6197009907229947,2.6102253152199086,3.4188989704009223,0.7780132203833077,0.8267366595262295,0.8267366595262295,0.8032080812882896,-3.2346946207240546,5.012707841107362,5.061431280250284,5.061431280250284,5.037902702012344,1.0,21.173473103620275
'08/05/2021',3.6837067969770145,3.613402275496749,3.613402275496749,3.6197009907229947,2.6102253152199086,3.4280875307826832,1.0224770647773251,0.7412589788562638,0.7412589788562638,0.7664538397612457,-3.2714488622510984,5.293925927028424,5.012707841107362,5.012707841107362,5.037902702012344,1.0,21.357244311255492
'09/05/2021',3.741054158149729,3.6837067969770145,3.6837067969770145,3.6837067969770145,2.6102253152199086,3.4804799728601363,1.0422967411583706,0.8129072964675128,0.8129072964675128,0.8129072964675128,-3.4810186305609108,5.523315371719281,5.293925927028424,5.293925927028424,5.293925927028424,1.0,22.405093152804554
'10/05/2021',3.741054158149729,3.6837067969770145,3.6837067969770145,3.6837067969770145,2.6102253152199086,3.4804799728601363,1.0422967411583706,0.8129072964675128,0.8129072964675128,0.8129072964675128,-3.4810186305609108,5.523315371719281,5.293925927028424,5.293925927028424,5.293925927028424,1.0,22.405093152804554
'11/05/2021',3.7790177355404078,3.6987295113978136,3.6987295113978136,3.6837067969770145,2.6102253152199086,3.4940817741065917,1.1397438457352642,0.8185909491648875,0.8185909491648875,0.7585000914816913,-3.5354258355467323,5.6751696812819965,5.35401678471162,5.35401678471162,5.293925927028424,1.0,22.67712917773366
'12/05/2021',3.642898088479662,3.7790177355404078,3.7790177355404078,3.6837067969770145,2.6102253152199086,3.49897313435148,0.5756998165127278,1.1201784047557108,1.1201784047557108,0.7389346505021379,-3.5549912765262857,5.1306910930390135,5.6751696812819965,5.6751696812819965,5.293925927028424,1.0,22.77495638263143
'13/05/2021',3.8072338742365037,3.642898088479662,3.7790177355404078,3.642898088479662,2.6102253152199086,3.496454620391229,1.2431170153810989,0.585773872353732,1.130252460596715,0.585773872353732,-3.5449172206852815,5.78803423606638,5.1306910930390135,5.6751696812819965,5.1306910930390135,1.0,22.724586103426404
'14/05/2021',3.8072338742365037,3.8072338742365037,3.8072338742365037,3.642898088479662,2.6102253152199086,3.5349650052818165,1.089075475818749,1.089075475818749,1.089075475818749,0.43173233279138223,-3.6989587602476313,5.78803423606638,5.78803423606638,5.78803423606638,5.1306910930390135,1.0,23.494793801238153
'15/05/2021',3.781289899296615,3.8072338742365037,3.8072338742365037,3.642898088479662,2.6102253152199086,3.529776210293839,1.006054756011105,1.1098306557706596,1.1098306557706596,0.4524875127432928,-3.6782035802957207,5.684258336306826,5.78803423606638,5.78803423606638,5.1306910930390135,1.0,23.391017901478598
'16/05/2021',3.9001255332243354,3.8072338742365037,3.8072338742365037,3.642898088479662,2.6102253152199086,3.5535433370793825,1.3863287845798116,1.0147621486284848,1.0147621486284848,0.35741900560111795,-3.7732720874378956,6.159600872017707,5.78803423606638,5.78803423606638,5.1306910930390135,1.0,23.866360437189478
'17/05/2021',3.8719878512709394,3.9001255332243354,3.8072338742365037,3.642898088479662,2.6102253152199086,3.56649413248627,1.2219748751386774,1.3345256029522616,0.9629589670009349,0.305615823973568,-3.8250752690654455,6.047050144204123,6.159600872017707,5.78803423606638,5.1306910930390135,1.0,24.125376345327226
'18/05/2021',4.0477729893601415,3.8719878512709394,3.8072338742365037,3.642898088479662,2.6102253152199086,3.596023623713431,1.8069974625868426,1.103856910230034,0.8448410020922914,0.18749785906492455,-3.943193233974089,6.7501906965609315,6.047050144204123,5.78803423606638,5.1306910930390135,1.0,24.71596616987045
'19/05/2021',3.907145239697265,3.8719878512709394,3.8072338742365037,4.0477729893601415,2.6102253152199086,3.648873053956952,1.0330887429612527,0.8924591892559501,0.6334432811182076,1.5955997416127587,-4.154590954948173,6.1876796979094255,6.047050144204123,5.78803423606638,6.7501906965609315,1.0,25.77295477474086
'20/05/2021',4.103300463705973,3.907145239697265,3.8072338742365037,4.0477729893601415,2.6102253152199086,3.6951355764439584,1.6326595490480589,0.8480386530132265,0.4483931911701813,1.4105496516647325,-4.339641044896199,6.972300593944258,6.1876796979094255,5.78803423606638,6.7501906965609315,1.0,26.698205224480997
'21/05/2021',4.103300463705973,4.103300463705973,4.103300463705973,4.0477729893601415,2.6102253152199086,3.793579939139594,1.2388820982655169,1.2388820982655169,1.2388820982655169,1.0167722008821904,-4.733418495678741,6.972300593944258,6.972300593944258,6.972300593944258,6.7501906965609315,1.0,28.667092478393705
'22/05/2021',4.19309654518581,4.070944803215629,4.103300463705973,4.0477729893601415,2.6102253152199086,3.8050680233374923,1.5521140873932708,1.063507119512547,1.1929297614739234,0.970819864090597,-4.779370832470335,7.331484919863605,6.8428779519828815,6.972300593944258,6.7501906965609315,1.0,28.896854162351676
'23/05/2021',4.19309654518581,4.19309654518581,4.103300463705973,4.0477729893601415,2.6102253152199086,3.8294983717315287,1.454392693817125,1.454392693817125,1.0952083678977775,0.8730984705144511,-4.87709222604648,7.331484919863605,7.331484919863605,6.972300593944258,6.7501906965609315,1.0,29.3854611302324
'24/05/2021',4.19309654518581,4.190807168797805,4.103300463705973,4.0477729893601415,2.6102253152199086,3.8290404964539277,1.456224194927529,1.4470666893755073,1.0970398690081815,0.8749299716248551,-4.875260724936076,7.331484919863605,7.322327414311584,6.972300593944258,6.7501906965609315,1.0,29.37630362468038
'25/05/2021',4.19309654518581,4.3067322282284275,4.103300463705973,4.0477729893601415,2.6102253152199086,3.852225508340052,1.3634841473830317,1.8180268795535017,1.0042998214636842,0.7821899240803578,-4.968000772480574,7.331484919863605,7.786027652034075,6.972300593944258,6.7501906965609315,1.0,29.84000386240287
'26/05/2021',4.288314340935714,4.3067322282284275,4.103300463705973,4.0477729893601415,2.6102253152199086,3.871269067490033,1.6681810937827244,1.7418526429535781,0.9281255848637606,0.7060156874804342,-5.044175009080497,7.712356102863222,7.786027652034075,6.972300593944258,6.7501906965609315,1.0,30.220875045402487
'27/05/2021',4.33955711192524,4.3067322282284275,4.103300463705973,4.0477729893601415,2.6102253152199086,3.881517621687938,1.832157960949207,1.7008584261619575,0.88713136807214,0.6650214706888136,-5.085169225872118,7.917327186821325,7.786027652034075,6.972300593944258,6.7501906965609315,1.0,30.42584612936059
'28/05/2021',4.19793231041125,4.33955711192524,4.103300463705973,4.0477729893601415,2.6102253152199086,3.8597576381245027,1.3526986891469903,1.9191978952029487,0.9741713023258818,0.7520614049425554,-4.998129291618376,7.3508279807653665,7.917327186821325,6.972300593944258,6.7501906965609315,1.0,29.99064645809188
'29/05/2021',4.15848590754492,4.19793231041125,4.103300463705973,4.0477729893601415,2.6102253152199086,3.8235433972484385,1.3397700411859255,1.497555652651247,1.1190282658301385,0.896918368446812,-4.8532723281141195,7.193042369300045,7.3508279807653665,6.972300593944258,6.7501906965609315,1.0,29.2663616405706
'30/05/2021',4.288682013111175,4.19793231041125,4.103300463705973,4.0477729893601415,2.6102253152199086,3.8495826183616897,1.756397578997941,1.3933987681982423,1.0148713813771337,0.7927614839938073,-4.957429212567124,7.713826791565065,7.3508279807653665,6.972300593944258,6.7501906965609315,1.0,29.78714606283562
'31/05/2021',4.288682013111175,4.19793231041125,4.103300463705973,4.0477729893601415,2.6102253152199086,3.8495826183616897,1.756397578997941,1.3933987681982423,1.0148713813771337,0.7927614839938073,-4.957429212567124,7.713826791565065,7.3508279807653665,6.972300593944258,6.7501906965609315,1.0,29.78714606283562
'01/06/2021',4.240662402332911,4.219024347172218,4.103300463705973,4.0477729893601415,2.6102253152199086,3.8441971035582307,1.5858611950987225,1.4993089744559498,1.0364134405909695,0.8143035432076431,-4.935887153353288,7.521748348452011,7.435196127809238,6.972300593944258,6.7501906965609315,1.0,29.67943576676644
'02/06/2021',4.097207940317089,4.240662402332911,4.240662402332911,4.0477729893601415,2.6102253152199086,3.8473062099125923,0.9996069216179873,1.5734247696812762,1.5734247696812762,0.8018671177901968,-4.948323578770735,6.947930500388722,7.521748348452011,7.521748348452011,6.7501906965609315,1.0,29.741617893853675
'03/06/2021',4.097207940317089,4.097207940317089,4.097207940317089,4.097207940317089,2.6102253152199086,3.799811415297653,1.1895861000777437,1.1895861000777437,1.1895861000777437,1.1895861000777437,-4.758344400310978,6.947930500388722,6.947930500388722,6.947930500388722,6.947930500388722,1.0,28.791722001554888
'04/06/2021',4.097207940317089,4.0762914401119925,4.097207940317089,4.0762914401119925,2.6102253152199086,3.7914448152156144,1.223052500405899,1.1393864995855125,1.223052500405899,1.1393864995855125,-4.724877999982823,6.947930500388722,6.8642644995683355,6.947930500388722,6.8642644995683355,1.0,28.624389999914115
'05/06/2021',3.8612374128555023,4.142046614486067,4.097207940317089,4.0762914401119925,2.6102253152199086,3.757401744598112,0.41534267302956174,1.5385794795518208,1.3592247828759092,1.2755587820555228,-4.588705717512813,6.0040483905423745,7.127285197064634,6.947930500388722,6.8642644995683355,1.0,27.943528587564067
'06/06/2021',3.7886463604196874,3.8612374128555023,3.8612374128555023,3.8612374128555023,3.8612374128555023,3.846719202368339,-0.23229136779460724,0.058072841948652254,0.058072841948652254,0.058072841948652254,0.058072841948652254,1.0,1.2903642097432595,1.2903642097432595,1.2903642097432595,1.2903642097432595,6.161456838973038
'07/06/2021',3.7559430239036,3.7886463604196874,3.7886463604196874,3.8612374128555023,3.8612374128555023,3.8111421140907957,-0.22079636074878373,-0.08998301468443337,-0.08998301468443337,0.20038119505882612,0.20038119505882612,1.0,1.1308133460643504,1.1308133460643504,1.4211775558076098,1.4211775558076098,6.10398180374392
'08/06/2021',3.8983443527671846,3.7559430239036,3.7886463604196874,3.8612374128555023,3.8612374128555023,3.833081712560295,0.26105056082755773,-0.3085547546267815,-0.17774140856243115,0.11262280118082835,0.11262280118082835,1.5696053154543392,1.0,1.1308133460643504,1.4211775558076098,1.4211775558076098,6.542773773133909
'09/06/2021',3.974685109781504,3.8983443527671846,3.7886463604196874,3.8983443527671846,3.8612374128555023,3.8842515177182126,0.3617343682531651,0.056371340195887853,-0.382420629194101,0.056371340195887853,-0.09205641945084153,1.744154997447266,1.4387919693899889,1.0,1.4387919693899889,1.2903642097432595,6.912103145970503
'10/06/2021',3.7955783138204655,3.974685109781504,3.7886463604196874,3.8983443527671846,3.8612374128555023,3.8636983099288686,-0.27247998443361254,0.44394719941054106,-0.30020779803672504,0.13858417135326384,-0.009843588293465544,1.0277278136031125,1.744154997447266,1.0,1.4387919693899889,1.2903642097432595,6.501038990183627
'11/06/2021',3.7119673543616227,3.7955783138204655,3.7955783138204655,3.8983443527671846,3.8612374128555023,3.8125411495250483,-0.4022951806537023,-0.06785134281833116,-0.06785134281833116,0.3432128129685452,0.19478505332181584,1.0,1.3344438378353711,1.3344438378353711,1.7455079936222475,1.5970802339755181,7.011475903268508
'12/06/2021',3.6982138569115146,3.7119673543616227,3.7955783138204655,3.7119673543616227,3.8612374128555023,3.7557928584621454,-0.23031600620252313,-0.17530201640209064,0.15914182143328048,-0.17530201640209064,0.4217782175734275,1.0,1.0550139898004325,1.3894578276358036,1.0550139898004325,1.6520942237759506,6.151580031012619
'13/06/2021',3.653465571983632,3.7119673543616227,3.7955783138204655,3.7119673543616227,3.8612374128555023,3.746843201476569,-0.37351051797174684,-0.13950338845978472,0.1949404493755864,-0.13950338845978472,0.4575768455157334,1.0,1.2340071295119621,1.5684509673473332,1.2340071295119621,1.8310873634874802,6.867552589858738
'14/06/2021',3.672869653332178,3.653465571983632,3.7955783138204655,3.7119673543616227,3.8612374128555023,3.73902366127068,-0.2646160317540076,-0.3422323571481911,0.22621861019914213,-0.108225227636229,0.48885500633928913,1.0776163253941835,1.0,1.5684509673473332,1.2340071295119621,1.8310873634874802,6.711161785740959
'15/06/2021',3.672869653332178,3.672869653332178,3.7955783138204655,3.7119673543616227,3.8612374128555023,3.7429044775403892,-0.28013929683284466,-0.28013929683284466,0.21069534512030508,-0.12374849271506605,0.4733317412604521,1.0,1.0,1.4908346419531497,1.1563908041177786,1.7534710380932967,6.400696484164225
'16/06/2021',3.6071972708733444,3.672869653332178,3.7955783138204655,3.7119673543616227,3.8612374128555023,3.7297700010486228,-0.49029092070111346,-0.2276013908657788,0.26323325108737095,-0.07121058674800018,0.525869647227518,1.0,1.2626895298353347,1.7535241717884844,1.4190803339531133,2.0161605679286314,7.451454603505564
'17/06/2021',3.6071972708733444,3.6071972708733444,3.7955783138204655,3.7119673543616227,3.8612374128555023,3.716635524556856,-0.4377530147340458,-0.4377530147340458,0.3157711570544386,-0.018672680780932538,0.5784075531945856,1.0,1.0,1.7535241717884844,1.4190803339531133,2.0161605679286314,7.188765073670229
'18/06/2021',3.5405507577000748,3.6071972708733444,3.6597974418075085,3.7119673543616227,3.8612374128555023,3.6761500475196107,-0.5423971592781438,-0.27581110658506525,-0.0654104228484087,0.14326922736804804,0.7403494613435662,1.0,1.2665860526930786,1.476986736429735,1.6856663866461918,2.28274662062171,7.7119857963907155
'19/06/2021',3.6184784761705093,3.5405507577000748,3.5405507577000748,3.5405507577000748,3.8612374128555023,3.6202736324252474,-0.007180625018952114,-0.31889149890069035,-0.31889149890069035,-0.31889149890069035,0.9638551217210196,1.3117108738817382,1.0,1.0,1.0,2.28274662062171,6.594457494503448
'20/06/2021',3.5770809857824144,3.5405507577000748,3.5405507577000748,3.5405507577000748,3.8612374128555023,3.6119941343476283,-0.13965259426085552,-0.28577350659021405,-0.28577350659021405,-0.28577350659021405,0.9969731140314959,1.1461209123293585,1.0,1.0,1.0,2.28274662062171,6.4288675329510685
'21/06/2021',3.564271358967363,3.5770809857824144,3.5405507577000748,3.5405507577000748,3.8612374128555023,3.616738254601086,-0.20986758253489057,-0.1586290752746855,-0.30474998760404404,-0.30474998760404404,0.9779966330176659,1.0948824050691535,1.1461209123293585,1.0,1.0,2.28274662062171,6.523749938020222
'22/06/2021',3.7101587923179418,3.564271358967363,3.5405507577000748,3.5405507577000748,3.8612374128555023,3.6433538159081915,0.267219905639001,-0.31632982776331353,-0.411212232832467,-0.411212232832467,0.871534387789243,1.678432138471468,1.0948824050691535,1.0,1.0,2.28274662062171,7.056061164162331
'23/06/2021',3.7101587923179418,3.7101587923179418,3.5405507577000748,3.5405507577000748,3.8612374128555023,3.672531302578307,0.1505099589585388,0.1505099589585388,-0.5279221795129292,-0.5279221795129292,0.7548244411087808,1.678432138471468,1.678432138471468,1.0,1.0,2.28274662062171,7.639610897564646
'24/06/2021',3.6591713986664516,3.7265479551755636,3.5405507577000748,3.5405507577000748,3.8612374128555023,3.6656116564195336,-0.025761031012327962,0.24374519502412006,-0.5002435948778352,-0.5002435948778352,0.7825030257438748,1.4744825638655072,1.7439887899019553,1.0,1.0,2.28274662062171,7.5012179743891725
'25/06/2021',3.6671684036791405,3.6591713986664516,3.6591713986664516,3.5405507577000748,3.8612374128555023,3.677459874313524,-0.04116588253753406,-0.07315390258828991,-0.07315390258828991,-0.5476364664537972,0.7351101541679128,1.506470583916263,1.4744825638655072,1.4744825638655072,1.0,2.28274662062171,7.7381823322689876
'26/06/2021',3.7080647145190455,3.6671684036791405,3.6671684036791405,3.5405507577000748,3.8612374128555023,3.688837938486581,0.0769071041298588,-0.08667813922976109,-0.08667813922976109,-0.5931487231460242,0.6895978974756858,1.670055827275883,1.506470583916263,1.506470583916263,1.0,2.28274662062171,7.965743615730119
'27/06/2021',3.717848114726789,3.7080647145190455,3.7080647145190455,3.7080647145190455,3.8612374128555023,3.7406559342278856,-0.09123127800438624,-0.1303648788353602,-0.1303648788353602,-0.1303648788353602,0.4823259145104668,1.039133600830974,1.0,1.0,1.0,1.612690793345827,5.651824394176801
'28/06/2021',3.627761798733806,3.717848114726789,3.7080647145190455,3.7080647145190455,3.8612374128555023,3.7245953510708376,-0.38733420934812557,-0.02698894537619445,-0.0661225462071684,-0.0661225462071684,0.5465682471386586,1.0,1.3603452639719311,1.3212116631409572,1.3212116631409572,1.9339024564867842,6.93667104674063
'29/06/2021',3.627761798733806,3.627761798733806,3.627761798733806,3.7080647145190455,3.8612374128555023,3.6905175047151935,-0.251022823925549,-0.251022823925549,-0.251022823925549,0.0701888392154082,0.6828796325612352,1.0,1.0,1.0,1.3212116631409572,1.9339024564867842,6.255114119627741
'30/06/2021',3.5963876927123053,3.627761798733806,3.627761798733806,3.7080647145190455,3.8612374128555023,3.684242683510893,-0.35141996319435087,-0.22592353910834717,-0.22592353910834717,0.09528812403261,0.707978917378437,1.0,1.1254964240860037,1.1254964240860037,1.4467080872269609,2.059398880572788,6.757099815971756
'01/07/2021',3.5881943059720207,3.627761798733806,3.627761798733806,3.7080647145190455,3.8612374128555023,3.682604006162836,-0.3776388007632612,-0.21936882971611915,-0.21936882971611915,0.10184283342483802,0.714533626770665,1.0,1.158269971047142,1.158269971047142,1.4794816341880992,2.092172427533926,6.888194003816309
'02/07/2021',3.5955124412784985,3.5881943059720207,3.627761798733806,3.7080647145190455,3.8612374128555023,3.6761541346717745,-0.32256677357310437,-0.3518393147990153,-0.1935693437518733,0.12764231938908388,0.7403331127349109,1.029272541225911,1.0,1.158269971047142,1.4794816341880992,2.092172427533926,6.759196573995078
'03/07/2021',3.62081334275121,3.5881943059720207,3.627761798733806,3.7080647145190455,3.8612374128555023,3.681214314966317,-0.2416038888604266,-0.3720800359771843,-0.2138100649300423,0.10740159821091488,0.7200923915567419,1.1304761471167577,1.0,1.158269971047142,1.4794816341880992,2.092172427533926,6.860400179885925
'04/07/2021',3.62081334275121,3.62081334275121,3.627761798733806,3.7080647145190455,3.8612374128555023,3.687738122322155,-0.26769911828377957,-0.26769911828377957,-0.23990529435339525,0.08130636878756192,0.6939971621333889,1.0,1.0,1.0277938239303843,1.3490054870713415,1.9616962804171685,6.338495591418894
'05/07/2021',3.7480453670990648,3.62081334275121,3.6655666315639843,3.7080647145190455,3.8612374128555023,3.7207454937577613,0.10919949336521384,-0.3997286040262047,-0.22071544877510796,-0.0507231169548632,0.5619676763909638,1.5089280973914185,1.0,1.1790131552510967,1.3490054870713415,1.9616962804171685,6.998643020131025
'06/07/2021',3.694083576030744,3.62081334275121,3.6655666315639843,3.7080647145190455,3.8612374128555023,3.7099531355440973,-0.06347823805341335,-0.3565591711715488,-0.17754601592045205,-0.007553684100207292,0.6051371092456197,1.2930809331181354,1.0,1.1790131552510967,1.3490054870713415,1.9616962804171685,6.782795855857742
'07/07/2021',3.694083576030744,3.694083576030744,3.694083576030744,3.694083576030744,3.8612374128555023,3.7275143433956957,-0.1337230694598066,-0.1337230694598066,-0.1337230694598066,-0.1337230694598066,0.5348922778392264,1.0,1.0,1.0,1.0,1.668615347299033,5.668615347299033
'08/07/2021',3.691573445920747,3.669061024904269,3.669061024904269,3.694083576030744,3.8612374128555023,3.717003296923106,-0.10171940400943669,-0.19176908807534865,-0.19176908807534865,-0.09167888356944864,0.5769364637295844,1.090049684065912,1.0,1.0,1.1000902045059,1.768705551804933,5.958845440376745
'09/07/2021',3.691573445920747,3.691573445920747,3.691573445920747,3.694083576030744,3.8612374128555023,3.7260082653296975,-0.13773927763580218,-0.13773927763580218,-0.13773927763580218,-0.12769875719581414,0.5409165901032189,1.0,1.0,1.0,1.010040520439988,1.678655867739021,5.688696388179009
'10/07/2021',3.6809972695022894,3.691573445920747,3.691573445920747,3.769115458555292,3.8612374128555023,3.7388994065509156,-0.2316085481945045,-0.18930384252067434,-0.18930384252067434,0.12086420801750641,0.48935202521834675,1.0,1.0423047056738302,1.0423047056738302,1.352472756212011,1.7209605734128512,6.1580427409725225
'11/07/2021',3.608020601316561,3.6809972695022894,3.6809972695022894,3.769115458555292,3.8612374128555023,3.7200736023463867,-0.44821200411930207,-0.15630533137638913,-0.15630533137638913,0.19616742483562177,0.5646552420364621,1.0,1.291906672742913,1.291906672742913,1.6443794289549238,2.012867246155764,7.241060020596514
'12/07/2021',3.586795605331553,3.608020601316561,3.608020601316561,3.769115458555292,3.8612374128555023,3.686637935875094,-0.39936932217416476,-0.31446933823413126,-0.31446933823413126,0.3299100907207926,0.6983979079216329,1.0,1.0848999839400335,1.0848999839400335,1.7292794128949573,2.0977672300957977,6.996846610870822
'13/07/2021',3.59654457056579,3.586795605331553,3.586795605331553,3.769115458555292,3.8612374128555023,3.680097730527938,-0.33421263984859273,-0.373208500785541,-0.373208500785541,0.3560709121094163,0.7245587293102567,1.0389958609369483,1.0,1.0,1.7292794128949573,2.0977672300957977,6.866042503927703
'14/07/2021',3.59654457056579,3.59654457056579,3.59654457056579,3.59654457056579,3.8612374128555023,3.6494831390237326,-0.2117542738317706,-0.2117542738317706,-0.2117542738317706,-0.2117542738317706,0.8470170953270788,1.0,1.0,1.0,1.0,2.0587713691588494,6.058771369158849
'15/07/2021',3.673780360985311,3.59654457056579,3.59654457056579,3.59654457056579,3.8612374128555023,3.6649302971076367,0.035400255510696255,-0.2735429061673873,-0.2735429061673873,-0.2735429061673873,0.7852284629914621,1.3089431616780836,1.0,1.0,1.0,2.0587713691588494,6.367714530836933
'16/07/2021',3.676466178863951,3.673780360985311,3.59654457056579,3.59654457056579,3.8612374128555023,3.680914618767269,-0.01779375961327112,-0.02853703112783279,-0.33748019280591635,-0.33748019280591635,0.721291176352933,1.3196864331926452,1.3089431616780836,1.0,1.0,2.0587713691588494,6.687400964029578
'17/07/2021',3.676466178863951,3.676466178863951,3.59654457056579,3.59654457056579,3.8612374128555023,3.681451782342997,-0.019942413916183455,-0.019942413916183455,-0.3396288471088287,-0.3396288471088287,0.7191425220500207,1.3196864331926452,1.3196864331926452,1.0,1.0,2.0587713691588494,6.69814423554414
'18/07/2021',3.6714530772847738,3.697842266076661,3.59654457056579,3.59654457056579,3.8612374128555023,3.6847243794697033,-0.053085208739718226,0.052471546427831584,-0.35271923561565366,-0.35271923561565366,0.7060521335431957,1.2996340268759354,1.4051907820434852,1.0,1.0,2.0587713691588494,6.76359617807827
'19/07/2021',3.6155956475436186,3.6714530772847738,3.59654457056579,3.59654457056579,3.8612374128555023,3.668275055763095,-0.21071763287790546,0.012712086086715146,-0.2869219407892203,-0.2869219407892203,0.7718494283696291,1.0762043079113148,1.2996340268759354,1.0,1.0,2.0587713691588494,6.4346097039461
'20/07/2021',3.6155956475436186,3.6155956475436186,3.59654457056579,3.59654457056579,3.8612374128555023,3.657103569814864,-0.16603168908498134,-0.16603168908498134,-0.24223599699629617,-0.24223599699629617,0.8165353721625532,1.0762043079113148,1.0762043079113148,1.0,1.0,2.0587713691588494,6.211179984981479
'21/07/2021',3.769786670231488,3.6155956475436186,3.59654457056579,3.59654457056579,3.8612374128555023,3.6879417743524376,0.3273795835162012,-0.2893845072352761,-0.3655888151465909,-0.3655888151465909,0.6931825540122585,1.6929683986627921,1.0762043079113148,1.0,1.0,2.0587713691588494,6.827944075732956
'22/07/2021',3.769786670231488,3.769786670231488,3.59654457056579,3.769786670231488,3.8612374128555023,3.7534283988231514,0.06543308563334627,0.06543308563334627,-0.6275353130294459,0.06543308563334627,0.4312360561294035,1.6929683986627921,1.6929683986627921,1.0,1.6929683986627921,2.0587713691588494,8.137676565147226
'23/07/2021',3.7659268511326056,3.781449906805727,3.781449906805727,3.781449906805727,3.8612374128555023,3.7943027968810576,-0.11350378299380814,-0.05141156030132343,-0.05141156030132343,-0.05141156030132343,0.26773846389777844,1.0,1.0620922226924847,1.0620922226924847,1.0620922226924847,1.3812422468915866,5.567518914969041
'24/07/2021',3.820386187274956,3.781449906805727,3.781449906805727,3.7659268511326056,3.8612374128555023,3.8020900529749033,0.0731845372002109,-0.08256058467670613,-0.08256058467670613,-0.14465280736919084,0.23658943952239575,1.2178373445694017,1.0620922226924847,1.0620922226924847,1.0,1.3812422468915866,5.723264036845958
'25/07/2021',3.8778265214918095,3.820386187274956,3.781449906805727,3.7659268511326056,3.8612374128555023,3.82136537591212,0.22584458231875715,-0.003916754548656698,-0.15966187642557372,-0.22175409911805843,0.15948814777352815,1.4475986814368156,1.2178373445694017,1.0620922226924847,1.0,1.3812422468915866,6.108770495590289
'26/07/2021',3.879498378070385,3.820386187274956,3.781449906805727,3.7659268511326056,3.8612374128555023,3.8216997472278353,0.23119452337019908,-0.005254239811517181,-0.1609993616884342,-0.22309158438091892,0.15815066251066767,1.454286107751118,1.2178373445694017,1.0620922226924847,1.0,1.3812422468915866,6.115457921904591
'27/07/2021',3.9769243998922343,3.879498378070385,3.781449906805727,3.7659268511326056,3.8612374128555023,3.8530073897512906,0.4956680405637748,0.10596395327637786,-0.2862299317822554,-0.34832215447474013,0.03292009241684646,1.843990195038515,1.454286107751118,1.0620922226924847,1.0,1.3812422468915866,6.741610772373704
'28/07/2021',4.0214715587492185,3.9769243998922343,3.781449906805727,3.7659268511326056,3.8612374128555023,3.8814020258870574,0.5602781314486442,0.38208949602070774,-0.39980847632532246,-0.46190069901780717,-0.08065845212622058,2.0221788304664514,1.843990195038515,1.0620922226924847,1.0,1.3812422468915866,7.309503495089038
'29/07/2021',3.991840172122857,4.0214715587492185,3.781449906805727,3.7659268511326056,3.8612374128555023,3.884385180333182,0.42981996715869997,0.5483455136641453,-0.4117410941098214,-0.4738333168023061,-0.09259106991071953,1.903653283961006,2.0221788304664514,1.0620922226924847,1.0,1.3812422468915866,7.369166584011529
'30/07/2021',4.035989753148087,3.991840172122857,3.781449906805727,3.7659268511326056,3.8612374128555023,3.8872888192129555,0.5948037357405251,0.41820541163960634,-0.42335564962891503,-0.48544787232139974,-0.10420562542981315,2.080251608061925,1.903653283961006,1.0620922226924847,1.0,1.3812422468915866,7.427239361607002
'31/07/2021',4.0771912428747585,4.035989753148087,3.781449906805727,3.7659268511326056,3.8612374128555023,3.904359033363336,0.6913288380456901,0.5265228791390033,-0.49163650623043686,-0.5537287289229216,-0.172486482031335,2.2450575669686117,2.080251608061925,1.0620922226924847,1.0,1.3812422468915866,7.768643644614608
'01/08/2021',4.0771912428747585,4.0771912428747585,4.0771912428747585,4.0771912428747585,3.8612374128555023,4.034000476870907,0.1727630640154061,0.1727630640154061,0.1727630640154061,0.1727630640154061,-0.691052256061619,1.863815320077025,1.863815320077025,1.863815320077025,1.863815320077025,1.0,8.4552612803081
'02/08/2021',4.158674121404326,4.0771912428747585,4.0771912428747585,4.0771912428747585,4.161620200591542,4.110373610124029,0.19320204512118977,-0.1327294689970806,-0.1327294689970806,-0.1327294689970806,0.20498636187005204,1.3259315141182704,1.0,1.0,1.0,1.3377158308671326,5.663647344985403
'03/08/2021',4.1056432730040795,4.0771912428747585,4.0771912428747585,4.0771912428747585,4.161620200591542,4.099767440443979,0.023503330240401965,-0.09030479027688187,-0.09030479027688187,-0.09030479027688187,0.24741104059025076,1.1138081205172838,1.0,1.0,1.0,1.3377158308671326,5.4515239513844165
'04/08/2021',4.1056432730040795,4.1056432730040795,4.0771912428747585,4.0771912428747585,4.161620200591542,4.105457846469844,0.000741706136942355,0.000741706136942355,-0.11306641438034148,-0.11306641438034148,0.22464941648679115,1.1138081205172838,1.1138081205172838,1.0,1.0,1.3377158308671326,5.5653320719017
'05/08/2021',4.123786294107105,4.1056432730040795,4.0771912428747585,4.0771912428747585,4.161620200591542,4.109086450690449,0.05879937366662347,-0.013772710745477923,-0.12758083126276176,-0.12758083126276176,0.21013499960437088,1.1863802049293852,1.1138081205172838,1.0,1.0,1.3377158308671326,5.637904156313802
'06/08/2021',4.015148875574011,4.123786294107105,4.123786294107105,4.123786294107105,4.161620200591542,4.109625591697373,-0.37790686449345046,0.05664280963892665,0.05664280963892665,0.05664280963892665,0.20797843557667406,1.0,1.434549674132377,1.434549674132377,1.434549674132377,1.5858853000701245,6.889534322467256
'07/08/2021',4.010652626107747,4.015148875574011,4.015148875574011,4.015148875574011,4.161620200591542,4.043543890684264,-0.1315650583060659,-0.11358006044101288,-0.11358006044101288,-0.11358006044101288,0.47230523962911164,1.0,1.017984997865053,1.017984997865053,1.017984997865053,1.6038702979351775,5.657825291530337
'08/08/2021',4.010652626107747,4.010652626107747,4.015148875574011,4.015148875574011,4.161620200591542,4.0426446407910115,-0.12796805873305672,-0.12796805873305672,-0.10998306086800369,-0.10998306086800369,0.4759022392021208,1.0,1.0,1.017984997865053,1.017984997865053,1.6038702979351775,5.639840293665284
'09/08/2021',4.015530548144162,4.010652626107747,4.015148875574011,4.015148875574011,4.161620200591542,4.0436202251982944,-0.11235870821652938,-0.13187039636218856,-0.11388539849713553,-0.11388539849713553,0.471999901572989,1.0195116881456592,1.0,1.017984997865053,1.017984997865053,1.6038702979351775,5.659351981810943
'10/08/2021',4.013276763654329,4.015530548144162,4.015148875574011,4.015530548144162,4.161620200591542,4.044221387221641,-0.1237784942692457,-0.11476335630991485,-0.116290046590521,-0.11476335630991485,0.4695952534796035,1.0,1.0090151379593308,1.0074884476787247,1.0090151379593308,1.5933737477488492,5.618892471346236
'11/08/2021',3.9887925030217484,4.013276763654329,4.015148875574011,4.015530548144162,4.161620200591542,4.038873778197159,-0.200325100701642,-0.10238805817131791,-0.09489961049259321,-0.09337292021198706,0.4909856895775313,1.0,1.097937042530324,1.1054254902090488,1.106952180489655,1.6913107902791733,6.001625503508201
'12/08/2021',4.02278329409735,3.9887925030217484,4.015148875574011,4.015530548144162,4.161620200591542,4.040775084285762,-0.07196716075365117,-0.20793032505605602,-0.10250483484700723,-0.10097814456640108,0.4833804652231173,1.1359631643024048,1.0,1.1054254902090488,1.106952180489655,1.6913107902791733,6.039651625280282
'13/08/2021',3.9996535561728774,4.02278329409735,4.015148875574011,4.015530548144162,4.161620200591542,4.042947294915988,-0.17317495497244373,-0.08065600327455513,-0.11119367736791119,-0.10966698708730505,0.4746916227022133,1.0,1.0925189516978886,1.0619812776045325,1.0635079678851387,1.647866577674657,5.865874774862217
'14/08/2021',3.9996535561728774,3.9996535561728774,4.015148875574011,4.015530548144162,4.161620200591542,4.0383213473310935,-0.15467116463286423,-0.15467116463286423,-0.0926898870283317,-0.09116319674772555,0.4931954130417928,1.0,1.0,1.0619812776045325,1.0635079678851387,1.647866577674657,5.773355823164328
'15/08/2021',3.909590436956003,4.049641073352752,4.049641073352752,4.015530548144162,4.161620200591542,4.037204666479442,-0.510456918093757,0.04974562749323752,0.04974562749323752,-0.08669647334112085,0.4976621364483975,1.0,1.5602025455869946,1.5602025455869946,1.4237604447526362,2.0081190545421546,7.55228459046878
'16/08/2021',3.9002477153028883,3.909590436956003,4.049641073352752,4.015530548144162,4.161620200591542,4.007325994869469,-0.428313118266324,-0.3909422316538649,0.16926031393312968,0.03281821309877131,0.6171768228882897,1.0,1.0373708866124591,1.5975734321994537,1.4611313313650953,2.0454899411546137,7.141565591331622
'17/08/2021',3.8853078330211943,3.9002477153028883,3.9002477153028883,4.015530548144162,4.161620200591542,3.972590802472535,-0.3491318778053625,-0.28937234867858663,-0.28937234867858663,0.1717589826865087,0.7561175924760271,1.0,1.0597595291267758,1.0597595291267758,1.5208908604918712,2.1052494702813895,6.745659389026812
'18/08/2021',3.8641420079927205,3.8853078330211943,3.8853078330211943,4.015530548144162,4.161620200591542,3.9623816845541624,-0.3929587062457678,-0.30829540613187234,-0.30829540613187234,0.21259545435999883,0.7969540641495172,1.0,1.0846633001138954,1.0846633001138954,1.6055541606057666,2.189912770395285,6.9647935312288425
'19/08/2021',3.8054837256346854,3.8641420079927205,3.8641420079927205,4.015530548144162,4.161620200591542,3.942183698071166,-0.5467998897459232,-0.312166760313783,-0.312166760313783,0.2933874002919836,0.877746010081502,1.0,1.2346331294321402,1.2346331294321402,1.8401872900379068,2.424545899827425,7.733999448729612
'20/08/2021',3.826950699911282,3.8054837256346854,3.8641420079927205,4.015530548144162,4.161620200591542,3.9347454364548784,-0.431178946174386,-0.517046843280772,-0.2824137138486318,0.3231404467571348,0.9074990565466532,1.085867897106386,1.0,1.2346331294321402,1.8401872900379068,2.424545899827425,7.585234216403858
'21/08/2021',3.886146232953309,3.826950699911282,3.8641420079927205,3.826950699911282,4.161620200591542,3.913161968272027,-0.1080629412748717,-0.3448450734429809,-0.19607984111722665,-0.3448450734429809,0.9938329292780583,1.2367821321681092,1.0,1.1487652323257542,1.0,2.338678002721039,6.724225367214903
'22/08/2021',3.845874836898953,3.826950699911282,3.8641420079927205,3.826950699911282,4.161620200591542,3.905107689061156,-0.23693140864881101,-0.3126279565994956,-0.16386272427374138,-0.3126279565994956,1.0260500461215436,1.0756965479506846,1.0,1.1487652323257542,1.0,2.338678002721039,6.563139782997478
'23/08/2021',3.798789778579887,3.845874836898953,3.8641420079927205,3.826950699911282,4.161620200591542,3.899475504794877,-0.40274290485995934,-0.21440267158369508,-0.14133398720862544,-0.29009921953437967,1.0485787831866595,1.0,1.1883402332762643,1.261408917651334,1.1126436853255797,2.451321688046619,7.013714524299797
'24/08/2021',3.906205507659561,3.798789778579887,3.8641420079927205,3.826950699911282,4.161620200591542,3.9115416389469986,-0.021344525149750382,-0.4510074414684464,-0.1895985238171125,-0.33836375614286673,1.0003142465781725,1.429662916318696,1.0,1.261408917651334,1.1126436853255797,2.451321688046619,7.2550372073422285
'25/08/2021',3.906205507659561,3.798789778579887,3.8641420079927205,3.826950699911282,4.161620200591542,3.9115416389469986,-0.021344525149750382,-0.4510074414684464,-0.1895985238171125,-0.33836375614286673,1.0003142465781725,1.429662916318696,1.0,1.261408917651334,1.1126436853255797,2.451321688046619,7.2550372073422285
'26/08/2021',3.805262233502525,3.857538454339528,3.857538454339528,3.857538454339528,4.161620200591542,3.90789955942253,-0.4105493036800212,-0.20144442033200782,-0.20144442033200782,-0.20144442033200782,1.0148825646760464,1.0,1.2091048833480134,1.2091048833480134,1.2091048833480134,2.4254318683560676,7.052746518400108
'27/08/2021',3.785814513089193,3.805262233502525,3.805262233502525,3.857538454339528,4.161620200591542,3.8830995270050623,-0.38914005566347676,-0.31134917401015016,-0.31134917401015016,-0.1022442906621368,1.1140826943459174,1.0,1.0777908816533266,1.0777908816533266,1.28689576500134,2.503222750009394,6.945700278317387
'28/08/2021',3.7963957603732266,3.785814513089193,3.785814513089193,3.857538454339528,4.161620200591542,3.8774366882965365,-0.3241637116932399,-0.36648870082937357,-0.36648870082937357,-0.07959293582803362,1.1367340491800206,1.0423249891361337,1.0,1.0,1.28689576500134,2.503222750009394,6.832443504146868
