'Time','AAVE','ETH','BNB','BTC','NEO','QTUM','Mean','AAVEdev','ETHdev','BNBdev','BTCdev','NEOdev','QTUMdev','AAVEndev','ETHndev','BNBndev','BTCndev','NEOndev','QTUMndev','SumNorm.Dev.'
'10/12/2020',0.0,0.0,0.0,0.0,0.0,0.0,0.0,0.0,0.0,0.0,0.0,0.0,0.0,1.0,1.0,1.0,1.0,1.0,1.0,6.0
'11/12/2020',0.0,0.0,0.0,0.0,0.0,0.0,0.0,0.0,0.0,0.0,0.0,0.0,0.0,1.0,1.0,1.0,1.0,1.0,1.0,6.0
'12/12/2020',0.0,0.4,0.4,0.0,0.0,0.0,0.132,-0.132,0.268,0.268,-0.132,-0.132,-0.132,1.0,1.4,1.4,1.0,1.0,1.0,6.8
'13/12/2020',0.0,1.46,0.4,0.0,0.0,0.0,0.31,-0.31,1.15,0.09,-0.31,-0.31,-0.31,1.0,2.46,1.4,1.0,1.0,1.0,7.86
'14/12/2020',0.0,1.46,0.4,0.0,1.46,0.0,0.554,-0.554,0.906,-0.154,-0.554,0.906,-0.554,1.0,2.46,1.4,1.0,2.46,1.0,9.32
'15/12/2020',0.0,0.5,0.5,0.0,1.46,0.0,0.411,-0.411,0.089,0.089,-0.411,1.049,-0.411,1.0,1.5,1.5,1.0,2.46,1.0,8.46
'16/12/2020',0.0,-5.09,-5.09,0.0,1.46,0.5,-1.369,1.369,-3.721,-3.721,1.369,2.829,1.869,6.09,1.0,1.0,6.09,7.55,6.59,28.32
'17/12/2020',0.0,-5.44,-5.44,0.0,1.46,-5.09,-2.417,2.417,-3.023,-3.023,2.417,3.877,-2.673,6.44,1.0,1.0,6.44,7.9,1.35,24.13
'18/12/2020',0.0,-4.84,-4.84,0.0,-5.44,-5.09,-3.367,3.367,-1.473,-1.473,3.367,-2.073,-1.723,6.44,1.6,1.6,6.44,1.0,1.35,18.43
'19/12/2020',-5.44,-5.44,-5.44,0.0,-5.44,-5.09,-4.473,-0.967,-0.967,-0.967,4.473,-0.967,-0.617,1.0,1.0,1.0,6.44,1.0,1.35,11.79
'20/12/2020',-1.29,-5.44,-1.29,0.0,-5.44,-5.09,-3.092,1.802,-2.348,1.802,3.092,-2.348,-1.998,5.15,1.0,5.15,6.44,1.0,1.35,20.09
'21/12/2020',-1.83,-1.83,-1.29,-1.29,-5.44,-5.09,-2.796,0.966,0.966,1.506,1.506,-2.644,-2.294,4.61,4.61,5.15,5.15,1.0,1.35,21.87
'22/12/2020',-1.83,-1.83,-3.54,-1.29,-1.83,-5.09,-2.568,0.738,0.738,-0.972,1.278,0.738,-2.522,4.26,4.26,2.55,4.8,4.26,1.0,21.13
'23/12/2020',-3.36,-3.36,-3.36,-1.29,-1.83,-5.09,-3.047,-0.313,-0.313,-0.313,1.757,1.217,-2.043,2.73,2.73,2.73,4.8,4.26,1.0,18.25
'24/12/2020',-3.36,2.02,2.02,-3.36,-1.83,-5.09,-1.598,-1.762,3.618,3.618,-1.762,-0.232,-3.492,2.73,8.11,8.11,2.73,4.26,1.0,26.94
'25/12/2020',1.82,1.82,1.82,2.02,-1.83,-5.09,0.094,1.726,1.726,1.726,1.926,-1.924,-5.184,7.91,7.91,7.91,8.11,4.26,1.0,37.1
'26/12/2020',1.82,1.82,2.19,1.82,-1.83,-5.09,0.122,1.698,1.698,2.068,1.698,-1.952,-5.212,7.91,7.91,8.28,7.91,4.26,1.0,37.27
'27/12/2020',1.82,2.18,2.18,1.82,-1.83,-5.09,0.179,1.641,2.001,2.001,1.641,-2.009,-5.269,7.91,8.27,8.27,7.91,4.26,1.0,37.62
'28/12/2020',1.98,1.98,1.98,1.82,-1.83,-5.09,0.14,1.84,1.84,1.84,1.68,-1.97,-5.23,8.07,8.07,8.07,7.91,4.26,1.0,37.38
'29/12/2020',1.97,1.98,1.98,1.82,1.98,-5.09,0.774,1.196,1.206,1.206,1.046,1.206,-5.864,8.06,8.07,8.07,7.91,8.07,1.0,41.18
'30/12/2020',1.97,2.12,2.12,1.82,1.98,-5.09,0.819,1.151,1.301,1.301,1.001,1.161,-5.909,8.06,8.21,8.21,7.91,8.07,1.0,41.46
'31/12/2020',1.97,2.95,2.95,1.82,1.98,-5.09,1.097,0.873,1.853,1.853,0.723,0.883,-6.187,8.06,9.04,9.04,7.91,8.07,1.0,43.12
'01/01/2021',2.49,2.49,2.49,1.82,1.98,-5.09,1.031,1.459,1.459,1.459,0.789,0.949,-6.121,8.58,8.58,8.58,7.91,8.07,1.0,42.72
'02/01/2021',2.49,1.6,1.6,1.82,1.98,-5.09,0.732,1.758,0.868,0.868,1.088,1.248,-5.822,8.58,7.69,7.69,7.91,8.07,1.0,40.94
'03/01/2021',2.49,1.93,1.93,1.82,1.98,-5.09,0.843,1.647,1.087,1.087,0.977,1.137,-5.933,8.58,8.02,8.02,7.91,8.07,1.0,41.6
'04/01/2021',3.15,3.15,1.93,1.93,1.98,-5.09,1.173,1.977,1.977,0.757,0.757,0.807,-6.263,9.24,9.24,8.02,8.02,8.07,1.0,43.59
'05/01/2021',4.85,3.15,1.93,1.93,1.98,3.15,2.83,2.02,0.32,-0.9,-0.9,-0.85,0.32,3.92,2.22,1.0,1.0,1.05,2.22,11.41
'06/01/2021',4.85,5.01,5.01,1.93,1.98,3.15,3.655,1.195,1.355,1.355,-1.725,-1.675,-0.505,3.92,4.08,4.08,1.0,1.05,2.22,16.35
'07/01/2021',4.85,5.01,5.01,1.93,1.98,3.15,3.655,1.195,1.355,1.355,-1.725,-1.675,-0.505,3.92,4.08,4.08,1.0,1.05,2.22,16.35
'08/01/2021',4.73,5.01,4.73,1.93,1.98,3.15,3.588,1.142,1.422,1.142,-1.658,-1.608,-0.438,3.8,4.08,3.8,1.0,1.05,2.22,15.95
'09/01/2021',4.73,4.73,4.73,1.93,1.98,3.15,3.542,1.188,1.188,1.188,-1.612,-1.562,-0.392,3.8,3.8,3.8,1.0,1.05,2.22,15.67
'10/01/2021',4.73,3.98,3.98,4.73,1.98,3.15,3.76,0.97,0.22,0.22,0.97,-1.78,-0.61,3.75,3.0,3.0,3.75,1.0,2.17,16.67
'11/01/2021',4.73,3.83,3.83,4.73,1.98,3.15,3.707,1.023,0.123,0.123,1.023,-1.727,-0.557,3.75,2.85,2.85,3.75,1.0,2.17,16.37
'12/01/2021',5.09,5.09,3.83,4.73,1.98,3.15,3.976,1.114,1.114,-0.146,0.754,-1.996,-0.826,4.11,4.11,2.85,3.75,1.0,2.17,17.99
'13/01/2021',4.39,4.39,4.39,4.73,1.98,3.15,3.839,0.551,0.551,0.551,0.891,-1.859,-0.689,3.41,3.41,3.41,3.75,1.0,2.17,17.15
'14/01/2021',4.39,4.24,4.24,4.73,1.98,3.15,3.789,0.601,0.451,0.451,0.941,-1.809,-0.639,3.41,3.26,3.26,3.75,1.0,2.17,16.85
'15/01/2021',4.39,4.24,4.24,4.73,1.98,3.15,3.789,0.601,0.451,0.451,0.941,-1.809,-0.639,3.41,3.26,3.26,3.75,1.0,2.17,16.85
'16/01/2021',4.39,4.06,4.06,4.73,1.98,3.15,3.729,0.661,0.331,0.331,1.001,-1.749,-0.579,3.41,3.08,3.08,3.75,1.0,2.17,16.49
'17/01/2021',4.39,3.85,3.85,4.73,1.98,3.15,3.66,0.73,0.19,0.19,1.07,-1.68,-0.51,3.41,2.87,2.87,3.75,1.0,2.17,16.07
'18/01/2021',3.85,3.85,3.85,4.73,1.98,3.15,3.567,0.283,0.283,0.283,1.163,-1.587,-0.417,2.87,2.87,2.87,3.75,1.0,2.17,15.53
'19/01/2021',4.11,4.11,4.11,4.73,3.85,3.15,4.008,0.102,0.102,0.102,0.722,-0.158,-0.858,1.96,1.96,1.96,2.58,1.7,1.0,11.16
'20/01/2021',3.99,4.11,3.99,4.11,3.85,3.15,3.863,0.127,0.247,0.127,0.247,-0.013,-0.713,1.84,1.96,1.84,1.96,1.7,1.0,10.3
'21/01/2021',3.99,3.5,3.99,3.99,3.85,3.15,3.743,0.247,-0.243,0.247,0.247,0.107,-0.593,1.84,1.35,1.84,1.84,1.7,1.0,9.57
'22/01/2021',3.99,4.3,4.3,3.99,3.85,3.15,3.929,0.061,0.371,0.371,0.061,-0.079,-0.779,1.84,2.15,2.15,1.84,1.7,1.0,10.68
'23/01/2021',4.61,4.61,4.61,3.99,3.85,3.15,4.136,0.474,0.474,0.474,-0.146,-0.286,-0.986,2.46,2.46,2.46,1.84,1.7,1.0,11.92
'24/01/2021',4.61,4.36,4.36,3.99,3.85,3.15,4.053,0.557,0.307,0.307,-0.063,-0.203,-0.903,2.46,2.21,2.21,1.84,1.7,1.0,11.42
'25/01/2021',4.61,4.55,4.55,3.99,3.85,3.15,4.115,0.495,0.435,0.435,-0.125,-0.265,-0.965,2.46,2.4,2.4,1.84,1.7,1.0,11.8
'26/01/2021',4.61,4.13,4.13,3.99,3.85,3.15,3.974,0.636,0.156,0.156,0.016,-0.124,-0.824,2.46,1.98,1.98,1.84,1.7,1.0,10.96
'27/01/2021',4.61,4.17,4.17,4.13,4.13,3.15,4.057,0.553,0.113,0.113,0.073,0.073,-0.907,2.46,2.02,2.02,1.98,1.98,1.0,11.46
'28/01/2021',4.61,3.85,3.85,4.17,4.13,3.15,3.959,0.651,-0.109,-0.109,0.211,0.171,-0.809,2.46,1.7,1.7,2.02,1.98,1.0,10.86
'29/01/2021',3.91,3.91,3.91,4.17,4.13,3.15,3.862,0.048,0.048,0.048,0.308,0.268,-0.712,1.76,1.76,1.76,2.02,1.98,1.0,10.28
'30/01/2021',3.91,3.48,3.48,4.17,4.13,3.15,3.719,0.191,-0.239,-0.239,0.451,0.411,-0.569,1.76,1.33,1.33,2.02,1.98,1.0,9.42
'31/01/2021',3.56,3.56,3.48,4.17,3.48,3.15,3.566,-0.006,-0.006,-0.086,0.604,-0.086,-0.416,1.41,1.41,1.33,2.02,1.33,1.0,8.5
'01/02/2021',3.0,3.0,3.0,4.17,3.56,3.15,3.311,-0.311,-0.311,-0.311,0.859,0.249,-0.161,1.0,1.0,1.0,2.17,1.56,1.15,7.88
'02/02/2021',3.0,2.91,2.91,3.0,3.0,3.0,2.968,0.032,-0.058,-0.058,0.032,0.032,0.032,1.09,1.0,1.0,1.09,1.09,1.09,6.36
'03/02/2021',3.17,2.91,3.17,2.91,2.91,3.0,3.01,0.16,-0.1,0.16,-0.1,-0.1,-0.01,1.26,1.0,1.26,1.0,1.0,1.09,6.61
'04/02/2021',3.17,3.42,3.42,2.91,2.91,3.0,3.137,0.033,0.283,0.283,-0.227,-0.227,-0.137,1.26,1.51,1.51,1.0,1.0,1.09,7.37
'05/02/2021',3.38,3.38,3.38,2.91,2.91,3.0,3.157,0.223,0.223,0.223,-0.247,-0.247,-0.157,1.47,1.47,1.47,1.0,1.0,1.09,7.5
'06/02/2021',3.38,3.41,3.38,2.91,3.38,3.0,3.241,0.139,0.169,0.139,-0.331,0.139,-0.241,1.47,1.5,1.47,1.0,1.47,1.09,8.0
'07/02/2021',3.38,3.2,3.38,2.91,3.38,3.0,3.205,0.175,-0.005,0.175,-0.295,0.175,-0.205,1.47,1.29,1.47,1.0,1.47,1.09,7.79
'08/02/2021',3.49,3.2,3.49,2.91,3.38,3.2,3.276,0.214,-0.076,0.214,-0.366,0.104,-0.076,1.58,1.29,1.58,1.0,1.47,1.29,8.21
'09/02/2021',3.49,3.78,3.78,2.91,3.49,3.2,3.44,0.05,0.34,0.34,-0.53,0.05,-0.24,1.58,1.87,1.87,1.0,1.58,1.29,9.19
'10/02/2021',3.49,3.78,3.78,2.91,3.49,3.2,3.44,0.05,0.34,0.34,-0.53,0.05,-0.24,1.58,1.87,1.87,1.0,1.58,1.29,9.19
'11/02/2021',3.49,4.34,3.78,2.91,3.95,3.2,3.609,-0.119,0.731,0.171,-0.699,0.341,-0.409,1.58,2.43,1.87,1.0,2.04,1.29,10.21
'12/02/2021',3.49,4.29,4.29,2.91,3.95,3.2,3.686,-0.196,0.604,0.604,-0.776,0.264,-0.486,1.58,2.38,2.38,1.0,2.04,1.29,10.67
'13/02/2021',3.49,4.6,4.6,2.91,3.95,3.2,3.79,-0.3,0.81,0.81,-0.88,0.16,-0.59,1.58,2.69,2.69,1.0,2.04,1.29,11.29
'14/02/2021',3.49,4.32,4.32,2.91,3.95,3.2,3.695,-0.205,0.625,0.625,-0.785,0.255,-0.495,1.58,2.41,2.41,1.0,2.04,1.29,10.73
'15/02/2021',3.49,3.85,3.85,2.91,3.95,3.2,3.54,-0.05,0.31,0.31,-0.63,0.41,-0.34,1.58,1.94,1.94,1.0,2.04,1.29,9.79
'16/02/2021',3.49,4.09,4.09,2.91,3.95,3.2,3.62,-0.13,0.47,0.47,-0.71,0.33,-0.42,1.58,2.18,2.18,1.0,2.04,1.29,10.27
'17/02/2021',3.94,3.94,3.94,2.91,3.95,3.2,3.643,0.297,0.297,0.297,-0.733,0.307,-0.443,2.03,2.03,2.03,1.0,2.04,1.29,10.42
'18/02/2021',3.94,4.11,4.11,2.91,3.95,3.2,3.702,0.238,0.408,0.408,-0.792,0.248,-0.502,2.03,2.2,2.2,1.0,2.04,1.29,10.76
'19/02/2021',4.06,4.11,4.11,2.91,3.95,3.2,3.722,0.338,0.388,0.388,-0.812,0.228,-0.522,2.15,2.2,2.2,1.0,2.04,1.29,10.88
'20/02/2021',4.08,4.11,4.11,2.91,3.95,3.2,3.727,0.353,0.383,0.383,-0.817,0.223,-0.527,2.17,2.2,2.2,1.0,2.04,1.29,10.9
'21/02/2021',4.08,3.83,4.11,2.91,3.95,3.2,3.679,0.401,0.151,0.431,-0.769,0.271,-0.479,2.17,1.92,2.2,1.0,2.04,1.29,10.62
'22/02/2021',3.54,3.54,4.11,2.91,3.95,3.2,3.542,-0.002,-0.002,0.568,-0.632,0.408,-0.342,1.63,1.63,2.2,1.0,2.04,1.29,9.79
'23/02/2021',3.54,3.54,3.52,2.91,3.95,3.2,3.444,0.096,0.096,0.076,-0.534,0.506,-0.244,1.63,1.63,1.61,1.0,2.04,1.29,9.2
'24/02/2021',3.94,3.94,3.52,2.91,3.95,3.2,3.576,0.364,0.364,-0.056,-0.666,0.374,-0.376,2.03,2.03,1.61,1.0,2.04,1.29,10.0
'25/02/2021',3.94,3.51,3.51,2.91,3.95,3.2,3.503,0.437,0.007,0.007,-0.593,0.447,-0.303,2.03,1.6,1.6,1.0,2.04,1.29,9.56
'26/02/2021',3.94,3.26,3.26,2.91,3.95,3.2,3.42,0.52,-0.16,-0.16,-0.51,0.53,-0.22,2.03,1.35,1.35,1.0,2.04,1.29,9.06
'27/02/2021',3.94,3.41,3.41,2.91,3.95,3.2,3.468,0.472,-0.058,-0.058,-0.558,0.482,-0.268,2.03,1.5,1.5,1.0,2.04,1.29,9.36
'28/02/2021',3.94,3.0,3.0,2.91,3.95,3.2,3.334,0.606,-0.334,-0.334,-0.424,0.616,-0.134,2.03,1.09,1.09,1.0,2.04,1.29,8.54
'01/03/2021',3.38,3.0,3.0,2.91,3.95,3.2,3.241,0.139,-0.241,-0.241,-0.331,0.709,-0.041,1.47,1.09,1.09,1.0,2.04,1.29,7.98
'02/03/2021',3.38,3.0,3.4,2.91,3.95,3.2,3.306,0.074,-0.306,0.094,-0.396,0.644,-0.106,1.47,1.09,1.49,1.0,2.04,1.29,8.38
'03/03/2021',3.38,3.3,3.4,2.91,3.95,3.2,3.354,0.026,-0.054,0.046,-0.444,0.596,-0.154,1.47,1.39,1.49,1.0,2.04,1.29,8.68
'04/03/2021',3.38,3.3,3.24,2.91,3.95,3.2,3.328,0.052,-0.028,-0.088,-0.418,0.622,-0.128,1.47,1.39,1.33,1.0,2.04,1.29,8.52
'05/03/2021',3.38,2.97,2.97,2.91,3.95,3.2,3.228,0.152,-0.258,-0.258,-0.318,0.722,-0.028,1.47,1.06,1.06,1.0,2.04,1.29,7.92
'06/03/2021',3.38,3.31,3.31,2.97,3.95,3.2,3.352,0.028,-0.042,-0.042,-0.382,0.598,-0.152,1.41,1.34,1.34,1.0,1.98,1.23,8.3
'07/03/2021',3.38,3.24,3.24,3.31,3.95,3.2,3.384,-0.004,-0.144,-0.144,-0.074,0.566,-0.184,1.18,1.04,1.04,1.11,1.75,1.0,7.12
'08/03/2021',3.38,3.24,3.24,3.24,3.95,3.2,3.372,0.008,-0.132,-0.132,-0.132,0.578,-0.172,1.18,1.04,1.04,1.04,1.75,1.0,7.05
'09/03/2021',3.58,3.58,3.58,3.33,3.33,3.2,3.435,0.145,0.145,0.145,-0.105,-0.105,-0.235,1.38,1.38,1.38,1.13,1.13,1.0,7.4
'10/03/2021',3.58,3.58,3.7,3.33,3.33,3.2,3.454,0.126,0.126,0.246,-0.124,-0.124,-0.254,1.38,1.38,1.5,1.13,1.13,1.0,7.52
'11/03/2021',3.58,3.69,3.69,3.33,3.33,3.2,3.471,0.109,0.219,0.219,-0.141,-0.141,-0.271,1.38,1.49,1.49,1.13,1.13,1.0,7.62
'12/03/2021',3.58,3.52,3.52,3.33,3.33,3.2,3.413,0.167,0.107,0.107,-0.083,-0.083,-0.213,1.38,1.32,1.32,1.13,1.13,1.0,7.28
'13/03/2021',3.58,3.52,3.56,3.33,3.52,3.2,3.451,0.129,0.069,0.109,-0.121,0.069,-0.251,1.38,1.32,1.36,1.13,1.32,1.0,7.51
'14/03/2021',3.58,3.9,3.56,3.33,3.56,3.2,3.52,0.06,0.38,0.04,-0.19,0.04,-0.32,1.38,1.7,1.36,1.13,1.36,1.0,7.93
'15/03/2021',3.74,3.74,3.74,3.33,3.56,3.2,3.552,0.188,0.188,0.188,-0.222,0.008,-0.352,1.54,1.54,1.54,1.13,1.36,1.0,8.11
'16/03/2021',3.74,3.62,3.74,3.33,3.56,3.2,3.532,0.208,0.088,0.208,-0.202,0.028,-0.332,1.54,1.42,1.54,1.13,1.36,1.0,7.99
'17/03/2021',3.5,3.5,3.5,3.62,3.56,3.2,3.481,0.019,0.019,0.019,0.139,0.079,-0.281,1.3,1.3,1.3,1.42,1.36,1.0,7.68
'18/03/2021',3.68,3.68,3.68,3.62,3.5,3.5,3.609,0.071,0.071,0.071,0.011,-0.109,-0.109,1.18,1.18,1.18,1.12,1.0,1.0,6.66
'19/03/2021',3.68,3.46,3.46,3.62,3.5,3.5,3.538,0.142,-0.078,-0.078,0.082,-0.038,-0.038,1.22,1.0,1.0,1.16,1.04,1.04,6.46
'20/03/2021',3.68,3.35,3.35,3.62,3.5,3.5,3.502,0.178,-0.152,-0.152,0.118,-0.002,-0.002,1.33,1.0,1.0,1.27,1.15,1.15,6.9
'21/03/2021',3.34,3.34,3.34,3.62,3.5,3.5,3.442,-0.102,-0.102,-0.102,0.178,0.058,0.058,1.0,1.0,1.0,1.28,1.16,1.16,6.6
'22/03/2021',3.34,3.24,3.24,3.62,3.34,3.5,3.382,-0.042,-0.142,-0.142,0.238,-0.042,0.118,1.1,1.0,1.0,1.38,1.1,1.26,6.84
'23/03/2021',3.29,3.29,3.29,3.62,3.34,3.5,3.389,-0.099,-0.099,-0.099,0.231,-0.049,0.111,1.0,1.0,1.0,1.33,1.05,1.21,6.59
'24/03/2021',3.29,3.25,3.25,3.62,3.29,3.5,3.365,-0.075,-0.115,-0.115,0.255,-0.075,0.135,1.04,1.0,1.0,1.37,1.04,1.25,6.7
'25/03/2021',3.29,3.47,3.47,3.62,3.29,3.5,3.44,-0.15,0.03,0.03,0.18,-0.15,0.06,1.0,1.18,1.18,1.33,1.0,1.21,6.9
'26/03/2021',3.29,3.47,3.44,3.47,3.29,3.47,3.404,-0.114,0.066,0.036,0.066,-0.114,0.066,1.0,1.18,1.15,1.18,1.0,1.18,6.69
'27/03/2021',3.29,3.39,3.39,3.47,3.29,3.47,3.381,-0.091,0.009,0.009,0.089,-0.091,0.089,1.0,1.1,1.1,1.18,1.0,1.18,6.56
'28/03/2021',3.29,3.39,3.36,3.39,3.29,3.47,3.363,-0.073,0.027,-0.003,0.027,-0.073,0.107,1.0,1.1,1.07,1.1,1.0,1.18,6.45
'29/03/2021',3.29,3.39,3.36,3.39,3.29,3.47,3.363,-0.073,0.027,-0.003,0.027,-0.073,0.107,1.0,1.1,1.07,1.1,1.0,1.18,6.45
'30/03/2021',3.29,3.55,3.55,3.39,3.29,3.47,3.423,-0.133,0.127,0.127,-0.033,-0.133,0.047,1.0,1.26,1.26,1.1,1.0,1.18,6.8
'31/03/2021',3.29,3.55,3.61,3.39,3.29,3.47,3.432,-0.142,0.118,0.178,-0.042,-0.142,0.038,1.0,1.26,1.32,1.1,1.0,1.18,6.86
'01/04/2021',3.29,3.7,3.7,3.39,3.29,3.47,3.471,-0.181,0.229,0.229,-0.081,-0.181,-0.001,1.0,1.41,1.41,1.1,1.0,1.18,7.1
'02/04/2021',3.29,3.7,3.78,3.39,3.29,3.47,3.485,-0.195,0.215,0.295,-0.095,-0.195,-0.015,1.0,1.41,1.49,1.1,1.0,1.18,7.18
'03/04/2021',4.02,3.7,4.02,3.39,3.78,3.47,3.73,0.29,-0.03,0.29,-0.34,0.05,-0.26,1.63,1.31,1.63,1.0,1.39,1.08,8.04
'04/04/2021',4.02,3.99,3.99,3.39,3.78,3.47,3.773,0.247,0.217,0.217,-0.383,0.007,-0.303,1.63,1.6,1.6,1.0,1.39,1.08,8.3
'05/04/2021',4.02,3.83,3.83,3.99,3.78,3.47,3.82,0.2,0.01,0.01,0.17,-0.04,-0.35,1.55,1.36,1.36,1.52,1.31,1.0,8.1
'06/04/2021',4.02,3.85,3.85,3.99,3.78,3.47,3.826,0.194,0.024,0.024,0.164,-0.046,-0.356,1.55,1.38,1.38,1.52,1.31,1.0,8.14
'07/04/2021',4.02,3.81,3.81,3.85,3.78,3.47,3.79,0.23,0.02,0.02,0.06,-0.01,-0.32,1.55,1.34,1.34,1.38,1.31,1.0,7.92
'08/04/2021',4.02,4.0,3.81,3.81,3.78,3.47,3.815,0.205,0.185,-0.005,-0.005,-0.035,-0.345,1.55,1.53,1.34,1.34,1.31,1.0,8.07
'09/04/2021',4.02,3.92,3.92,3.81,3.78,3.47,3.819,0.201,0.101,0.101,-0.009,-0.039,-0.349,1.55,1.45,1.45,1.34,1.31,1.0,8.1
'10/04/2021',3.91,3.91,3.91,3.92,3.78,3.47,3.813,0.097,0.097,0.097,0.107,-0.033,-0.343,1.44,1.44,1.44,1.45,1.31,1.0,8.08
'11/04/2021',3.91,3.91,3.91,3.92,3.78,3.47,3.814,0.096,0.096,0.096,0.106,-0.034,-0.344,1.44,1.44,1.44,1.45,1.31,1.0,8.08
'12/04/2021',3.93,3.93,3.93,3.92,3.78,3.47,3.824,0.106,0.106,0.106,0.096,-0.044,-0.354,1.46,1.46,1.46,1.45,1.31,1.0,8.14
'13/04/2021',3.93,3.94,3.93,3.92,3.78,3.47,3.827,0.103,0.113,0.103,0.093,-0.047,-0.357,1.46,1.47,1.46,1.45,1.31,1.0,8.15
'14/04/2021',3.86,3.86,3.86,3.92,3.94,3.47,3.817,0.043,0.043,0.043,0.103,0.123,-0.347,1.39,1.39,1.39,1.45,1.47,1.0,8.09
'15/04/2021',3.86,3.86,3.68,3.92,3.94,3.47,3.787,0.073,0.073,-0.107,0.133,0.153,-0.317,1.39,1.39,1.21,1.45,1.47,1.0,7.91
'16/04/2021',3.86,3.86,3.71,3.92,3.94,3.47,3.793,0.067,0.067,-0.083,0.127,0.147,-0.323,1.39,1.39,1.24,1.45,1.47,1.0,7.94
'17/04/2021',3.86,3.7,3.71,3.92,3.94,3.47,3.767,0.093,-0.067,-0.057,0.153,0.173,-0.297,1.39,1.23,1.24,1.45,1.47,1.0,7.78
'18/04/2021',3.86,3.72,3.72,3.7,3.7,3.47,3.694,0.166,0.026,0.026,0.006,0.006,-0.224,1.39,1.25,1.25,1.23,1.23,1.0,7.35
'19/04/2021',3.87,3.87,3.87,3.72,3.7,3.47,3.748,0.122,0.122,0.122,-0.028,-0.048,-0.278,1.4,1.4,1.4,1.25,1.23,1.0,7.68
'20/04/2021',3.87,3.8,3.8,3.72,3.7,3.47,3.724,0.146,0.076,0.076,-0.004,-0.024,-0.254,1.4,1.33,1.33,1.25,1.23,1.0,7.54
'21/04/2021',3.87,3.95,3.95,3.72,3.7,3.47,3.774,0.096,0.176,0.176,-0.054,-0.074,-0.304,1.4,1.48,1.48,1.25,1.23,1.0,7.84
'22/04/2021',4.18,4.18,3.95,3.72,3.7,3.47,3.865,0.315,0.315,0.085,-0.145,-0.165,-0.395,1.71,1.71,1.48,1.25,1.23,1.0,8.38
'23/04/2021',4.34,4.34,4.34,3.72,3.7,3.47,3.984,0.356,0.356,0.356,-0.264,-0.284,-0.514,1.87,1.87,1.87,1.25,1.23,1.0,9.09
'24/04/2021',4.53,4.53,4.34,3.72,3.7,3.47,4.046,0.484,0.484,0.294,-0.326,-0.346,-0.576,2.06,2.06,1.87,1.25,1.23,1.0,9.47
'25/04/2021',4.53,3.93,3.93,3.72,3.7,3.47,3.879,0.651,0.051,0.051,-0.159,-0.179,-0.409,2.06,1.46,1.46,1.25,1.23,1.0,8.46
'26/04/2021',4.09,4.09,4.09,3.72,3.7,3.47,3.858,0.232,0.232,0.232,-0.138,-0.158,-0.388,1.62,1.62,1.62,1.25,1.23,1.0,8.34
'27/04/2021',4.09,4.09,4.25,3.72,3.7,3.47,3.885,0.205,0.205,0.365,-0.165,-0.185,-0.415,1.62,1.62,1.78,1.25,1.23,1.0,8.5
'28/04/2021',4.09,4.09,4.32,3.72,4.25,3.47,3.989,0.101,0.101,0.331,-0.269,0.261,-0.519,1.62,1.62,1.85,1.25,1.78,1.0,9.12
'29/04/2021',4.09,4.21,4.21,3.72,4.25,3.47,3.991,0.099,0.219,0.219,-0.271,0.259,-0.521,1.62,1.74,1.74,1.25,1.78,1.0,9.13
'30/04/2021',4.24,4.24,4.21,3.72,4.21,3.47,4.015,0.225,0.225,0.195,-0.295,0.195,-0.545,1.77,1.77,1.74,1.25,1.74,1.0,9.27
'01/05/2021',4.06,4.06,4.06,3.72,4.24,3.47,3.935,0.125,0.125,0.125,-0.215,0.305,-0.465,1.59,1.59,1.59,1.25,1.77,1.0,8.79
'02/05/2021',4.06,4.06,4.04,4.06,4.24,4.06,4.088,-0.028,-0.028,-0.048,-0.028,0.152,-0.028,1.02,1.02,1.0,1.02,1.2,1.02,6.28
'03/05/2021',4.06,4.04,4.04,4.06,4.24,4.06,4.084,-0.024,-0.044,-0.044,-0.024,0.156,-0.024,1.02,1.0,1.0,1.02,1.2,1.02,6.26
'04/05/2021',4.06,4.04,4.04,4.06,4.24,4.06,4.084,-0.024,-0.044,-0.044,-0.024,0.156,-0.024,1.02,1.0,1.0,1.02,1.2,1.02,6.26
'05/05/2021',4.06,4.11,4.11,4.06,4.24,4.06,4.108,-0.048,0.002,0.002,-0.048,0.132,-0.048,1.0,1.05,1.05,1.0,1.18,1.0,6.28
'06/05/2021',3.92,3.92,3.92,4.11,4.11,4.06,4.006,-0.086,-0.086,-0.086,0.104,0.104,0.054,1.0,1.0,1.0,1.19,1.19,1.14,6.52
'07/05/2021',3.92,3.81,3.81,3.92,4.11,4.06,3.938,-0.018,-0.128,-0.128,-0.018,0.172,0.122,1.11,1.0,1.0,1.11,1.3,1.25,6.77
'08/05/2021',3.92,3.72,3.72,3.81,4.11,4.06,3.89,0.03,-0.17,-0.17,-0.08,0.22,0.17,1.2,1.0,1.0,1.09,1.39,1.34,7.02
'09/05/2021',3.68,3.72,3.68,3.72,3.72,4.06,3.765,-0.085,-0.045,-0.085,-0.045,-0.045,0.295,1.0,1.04,1.0,1.04,1.04,1.38,6.5
'10/05/2021',3.65,3.65,3.68,3.72,3.72,4.06,3.748,-0.098,-0.098,-0.068,-0.028,-0.028,0.312,1.0,1.0,1.03,1.07,1.07,1.41,6.58
'11/05/2021',3.65,3.63,3.63,3.65,3.72,4.06,3.723,-0.073,-0.093,-0.093,-0.073,-0.003,0.337,1.02,1.0,1.0,1.02,1.09,1.43,6.56
'12/05/2021',3.58,3.58,3.58,3.63,3.72,4.06,3.689,-0.109,-0.109,-0.109,-0.059,0.031,0.371,1.0,1.0,1.0,1.05,1.14,1.48,6.67
'13/05/2021',3.58,3.86,3.86,3.58,3.58,4.06,3.751,-0.171,0.109,0.109,-0.171,-0.171,0.309,1.0,1.28,1.28,1.0,1.0,1.48,7.04
'14/05/2021',3.58,3.86,3.86,3.86,3.58,4.06,3.798,-0.218,0.062,0.062,0.062,-0.218,0.262,1.0,1.28,1.28,1.28,1.0,1.48,7.32
'15/05/2021',3.58,3.86,4.0,3.86,3.58,4.06,3.821,-0.241,0.039,0.179,0.039,-0.241,0.239,1.0,1.28,1.42,1.28,1.0,1.48,7.46
'16/05/2021',3.58,4.07,4.07,3.86,3.58,4.06,3.87,-0.29,0.2,0.2,-0.01,-0.29,0.19,1.0,1.49,1.49,1.28,1.0,1.48,7.74
'17/05/2021',4.14,4.14,4.14,3.86,3.58,4.06,3.988,0.152,0.152,0.152,-0.128,-0.408,0.072,1.56,1.56,1.56,1.28,1.0,1.48,8.44
'18/05/2021',4.11,4.14,4.11,3.86,3.58,4.06,3.976,0.134,0.164,0.134,-0.116,-0.396,0.084,1.53,1.56,1.53,1.28,1.0,1.48,8.38
'19/05/2021',4.05,4.05,4.05,3.86,4.11,4.06,4.032,0.018,0.018,0.018,-0.172,0.078,0.028,1.19,1.19,1.19,1.0,1.25,1.2,7.02
'20/05/2021',4.05,4.3,4.3,3.86,4.11,4.06,4.114,-0.064,0.186,0.186,-0.254,-0.004,-0.054,1.19,1.44,1.44,1.0,1.25,1.2,7.52
'21/05/2021',4.05,4.27,4.3,4.3,4.11,4.06,4.182,-0.132,0.088,0.118,0.118,-0.072,-0.122,1.0,1.22,1.25,1.25,1.06,1.01,6.79
'22/05/2021',4.05,4.27,4.48,4.3,4.11,4.06,4.211,-0.161,0.059,0.269,0.089,-0.101,-0.151,1.0,1.22,1.43,1.25,1.06,1.01,6.97
'23/05/2021',4.05,4.58,4.48,4.3,4.11,4.06,4.264,-0.214,0.316,0.216,0.036,-0.154,-0.204,1.0,1.53,1.43,1.25,1.06,1.01,7.28
'24/05/2021',4.82,4.82,4.48,4.3,4.11,4.06,4.432,0.388,0.388,0.048,-0.132,-0.322,-0.372,1.76,1.76,1.42,1.24,1.05,1.0,8.23
'25/05/2021',4.82,4.82,4.48,4.3,4.11,4.06,4.432,0.388,0.388,0.048,-0.132,-0.322,-0.372,1.76,1.76,1.42,1.24,1.05,1.0,8.23
'26/05/2021',4.82,4.82,4.92,4.3,4.11,4.06,4.506,0.314,0.314,0.414,-0.206,-0.396,-0.446,1.76,1.76,1.86,1.24,1.05,1.0,8.67
'27/05/2021',4.82,5.01,5.01,4.3,4.11,4.06,4.553,0.267,0.457,0.457,-0.253,-0.443,-0.493,1.76,1.95,1.95,1.24,1.05,1.0,8.95
'28/05/2021',4.82,4.82,4.82,4.3,4.11,4.06,4.49,0.33,0.33,0.33,-0.19,-0.38,-0.43,1.76,1.76,1.76,1.24,1.05,1.0,8.57
'29/05/2021',4.76,4.82,4.76,4.3,4.11,4.06,4.468,0.292,0.352,0.292,-0.168,-0.358,-0.408,1.7,1.76,1.7,1.24,1.05,1.0,8.45
'30/05/2021',4.81,4.82,4.81,4.3,4.11,4.06,4.485,0.325,0.335,0.325,-0.185,-0.375,-0.425,1.75,1.76,1.75,1.24,1.05,1.0,8.55
'31/05/2021',4.86,4.86,4.81,4.3,4.11,4.06,4.5,0.36,0.36,0.31,-0.2,-0.39,-0.44,1.8,1.8,1.75,1.24,1.05,1.0,8.64
'01/06/2021',4.86,4.87,4.87,4.3,4.11,4.06,4.511,0.349,0.359,0.359,-0.211,-0.401,-0.451,1.8,1.81,1.81,1.24,1.05,1.0,8.71
'02/06/2021',4.86,4.63,4.63,4.87,4.11,4.06,4.526,0.334,0.104,0.104,0.344,-0.416,-0.466,1.8,1.57,1.57,1.81,1.05,1.0,8.8
'03/06/2021',4.86,4.73,4.63,4.63,4.63,4.06,4.59,0.27,0.14,0.04,0.04,0.04,-0.53,1.8,1.67,1.57,1.57,1.57,1.0,9.18
'04/06/2021',4.86,4.79,4.63,4.63,4.73,4.06,4.617,0.243,0.173,0.013,0.013,0.113,-0.557,1.8,1.73,1.57,1.57,1.67,1.0,9.34
'05/06/2021',4.86,4.77,4.77,4.63,4.73,4.06,4.636,0.224,0.134,0.134,-0.006,0.094,-0.576,1.8,1.71,1.71,1.57,1.67,1.0,9.46
'06/06/2021',4.82,4.82,4.82,4.77,4.77,4.06,4.673,0.147,0.147,0.147,0.097,0.097,-0.613,1.76,1.76,1.76,1.71,1.71,1.0,9.7
'07/06/2021',4.82,4.76,4.76,4.82,4.77,4.06,4.664,0.156,0.096,0.096,0.156,0.106,-0.604,1.76,1.7,1.7,1.76,1.71,1.0,9.63
'08/06/2021',4.82,4.83,4.83,4.82,4.77,4.06,4.687,0.133,0.143,0.143,0.133,0.083,-0.627,1.76,1.77,1.77,1.76,1.71,1.0,9.77
'09/06/2021',4.82,4.89,4.89,4.82,4.83,4.06,4.717,0.103,0.173,0.173,0.103,0.113,-0.657,1.76,1.83,1.83,1.76,1.77,1.0,9.95
'10/06/2021',4.87,4.87,4.87,4.82,4.83,4.06,4.718,0.152,0.152,0.152,0.102,0.112,-0.658,1.81,1.81,1.81,1.76,1.77,1.0,9.96
'11/06/2021',4.87,4.82,4.82,4.87,4.83,4.06,4.71,0.16,0.11,0.11,0.16,0.12,-0.65,1.81,1.76,1.76,1.81,1.77,1.0,9.91
'12/06/2021',4.87,4.82,4.79,4.87,4.82,4.06,4.704,0.166,0.116,0.086,0.166,0.116,-0.644,1.81,1.76,1.73,1.81,1.76,1.0,9.87
'13/06/2021',4.87,4.74,4.74,4.87,4.82,4.06,4.683,0.187,0.057,0.057,0.187,0.137,-0.623,1.81,1.68,1.68,1.81,1.76,1.0,9.74
'14/06/2021',4.94,4.94,4.94,4.87,4.82,4.06,4.76,0.18,0.18,0.18,0.11,0.06,-0.7,1.88,1.88,1.88,1.81,1.76,1.0,10.21
'15/06/2021',4.94,4.94,4.94,4.87,4.82,4.06,4.76,0.18,0.18,0.18,0.11,0.06,-0.7,1.88,1.88,1.88,1.81,1.76,1.0,10.21
'16/06/2021',4.88,4.88,4.88,4.87,4.82,4.06,4.732,0.148,0.148,0.148,0.138,0.088,-0.672,1.82,1.82,1.82,1.81,1.76,1.0,10.03
'17/06/2021',4.88,4.88,4.88,4.87,4.82,4.06,4.732,0.148,0.148,0.148,0.138,0.088,-0.672,1.82,1.82,1.82,1.81,1.76,1.0,10.03
'18/06/2021',4.88,4.85,4.85,4.89,4.82,4.06,4.725,0.155,0.125,0.125,0.165,0.095,-0.665,1.82,1.79,1.79,1.83,1.76,1.0,9.99
'19/06/2021',4.91,4.85,4.91,4.85,4.85,4.06,4.738,0.172,0.112,0.172,0.112,0.112,-0.678,1.85,1.79,1.85,1.79,1.79,1.0,10.07
'20/06/2021',4.9,4.9,4.9,4.85,4.85,4.06,4.745,0.155,0.155,0.155,0.105,0.105,-0.685,1.84,1.84,1.84,1.79,1.79,1.0,10.1
'21/06/2021',4.9,4.86,4.86,4.85,4.85,4.06,4.733,0.167,0.127,0.127,0.117,0.117,-0.673,1.84,1.8,1.8,1.79,1.79,1.0,10.02
'22/06/2021',4.9,4.93,4.93,4.85,4.85,4.06,4.754,0.146,0.176,0.176,0.096,0.096,-0.694,1.84,1.87,1.87,1.79,1.79,1.0,10.16
'23/06/2021',4.9,5.03,4.93,4.85,4.85,4.06,4.771,0.129,0.259,0.159,0.079,0.079,-0.711,1.84,1.97,1.87,1.79,1.79,1.0,10.26
'24/06/2021',4.9,5.08,5.08,4.85,4.85,4.06,4.805,0.095,0.275,0.275,0.045,0.045,-0.745,1.84,2.02,2.02,1.79,1.79,1.0,10.46
'25/06/2021',4.9,5.12,5.12,5.08,4.85,4.06,4.855,0.045,0.265,0.265,0.225,-0.005,-0.795,1.84,2.06,2.06,2.02,1.79,1.0,10.77
'26/06/2021',4.9,5.19,5.19,5.12,4.85,4.06,4.884,0.016,0.306,0.306,0.236,-0.034,-0.824,1.84,2.13,2.13,2.06,1.79,1.0,10.95
'27/06/2021',5.16,5.16,5.16,5.19,5.19,4.06,4.986,0.174,0.174,0.174,0.204,0.204,-0.926,2.1,2.1,2.1,2.13,2.13,1.0,11.56
'28/06/2021',5.2,5.2,5.2,5.19,5.19,4.06,5.005,0.195,0.195,0.195,0.185,0.185,-0.945,2.14,2.14,2.14,2.13,2.13,1.0,11.68
'29/06/2021',5.28,5.2,5.2,5.2,5.19,4.06,5.021,0.259,0.179,0.179,0.179,0.169,-0.961,2.22,2.14,2.14,2.14,2.13,1.0,11.77
'30/06/2021',5.28,5.2,5.2,5.2,5.19,4.06,5.021,0.259,0.179,0.179,0.179,0.169,-0.961,2.22,2.14,2.14,2.14,2.13,1.0,11.77
'01/07/2021',5.27,5.27,5.27,5.2,5.19,4.06,5.045,0.225,0.225,0.225,0.155,0.145,-0.985,2.21,2.21,2.21,2.14,2.13,1.0,11.9
'02/07/2021',5.27,5.27,5.24,5.2,5.19,4.06,5.039,0.231,0.231,0.201,0.161,0.151,-0.979,2.21,2.21,2.18,2.14,2.13,1.0,11.87
'03/07/2021',5.34,5.34,5.34,5.2,5.19,4.06,5.075,0.265,0.265,0.265,0.125,0.115,-1.015,2.28,2.28,2.28,2.14,2.13,1.0,12.11
'04/07/2021',5.34,5.34,5.34,5.2,5.19,4.06,5.075,0.265,0.265,0.265,0.125,0.115,-1.015,2.28,2.28,2.28,2.14,2.13,1.0,12.11
'05/07/2021',5.38,5.34,5.38,5.32,5.19,4.06,5.109,0.271,0.231,0.271,0.211,0.081,-1.049,2.32,2.28,2.32,2.26,2.13,1.0,12.31
'06/07/2021',5.4,5.4,5.4,5.32,5.19,4.06,5.129,0.271,0.271,0.271,0.191,0.061,-1.069,2.34,2.34,2.34,2.26,2.13,1.0,12.41
'07/07/2021',5.4,5.46,5.4,5.4,5.4,4.06,5.188,0.212,0.272,0.212,0.212,0.212,-1.128,2.34,2.4,2.34,2.34,2.34,1.0,12.76
'08/07/2021',5.4,5.39,5.39,5.46,5.46,4.06,5.195,0.205,0.195,0.195,0.265,0.265,-1.135,2.34,2.33,2.33,2.4,2.4,1.0,12.8
'09/07/2021',5.4,5.39,5.39,5.39,5.46,4.06,5.183,0.217,0.207,0.207,0.207,0.277,-1.123,2.34,2.33,2.33,2.33,2.4,1.0,12.73
'10/07/2021',5.4,5.4,5.4,5.39,5.4,4.06,5.178,0.222,0.222,0.222,0.212,0.222,-1.118,2.34,2.34,2.34,2.33,2.34,1.0,12.69
'11/07/2021',5.4,5.26,5.26,5.4,5.4,4.06,5.131,0.269,0.129,0.129,0.269,0.269,-1.071,2.34,2.2,2.2,2.34,2.34,1.0,12.42
'12/07/2021',5.4,5.25,5.25,5.26,5.4,4.06,5.105,0.295,0.145,0.145,0.155,0.295,-1.045,2.34,2.19,2.19,2.2,2.34,1.0,12.26
'13/07/2021',5.4,5.29,5.29,5.25,5.4,4.06,5.115,0.285,0.175,0.175,0.135,0.285,-1.055,2.34,2.23,2.23,2.19,2.34,1.0,12.33
'14/07/2021',5.4,5.29,5.29,5.29,5.29,4.06,5.101,0.299,0.189,0.189,0.189,0.189,-1.041,2.34,2.23,2.23,2.23,2.23,1.0,12.26
'15/07/2021',5.4,5.24,5.24,5.29,5.29,4.06,5.087,0.313,0.153,0.153,0.203,0.203,-1.027,2.34,2.18,2.18,2.23,2.23,1.0,12.16
'16/07/2021',5.24,5.24,5.24,5.29,5.29,4.06,5.057,0.183,0.183,0.183,0.233,0.233,-0.997,2.18,2.18,2.18,2.23,2.23,1.0,12.0
'17/07/2021',5.24,5.29,5.24,5.29,5.29,4.06,5.066,0.174,0.224,0.174,0.224,0.224,-1.006,2.18,2.23,2.18,2.23,2.23,1.0,12.05
'18/07/2021',5.24,5.19,5.19,5.29,5.29,4.06,5.04,0.2,0.15,0.15,0.25,0.25,-0.98,2.18,2.13,2.13,2.23,2.23,1.0,11.9
'19/07/2021',5.24,5.15,5.15,5.29,5.29,4.06,5.029,0.211,0.121,0.121,0.261,0.261,-0.969,2.18,2.09,2.09,2.23,2.23,1.0,11.82
'20/07/2021',5.2,5.15,5.15,5.29,5.29,4.06,5.023,0.177,0.127,0.127,0.267,0.267,-0.963,2.14,2.09,2.09,2.23,2.23,1.0,11.78
'21/07/2021',5.2,5.25,5.25,5.29,5.29,4.06,5.057,0.143,0.193,0.193,0.233,0.233,-0.997,2.14,2.19,2.19,2.23,2.23,1.0,11.98
'22/07/2021',5.2,5.41,5.25,5.29,5.25,4.06,5.077,0.123,0.333,0.173,0.213,0.173,-1.017,2.14,2.35,2.19,2.23,2.19,1.0,12.1
'23/07/2021',5.2,5.41,5.4,5.41,5.41,4.06,5.15,0.05,0.26,0.25,0.26,0.26,-1.09,2.14,2.35,2.34,2.35,2.35,1.0,12.53
'24/07/2021',5.2,5.43,5.43,5.41,5.4,4.06,5.158,0.042,0.272,0.272,0.252,0.242,-1.098,2.14,2.37,2.37,2.35,2.34,1.0,12.57
'25/07/2021',5.2,5.43,5.45,5.41,5.4,4.06,5.16,0.04,0.27,0.29,0.25,0.24,-1.1,2.14,2.37,2.39,2.35,2.34,1.0,12.59
'26/07/2021',5.2,5.38,5.38,5.41,5.4,4.06,5.139,0.061,0.241,0.241,0.271,0.261,-1.079,2.14,2.32,2.32,2.35,2.34,1.0,12.47
'27/07/2021',5.2,5.4,5.4,5.41,5.4,4.06,5.145,0.055,0.255,0.255,0.265,0.255,-1.085,2.14,2.34,2.34,2.35,2.34,1.0,12.51
'28/07/2021',5.2,5.45,5.45,5.41,5.4,4.06,5.161,0.039,0.289,0.289,0.249,0.239,-1.101,2.14,2.39,2.39,2.35,2.34,1.0,12.61
'29/07/2021',5.2,5.45,5.37,5.41,5.4,4.06,5.149,0.051,0.301,0.221,0.261,0.251,-1.089,2.14,2.39,2.31,2.35,2.34,1.0,12.53
'30/07/2021',5.2,5.39,5.39,5.41,5.4,4.06,5.144,0.056,0.246,0.246,0.266,0.256,-1.084,2.14,2.33,2.33,2.35,2.34,1.0,12.49
'31/07/2021',5.2,5.43,5.43,5.41,5.4,4.06,5.158,0.042,0.272,0.272,0.252,0.242,-1.098,2.14,2.37,2.37,2.35,2.34,1.0,12.57
'01/08/2021',5.48,5.43,5.43,5.43,5.43,4.06,5.214,0.266,0.216,0.216,0.216,0.216,-1.154,2.42,2.37,2.37,2.37,2.37,1.0,12.9
'02/08/2021',5.5,5.43,5.5,5.43,5.43,5.48,5.465,0.035,-0.035,0.035,-0.035,-0.035,0.015,1.07,1.0,1.07,1.0,1.0,1.05,6.19
'03/08/2021',5.44,5.44,5.44,5.43,5.43,5.48,5.445,-0.005,-0.005,-0.005,-0.015,-0.015,0.035,1.01,1.01,1.01,1.0,1.0,1.05,6.08
'04/08/2021',5.44,5.44,5.44,5.43,5.43,5.48,5.445,-0.005,-0.005,-0.005,-0.015,-0.015,0.035,1.01,1.01,1.01,1.0,1.0,1.05,6.08
'05/08/2021',5.58,5.58,5.58,5.43,5.43,5.48,5.516,0.064,0.064,0.064,-0.086,-0.086,-0.036,1.15,1.15,1.15,1.0,1.0,1.05,6.5
'06/08/2021',5.58,5.45,5.45,5.58,5.58,5.48,5.523,0.057,-0.073,-0.073,0.057,0.057,-0.043,1.13,1.0,1.0,1.13,1.13,1.03,6.42
'07/08/2021',5.58,5.48,5.48,5.45,5.45,5.48,5.49,0.09,-0.01,-0.01,-0.04,-0.04,-0.01,1.13,1.03,1.03,1.0,1.0,1.03,6.22
'08/08/2021',5.58,5.48,5.48,5.45,5.45,5.48,5.49,0.09,-0.01,-0.01,-0.04,-0.04,-0.01,1.13,1.03,1.03,1.0,1.0,1.03,6.22
'09/08/2021',5.48,5.48,5.48,5.45,5.45,5.48,5.471,0.009,0.009,0.009,-0.021,-0.021,0.009,1.03,1.03,1.03,1.0,1.0,1.03,6.12
'10/08/2021',5.48,5.5,5.5,5.45,5.48,5.48,5.482,-0.002,0.018,0.018,-0.032,-0.002,-0.002,1.03,1.05,1.05,1.0,1.03,1.03,6.19
'11/08/2021',5.53,5.53,5.53,5.45,5.48,5.48,5.5,0.03,0.03,0.03,-0.05,-0.02,-0.02,1.08,1.08,1.08,1.0,1.03,1.03,6.3
'12/08/2021',5.5,5.5,5.5,5.45,5.48,5.48,5.488,0.012,0.012,0.012,-0.038,-0.008,-0.008,1.05,1.05,1.05,1.0,1.03,1.03,6.21
'13/08/2021',5.52,5.52,5.52,5.45,5.48,5.48,5.498,0.022,0.022,0.022,-0.048,-0.018,-0.018,1.07,1.07,1.07,1.0,1.03,1.03,6.27
'14/08/2021',5.58,5.58,5.52,5.45,5.48,5.48,5.516,0.064,0.064,0.004,-0.066,-0.036,-0.036,1.13,1.13,1.07,1.0,1.03,1.03,6.39
'15/08/2021',5.4,5.4,5.4,5.58,5.48,5.48,5.459,-0.059,-0.059,-0.059,0.121,0.021,0.021,1.0,1.0,1.0,1.18,1.08,1.08,6.34
'16/08/2021',5.4,5.38,5.38,5.58,5.48,5.48,5.452,-0.052,-0.072,-0.072,0.128,0.028,0.028,1.02,1.0,1.0,1.2,1.1,1.1,6.42
'17/08/2021',5.48,5.48,5.48,5.38,5.48,5.48,5.462,0.018,0.018,0.018,-0.082,0.018,0.018,1.1,1.1,1.1,1.0,1.1,1.1,6.5
'18/08/2021',5.48,5.53,5.53,5.48,5.48,5.48,5.497,-0.017,0.033,0.033,-0.017,-0.017,-0.017,1.0,1.05,1.05,1.0,1.0,1.0,6.1
'19/08/2021',5.48,5.5,5.5,5.53,5.48,5.48,5.494,-0.014,0.006,0.006,0.036,-0.014,-0.014,1.0,1.02,1.02,1.05,1.0,1.0,6.09
'20/08/2021',5.53,5.53,5.53,5.53,5.48,5.48,5.512,0.018,0.018,0.018,0.018,-0.032,-0.032,1.05,1.05,1.05,1.05,1.0,1.0,6.2
'21/08/2021',5.53,5.53,5.54,5.53,5.53,5.48,5.522,0.008,0.008,0.018,0.008,0.008,-0.042,1.05,1.05,1.06,1.05,1.05,1.0,6.26
