iteration,dna,fitness,training_log.win-rate,training_log.total,training_log.PNL,testing_log.win-rate,testing_log.total,testing_log.PNL,parameters.ott_len,parameters.ott_percent,parameters.stop_loss,parameters.risk_reward,parameters.chop_rsi_len,parameters.chop_bandwidth
99,Tv0(Zs,48.920559217363206,90,11,3.31,100,1,0.36,28,791,85,10,32,285
99,.PFCsR,2.299952371808496,47,57,45.36,36,11,1.71,5,454,183,34,48,164
99,75\adC,2.1984656375367444,37,200,68.9,21,32,-4.78,10,215,280,61,38,109
99,k:VQKm,1.73664040329838,61,34,55.14,20,5,-1.93,43,259,254,46,23,263
99,3S.hwT,1.098392682290544,50,54,37.5,33,12,2.86,8,481,77,67,50,172
99,r6:IS^,1.034863870985674,55,67,37.97,53,13,4.91,47,224,130,39,28,208
99,vBJh]Z,0.9874524395109103,43,53,39.69,37,8,-3.11,49,330,201,67,34,194
99,"[,Y.*j",0.9737822577987155,49,121,41.38,22,18,-2.42,33,135,267,15,3,252
99,l7\gc^,0.9454998231546154,60,35,42.7,25,8,-1.2,43,233,280,66,38,208
99,v@WLkU,0.9368514295461512,46,47,45.51,20,10,-4.43,49,313,258,42,43,175
99,1EkquE,0.9092786772069135,33,156,45.58,27,18,-1.61,7,357,347,75,49,116
99,"tutp,b",0.8974759997659831,50,40,52.45,0,5,-5.75,48,782,387,74,4,223
99,\BHH@l,0.8673456640371792,45,61,42.54,33,9,-1.02,33,330,192,38,17,260
99,4juD3[,0.8306741393926932,36,95,32.91,14,7,-3.13,8,685,391,35,9,197
99,@]*Bg5,0.7432396613724328,62,140,27.38,57,14,1.83,16,570,59,33,40,58
99,Y-j@sZ,0.7421918311460971,56,23,20.73,0,3,-1.74,31,144,342,31,48,194
99,o:JK9p,0.6826044905775327,50,62,32.74,37,8,-0.2,45,259,201,41,12,274
99,^D+leP,0.6719308178055013,46,106,32.53,41,17,1.46,34,348,63,70,39,157
99,+ZOg>n,0.638078643778168,35,70,23.29,33,9,-1.16,3,543,223,66,15,267
99,5H3VCa,0.6205452029798307,37,126,32.34,37,16,4.24,9,384,99,51,18,219
99,"JX,t2j",0.6146533630029727,44,97,30.14,46,13,4.76,22,525,68,77,8,252
99,OXf+R_,0.5921375485428927,60,58,30.93,50,8,4.23,25,525,325,13,28,212
99,7R5S-h,0.5775691816548769,35,152,29.19,35,14,2.41,10,472,108,48,5,245
99,91u6iJ,0.5775396124983586,33,163,31.1,25,27,-3.59,12,180,391,22,41,135
99,5@E5rH,0.5750147592940448,37,168,22.7,43,23,7.03,9,313,178,22,47,127
99,"`8*VG,",0.562373957713548,48,167,27.71,43,23,5.44,36,242,59,51,21,25
99,lR\iHN,0.559757497809875,38,62,35.84,28,7,-4.01,43,472,280,68,21,149
99,fuPw5k,0.5596368225410762,39,43,42.04,12,8,-6.03,39,782,227,80,10,256
99,2D4j*:,0.5498166685183093,32,228,36.17,37,24,1.91,7,348,103,68,3,76
99,"H<XF,l",0.5406817999780262,40,98,31.16,16,12,-5.22,21,277,263,37,4,260
99,Tv0(Zs,48.920559217363206,90,11,3.31,100,1,0.36,28,791,85,10,32,285
99,.PFCsR,2.299952371808496,47,57,45.36,36,11,1.71,5,454,183,34,48,164
99,75\adC,2.1984656375367444,37,200,68.9,21,32,-4.78,10,215,280,61,38,109
99,k:VQKm,1.73664040329838,61,34,55.14,20,5,-1.93,43,259,254,46,23,263
99,3S.hwT,1.098392682290544,50,54,37.5,33,12,2.86,8,481,77,67,50,172
99,r6:IS^,1.034863870985674,55,67,37.97,53,13,4.91,47,224,130,39,28,208
99,vBJh]Z,0.9874524395109103,43,53,39.69,37,8,-3.11,49,330,201,67,34,194
99,"[,Y.*j",0.9737822577987155,49,121,41.38,22,18,-2.42,33,135,267,15,3,252
99,l7\gc^,0.9454998231546154,60,35,42.7,25,8,-1.2,43,233,280,66,38,208
99,v@WLkU,0.9368514295461512,46,47,45.51,20,10,-4.43,49,313,258,42,43,175
99,1EkquE,0.9092786772069135,33,156,45.58,27,18,-1.61,7,357,347,75,49,116
99,"tutp,b",0.8974759997659831,50,40,52.45,0,5,-5.75,48,782,387,74,4,223
99,\BHH@l,0.8673456640371792,45,61,42.54,33,9,-1.02,33,330,192,38,17,260
99,4juD3[,0.8306741393926932,36,95,32.91,14,7,-3.13,8,685,391,35,9,197
99,@]*Bg5,0.7432396613724328,62,140,27.38,57,14,1.83,16,570,59,33,40,58
99,Y-j@sZ,0.7421918311460971,56,23,20.73,0,3,-1.74,31,144,342,31,48,194
99,o:JK9p,0.6826044905775327,50,62,32.74,37,8,-0.2,45,259,201,41,12,274
99,^D+leP,0.6719308178055013,46,106,32.53,41,17,1.46,34,348,63,70,39,157
99,+ZOg>n,0.638078643778168,35,70,23.29,33,9,-1.16,3,543,223,66,15,267
99,5H3VCa,0.6205452029798307,37,126,32.34,37,16,4.24,9,384,99,51,18,219
99,"JX,t2j",0.6146533630029727,44,97,30.14,46,13,4.76,22,525,68,77,8,252
99,OXf+R_,0.5921375485428927,60,58,30.93,50,8,4.23,25,525,325,13,28,212
99,7R5S-h,0.5775691816548769,35,152,29.19,35,14,2.41,10,472,108,48,5,245
99,91u6iJ,0.5775396124983586,33,163,31.1,25,27,-3.59,12,180,391,22,41,135
99,5@E5rH,0.5750147592940448,37,168,22.7,43,23,7.03,9,313,178,22,47,127
99,"`8*VG,",0.562373957713548,48,167,27.71,43,23,5.44,36,242,59,51,21,25
99,lR\iHN,0.559757497809875,38,62,35.84,28,7,-4.01,43,472,280,68,21,149
99,fuPw5k,0.5596368225410762,39,43,42.04,12,8,-6.03,39,782,227,80,10,256
99,2D4j*:,0.5498166685183093,32,228,36.17,37,24,1.91,7,348,103,68,3,76
99,"H<XF,l",0.5406817999780262,40,98,31.16,16,12,-5.22,21,277,263,37,4,260
198,Tv0(Zs,48.920559217363206,90,11,3.31,100,1,0.36,28,791,85,10,32,285
198,.PFCsR,2.299952371808496,47,57,45.36,36,11,1.71,5,454,183,34,48,164
198,75\adC,2.1984656375367444,37,200,68.9,21,32,-4.78,10,215,280,61,38,109
198,3S.hwT,1.098392682290544,50,54,37.5,33,12,2.86,8,481,77,67,50,172
198,vBJh]Z,0.9874524395109103,43,53,39.69,37,8,-3.11,49,330,201,67,34,194
198,"[,Y.*j",0.9737822577987155,49,121,41.38,22,18,-2.42,33,135,267,15,3,252
198,l7\gc^,0.9454998231546154,60,35,42.7,25,8,-1.2,43,233,280,66,38,208
198,v@WLkU,0.9368514295461512,46,47,45.51,20,10,-4.43,49,313,258,42,43,175
198,1EkquE,0.9092786772069135,33,156,45.58,27,18,-1.61,7,357,347,75,49,116
198,"tutp,b",0.8974759997659831,50,40,52.45,0,5,-5.75,48,782,387,74,4,223
198,\BHH@l,0.8673456640371792,45,61,42.54,33,9,-1.02,33,330,192,38,17,260
198,4juD3[,0.8306741393926932,36,95,32.91,14,7,-3.13,8,685,391,35,9,197
198,@]*Bg5,0.7432396613724328,62,140,27.38,57,14,1.83,16,570,59,33,40,58
198,Y-j@sZ,0.7421918311460971,56,23,20.73,0,3,-1.74,31,144,342,31,48,194
198,o:JK9p,0.6826044905775327,50,62,32.74,37,8,-0.2,45,259,201,41,12,274
198,^D+leP,0.6719308178055013,46,106,32.53,41,17,1.46,34,348,63,70,39,157
198,+ZOg>n,0.638078643778168,35,70,23.29,33,9,-1.16,3,543,223,66,15,267
198,5H3VCa,0.6205452029798307,37,126,32.34,37,16,4.24,9,384,99,51,18,219
198,OXf+R_,0.5921375485428927,60,58,30.93,50,8,4.23,25,525,325,13,28,212
198,7R5S-h,0.5775691816548769,35,152,29.19,35,14,2.41,10,472,108,48,5,245
198,91u6iJ,0.5775396124983586,33,163,31.1,25,27,-3.59,12,180,391,22,41,135
198,5@E5rH,0.5750147592940448,37,168,22.7,43,23,7.03,9,313,178,22,47,127
198,"`8*VG,",0.562373957713548,48,167,27.71,43,23,5.44,36,242,59,51,21,25
198,lR\iHN,0.559757497809875,38,62,35.84,28,7,-4.01,43,472,280,68,21,149
198,fuPw5k,0.5596368225410762,39,43,42.04,12,8,-6.03,39,782,227,80,10,256
198,2D4j*:,0.5498166685183093,32,228,36.17,37,24,1.91,7,348,103,68,3,76
198,"H<XF,l",0.5406817999780262,40,98,31.16,16,12,-5.22,21,277,263,37,4,260
198,+D`0XI,0.5341127683553722,29,257,28.25,22,31,3.4,3,348,298,17,31,131
198,a<<sMo,0.5322697883649736,59,27,25.74,33,6,-1.06,36,277,139,76,24,271
198,5S=Q?i,0.527184541676766,37,82,21.83,27,11,-0.59,9,481,143,46,16,249
297,Tv0(Zs,48.920559217363206,90,11,3.31,100,1,0.36,28,791,85,10,32,285
297,.PFCsR,2.299952371808496,47,57,45.36,36,11,1.71,5,454,183,34,48,164
297,75\adC,2.1984656375367444,37,200,68.9,21,32,-4.78,10,215,280,61,38,109
297,3S.hwT,1.098392682290544,50,54,37.5,33,12,2.86,8,481,77,67,50,172
297,vBJh]Z,0.9874524395109103,43,53,39.69,37,8,-3.11,49,330,201,67,34,194
297,"[,Y.*j",0.9737822577987155,49,121,41.38,22,18,-2.42,33,135,267,15,3,252
297,l7\gc^,0.9454998231546154,60,35,42.7,25,8,-1.2,43,233,280,66,38,208
297,1EkquE,0.9092786772069135,33,156,45.58,27,18,-1.61,7,357,347,75,49,116
297,"tutp,b",0.8974759997659831,50,40,52.45,0,5,-5.75,48,782,387,74,4,223
297,@]*Bg5,0.7432396613724328,62,140,27.38,57,14,1.83,16,570,59,33,40,58
297,Y-j@sZ,0.7421918311460971,56,23,20.73,0,3,-1.74,31,144,342,31,48,194
297,o:JK9p,0.6826044905775327,50,62,32.74,37,8,-0.2,45,259,201,41,12,274
297,^D+leP,0.6719308178055013,46,106,32.53,41,17,1.46,34,348,63,70,39,157
297,+ZOg>n,0.638078643778168,35,70,23.29,33,9,-1.16,3,543,223,66,15,267
297,5H3VCa,0.6205452029798307,37,126,32.34,37,16,4.24,9,384,99,51,18,219
297,OXf+R_,0.5921375485428927,60,58,30.93,50,8,4.23,25,525,325,13,28,212
297,7R5S-h,0.5775691816548769,35,152,29.19,35,14,2.41,10,472,108,48,5,245
297,91u6iJ,0.5775396124983586,33,163,31.1,25,27,-3.59,12,180,391,22,41,135
297,5@E5rH,0.5750147592940448,37,168,22.7,43,23,7.03,9,313,178,22,47,127
297,"`8*VG,",0.562373957713548,48,167,27.71,43,23,5.44,36,242,59,51,21,25
297,lR\iHN,0.559757497809875,38,62,35.84,28,7,-4.01,43,472,280,68,21,149
297,fuPw5k,0.5596368225410762,39,43,42.04,12,8,-6.03,39,782,227,80,10,256
297,2D4j*:,0.5498166685183093,32,228,36.17,37,24,1.91,7,348,103,68,3,76
297,"H<XF,l",0.5406817999780262,40,98,31.16,16,12,-5.22,21,277,263,37,4,260
297,+D`0XI,0.5341127683553722,29,257,28.25,22,31,3.4,3,348,298,17,31,131
297,a<<sMo,0.5322697883649736,59,27,25.74,33,6,-1.06,36,277,139,76,24,271
297,5S=Q?i,0.527184541676766,37,82,21.83,27,11,-0.59,9,481,143,46,16,249
297,"a5v:,r",0.489300593074663,44,69,36.07,37,8,-3.12,36,215,396,26,4,282
297,SWJi?Y,0.48547799700654626,36,73,32.8,37,8,-0.92,28,516,201,68,16,190
297,.QVrq_,0.45619756519171967,72,11,13.84,20,5,-0.62,5,463,254,76,46,212
396,Tv0(Zs,48.920559217363206,90,11,3.31,100,1,0.36,28,791,85,10,32,285
396,.PFCsR,2.299952371808496,47,57,45.36,36,11,1.71,5,454,183,34,48,164
396,75\adC,2.1984656375367444,37,200,68.9,21,32,-4.78,10,215,280,61,38,109
396,3S.hwT,1.098392682290544,50,54,37.5,33,12,2.86,8,481,77,67,50,172
396,vBJh]Z,0.9874524395109103,43,53,39.69,37,8,-3.11,49,330,201,67,34,194
396,"[,Y.*j",0.9737822577987155,49,121,41.38,22,18,-2.42,33,135,267,15,3,252
396,l7\gc^,0.9454998231546154,60,35,42.7,25,8,-1.2,43,233,280,66,38,208
396,1EkquE,0.9092786772069135,33,156,45.58,27,18,-1.61,7,357,347,75,49,116
396,"tutp,b",0.8974759997659831,50,40,52.45,0,5,-5.75,48,782,387,74,4,223
396,Y-j@sZ,0.7421918311460971,56,23,20.73,0,3,-1.74,31,144,342,31,48,194
396,o:JK9p,0.6826044905775327,50,62,32.74,37,8,-0.2,45,259,201,41,12,274
396,^D+leP,0.6719308178055013,46,106,32.53,41,17,1.46,34,348,63,70,39,157
396,+ZOg>n,0.638078643778168,35,70,23.29,33,9,-1.16,3,543,223,66,15,267
396,5H3VCa,0.6205452029798307,37,126,32.34,37,16,4.24,9,384,99,51,18,219
396,7R5S-h,0.5775691816548769,35,152,29.19,35,14,2.41,10,472,108,48,5,245
396,91u6iJ,0.5775396124983586,33,163,31.1,25,27,-3.59,12,180,391,22,41,135
396,5@E5rH,0.5750147592940448,37,168,22.7,43,23,7.03,9,313,178,22,47,127
396,"`8*VG,",0.562373957713548,48,167,27.71,43,23,5.44,36,242,59,51,21,25
396,lR\iHN,0.559757497809875,38,62,35.84,28,7,-4.01,43,472,280,68,21,149
396,fuPw5k,0.5596368225410762,39,43,42.04,12,8,-6.03,39,782,227,80,10,256
396,2D4j*:,0.5498166685183093,32,228,36.17,37,24,1.91,7,348,103,68,3,76
396,"H<XF,l",0.5406817999780262,40,98,31.16,16,12,-5.22,21,277,263,37,4,260
396,a<<sMo,0.5322697883649736,59,27,25.74,33,6,-1.06,36,277,139,76,24,271
396,5S=Q?i,0.527184541676766,37,82,21.83,27,11,-0.59,9,481,143,46,16,249
396,"a5v:,r",0.489300593074663,44,69,36.07,37,8,-3.12,36,215,396,26,4,282
396,SWJi?Y,0.48547799700654626,36,73,32.8,37,8,-0.92,28,516,201,68,16,190
396,.QVrq_,0.45619756519171967,72,11,13.84,20,5,-0.62,5,463,254,76,46,212
396,5f6+)7,0.4349089737453946,67,154,17.73,83,12,4.9,9,649,112,13,3,65
396,_7@QqN,0.4263639090785848,44,87,28.24,46,15,3.21,35,233,156,46,46,149
396,4Ptp2B,0.4136466260927206,34,136,35.44,28,14,-1.41,8,454,387,74,8,105
495,Tv0(Zs,48.920559217363206,90,11,3.31,100,1,0.36,28,791,85,10,32,285
495,75\adC,2.1984656375367444,37,200,68.9,21,32,-4.78,10,215,280,61,38,109
495,3S.hwT,1.098392682290544,50,54,37.5,33,12,2.86,8,481,77,67,50,172
495,vBJh]Z,0.9874524395109103,43,53,39.69,37,8,-3.11,49,330,201,67,34,194
495,"[,Y.*j",0.9737822577987155,49,121,41.38,22,18,-2.42,33,135,267,15,3,252
495,l7\gc^,0.9454998231546154,60,35,42.7,25,8,-1.2,43,233,280,66,38,208
495,"tutp,b",0.8974759997659831,50,40,52.45,0,5,-5.75,48,782,387,74,4,223
495,Y-j@sZ,0.7421918311460971,56,23,20.73,0,3,-1.74,31,144,342,31,48,194
495,^D+leP,0.6719308178055013,46,106,32.53,41,17,1.46,34,348,63,70,39,157
495,+ZOg>n,0.638078643778168,35,70,23.29,33,9,-1.16,3,543,223,66,15,267
495,5H3VCa,0.6205452029798307,37,126,32.34,37,16,4.24,9,384,99,51,18,219
495,7R5S-h,0.5775691816548769,35,152,29.19,35,14,2.41,10,472,108,48,5,245
495,5@E5rH,0.5750147592940448,37,168,22.7,43,23,7.03,9,313,178,22,47,127
495,"`8*VG,",0.562373957713548,48,167,27.71,43,23,5.44,36,242,59,51,21,25
495,fuPw5k,0.5596368225410762,39,43,42.04,12,8,-6.03,39,782,227,80,10,256
495,2D4j*:,0.5498166685183093,32,228,36.17,37,24,1.91,7,348,103,68,3,76
495,"H<XF,l",0.5406817999780262,40,98,31.16,16,12,-5.22,21,277,263,37,4,260
495,a<<sMo,0.5322697883649736,59,27,25.74,33,6,-1.06,36,277,139,76,24,271
495,5S=Q?i,0.527184541676766,37,82,21.83,27,11,-0.59,9,481,143,46,16,249
495,"a5v:,r",0.489300593074663,44,69,36.07,37,8,-3.12,36,215,396,26,4,282
495,.QVrq_,0.45619756519171967,72,11,13.84,20,5,-0.62,5,463,254,76,46,212
495,5f6+)7,0.4349089737453946,67,154,17.73,83,12,4.9,9,649,112,13,3,65
495,_7@QqN,0.4263639090785848,44,87,28.24,46,15,3.21,35,233,156,46,46,149
495,4Ptp2B,0.4136466260927206,34,136,35.44,28,14,-1.41,8,454,387,74,8,105
495,5Bl/TL,0.3992644309760701,32,153,26.35,28,21,0.03,9,330,351,16,29,142
495,wK@GeQ,0.3977173093617539,42,68,22.15,30,10,-2.21,50,410,156,37,39,161
495,\ERgMp,0.378746446955677,53,28,16.3,33,6,-2.59,33,357,236,66,24,274
495,9.9F`9,0.37729001741581075,35,275,28.03,17,46,-8.04,12,153,125,37,36,72
495,"OEJO,F",0.3698234745401834,41,105,33.62,20,10,-4.61,25,357,201,45,4,120
495,jVXfX<,0.3690450612464637,37,64,24.67,14,7,-4.53,42,508,263,65,31,83
594,Tv0(Zs,48.920559217363206,90,11,3.31,100,1,0.36,28,791,85,10,32,285
594,75\adC,2.1984656375367444,37,200,68.9,21,32,-4.78,10,215,280,61,38,109
594,3S.hwT,1.098392682290544,50,54,37.5,33,12,2.86,8,481,77,67,50,172
594,vBJh]Z,0.9874524395109103,43,53,39.69,37,8,-3.11,49,330,201,67,34,194
594,"[,Y.*j",0.9737822577987155,49,121,41.38,22,18,-2.42,33,135,267,15,3,252
594,"tutp,b",0.8974759997659831,50,40,52.45,0,5,-5.75,48,782,387,74,4,223
594,Y-j@sZ,0.7421918311460971,56,23,20.73,0,3,-1.74,31,144,342,31,48,194
594,^D+leP,0.6719308178055013,46,106,32.53,41,17,1.46,34,348,63,70,39,157
594,+ZOg>n,0.638078643778168,35,70,23.29,33,9,-1.16,3,543,223,66,15,267
594,5H3VCa,0.6205452029798307,37,126,32.34,37,16,4.24,9,384,99,51,18,219
594,5@E5rH,0.5750147592940448,37,168,22.7,43,23,7.03,9,313,178,22,47,127
594,fuPw5k,0.5596368225410762,39,43,42.04,12,8,-6.03,39,782,227,80,10,256
594,"H<XF,l",0.5406817999780262,40,98,31.16,16,12,-5.22,21,277,263,37,4,260
594,a<<sMo,0.5322697883649736,59,27,25.74,33,6,-1.06,36,277,139,76,24,271
594,5S=Q?i,0.527184541676766,37,82,21.83,27,11,-0.59,9,481,143,46,16,249
594,"a5v:,r",0.489300593074663,44,69,36.07,37,8,-3.12,36,215,396,26,4,282
594,.QVrq_,0.45619756519171967,72,11,13.84,20,5,-0.62,5,463,254,76,46,212
594,5f6+)7,0.4349089737453946,67,154,17.73,83,12,4.9,9,649,112,13,3,65
594,_7@QqN,0.4263639090785848,44,87,28.24,46,15,3.21,35,233,156,46,46,149
594,5Bl/TL,0.3992644309760701,32,153,26.35,28,21,0.03,9,330,351,16,29,142
594,wK@GeQ,0.3977173093617539,42,68,22.15,30,10,-2.21,50,410,156,37,39,161
594,\ERgMp,0.378746446955677,53,28,16.3,33,6,-2.59,33,357,236,66,24,274
594,9.9F`9,0.37729001741581075,35,275,28.03,17,46,-8.04,12,153,125,37,36,72
594,"OEJO,F",0.3698234745401834,41,105,33.62,20,10,-4.61,25,357,201,45,4,120
594,jVXfX<,0.3690450612464637,37,64,24.67,14,7,-4.53,42,508,263,65,31,83
594,*W44N`,0.3568456844050576,50,68,12.29,46,13,2.81,2,516,103,21,25,216
594,RcvHf_,0.35672236115002265,53,28,17.13,16,6,-4.14,27,623,396,38,40,212
594,Q[FofV,0.3503092826397897,41,55,23.07,28,7,-2.57,26,552,183,73,40,179
594,mO4dGF,0.35002636905656587,38,97,21.19,30,13,-1.66,44,446,103,63,21,120
594,)TQ<w\,0.34297661520168227,36,11,6.5,28,7,-1.36,2,490,232,28,50,201
693,Tv0(Zs,48.920559217363206,90,11,3.31,100,1,0.36,28,791,85,10,32,285
693,3S.hwT,1.098392682290544,50,54,37.5,33,12,2.86,8,481,77,67,50,172
693,"[,Y.*j",0.9737822577987155,49,121,41.38,22,18,-2.42,33,135,267,15,3,252
693,"tutp,b",0.8974759997659831,50,40,52.45,0,5,-5.75,48,782,387,74,4,223
693,Y-j@sZ,0.7421918311460971,56,23,20.73,0,3,-1.74,31,144,342,31,48,194
693,^D+leP,0.6719308178055013,46,106,32.53,41,17,1.46,34,348,63,70,39,157
693,+ZOg>n,0.638078643778168,35,70,23.29,33,9,-1.16,3,543,223,66,15,267
693,5H3VCa,0.6205452029798307,37,126,32.34,37,16,4.24,9,384,99,51,18,219
693,5@E5rH,0.5750147592940448,37,168,22.7,43,23,7.03,9,313,178,22,47,127
693,fuPw5k,0.5596368225410762,39,43,42.04,12,8,-6.03,39,782,227,80,10,256
693,"H<XF,l",0.5406817999780262,40,98,31.16,16,12,-5.22,21,277,263,37,4,260
693,a<<sMo,0.5322697883649736,59,27,25.74,33,6,-1.06,36,277,139,76,24,271
693,5S=Q?i,0.527184541676766,37,82,21.83,27,11,-0.59,9,481,143,46,16,249
693,"a5v:,r",0.489300593074663,44,69,36.07,37,8,-3.12,36,215,396,26,4,282
693,.QVrq_,0.45619756519171967,72,11,13.84,20,5,-0.62,5,463,254,76,46,212
693,_7@QqN,0.4263639090785848,44,87,28.24,46,15,3.21,35,233,156,46,46,149
693,5Bl/TL,0.3992644309760701,32,153,26.35,28,21,0.03,9,330,351,16,29,142
693,wK@GeQ,0.3977173093617539,42,68,22.15,30,10,-2.21,50,410,156,37,39,161
693,\ERgMp,0.378746446955677,53,28,16.3,33,6,-2.59,33,357,236,66,24,274
693,jVXfX<,0.3690450612464637,37,64,24.67,14,7,-4.53,42,508,263,65,31,83
693,*W44N`,0.3568456844050576,50,68,12.29,46,13,2.81,2,516,103,21,25,216
693,Q[FofV,0.3503092826397897,41,55,23.07,28,7,-2.57,26,552,183,73,40,179
693,mO4dGF,0.35002636905656587,38,97,21.19,30,13,-1.66,44,446,103,63,21,120
693,\BAZGb,0.3401384603713543,40,71,22.33,36,11,-3.44,33,330,161,54,21,223
693,t;FMPb,0.3364868146248907,47,53,22.55,33,6,1.33,48,268,183,43,26,223
693,gKT*`t,0.32975298523625446,83,6,6.18,0,1,-1.31,40,410,245,12,36,289
693,5TKdDm,0.32145638246617947,37,51,17.75,22,9,-3.44,9,490,205,63,19,263
693,CE)V>;,0.3201234207215319,47,197,19.86,57,21,7.03,18,357,54,51,15,80
693,tGVME/,0.3029342622556675,35,74,20.06,20,10,-4.75,48,375,254,43,20,36
693,wLXY\1,0.3001004867747589,36,71,20.85,14,7,-4.76,50,419,263,53,34,43
792,Tv0(Zs,48.920559217363206,90,11,3.31,100,1,0.36,28,791,85,10,32,285
792,3S.hwT,1.098392682290544,50,54,37.5,33,12,2.86,8,481,77,67,50,172
792,"[,Y.*j",0.9737822577987155,49,121,41.38,22,18,-2.42,33,135,267,15,3,252
792,"tutp,b",0.8974759997659831,50,40,52.45,0,5,-5.75,48,782,387,74,4,223
792,Y-j@sZ,0.7421918311460971,56,23,20.73,0,3,-1.74,31,144,342,31,48,194
792,^D+leP,0.6719308178055013,46,106,32.53,41,17,1.46,34,348,63,70,39,157
792,+ZOg>n,0.638078643778168,35,70,23.29,33,9,-1.16,3,543,223,66,15,267
792,5H3VCa,0.6205452029798307,37,126,32.34,37,16,4.24,9,384,99,51,18,219
792,5@E5rH,0.5750147592940448,37,168,22.7,43,23,7.03,9,313,178,22,47,127
792,fuPw5k,0.5596368225410762,39,43,42.04,12,8,-6.03,39,782,227,80,10,256
792,"H<XF,l",0.5406817999780262,40,98,31.16,16,12,-5.22,21,277,263,37,4,260
792,5S=Q?i,0.527184541676766,37,82,21.83,27,11,-0.59,9,481,143,46,16,249
792,"a5v:,r",0.489300593074663,44,69,36.07,37,8,-3.12,36,215,396,26,4,282
792,.QVrq_,0.45619756519171967,72,11,13.84,20,5,-0.62,5,463,254,76,46,212
792,_7@QqN,0.4263639090785848,44,87,28.24,46,15,3.21,35,233,156,46,46,149
792,5Bl/TL,0.3992644309760701,32,153,26.35,28,21,0.03,9,330,351,16,29,142
792,wK@GeQ,0.3977173093617539,42,68,22.15,30,10,-2.21,50,410,156,37,39,161
792,\ERgMp,0.378746446955677,53,28,16.3,33,6,-2.59,33,357,236,66,24,274
792,jVXfX<,0.3690450612464637,37,64,24.67,14,7,-4.53,42,508,263,65,31,83
792,Q[FofV,0.3503092826397897,41,55,23.07,28,7,-2.57,26,552,183,73,40,179
792,mO4dGF,0.35002636905656587,38,97,21.19,30,13,-1.66,44,446,103,63,21,120
792,\BAZGb,0.3401384603713543,40,71,22.33,36,11,-3.44,33,330,161,54,21,223
792,t;FMPb,0.3364868146248907,47,53,22.55,33,6,1.33,48,268,183,43,26,223
792,gKT*`t,0.32975298523625446,83,6,6.18,0,1,-1.31,40,410,245,12,36,289
792,5TKdDm,0.32145638246617947,37,51,17.75,22,9,-3.44,9,490,205,63,19,263
792,CE)V>;,0.3201234207215319,47,197,19.86,57,21,7.03,18,357,54,51,15,80
792,tGVME/,0.3029342622556675,35,74,20.06,20,10,-4.75,48,375,254,43,20,36
792,wLXY\1,0.3001004867747589,36,71,20.85,14,7,-4.76,50,419,263,53,34,43
792,PD1>V<,0.29858683960951626,54,163,20.0,55,20,3.96,26,348,90,29,30,83
792,YO><L_,0.2894906556556554,53,69,20.56,50,10,5.23,31,446,147,28,24,212
891,Tv0(Zs,48.920559217363206,90,11,3.31,100,1,0.36,28,791,85,10,32,285
891,3S.hwT,1.098392682290544,50,54,37.5,33,12,2.86,8,481,77,67,50,172
891,"[,Y.*j",0.9737822577987155,49,121,41.38,22,18,-2.42,33,135,267,15,3,252
891,"tutp,b",0.8974759997659831,50,40,52.45,0,5,-5.75,48,782,387,74,4,223
891,Y-j@sZ,0.7421918311460971,56,23,20.73,0,3,-1.74,31,144,342,31,48,194
891,^D+leP,0.6719308178055013,46,106,32.53,41,17,1.46,34,348,63,70,39,157
891,+ZOg>n,0.638078643778168,35,70,23.29,33,9,-1.16,3,543,223,66,15,267
891,5@E5rH,0.5750147592940448,37,168,22.7,43,23,7.03,9,313,178,22,47,127
891,fuPw5k,0.5596368225410762,39,43,42.04,12,8,-6.03,39,782,227,80,10,256
891,"H<XF,l",0.5406817999780262,40,98,31.16,16,12,-5.22,21,277,263,37,4,260
891,5S=Q?i,0.527184541676766,37,82,21.83,27,11,-0.59,9,481,143,46,16,249
891,"a5v:,r",0.489300593074663,44,69,36.07,37,8,-3.12,36,215,396,26,4,282
891,_7@QqN,0.4263639090785848,44,87,28.24,46,15,3.21,35,233,156,46,46,149
891,5Bl/TL,0.3992644309760701,32,153,26.35,28,21,0.03,9,330,351,16,29,142
891,wK@GeQ,0.3977173093617539,42,68,22.15,30,10,-2.21,50,410,156,37,39,161
891,\ERgMp,0.378746446955677,53,28,16.3,33,6,-2.59,33,357,236,66,24,274
891,jVXfX<,0.3690450612464637,37,64,24.67,14,7,-4.53,42,508,263,65,31,83
891,Q[FofV,0.3503092826397897,41,55,23.07,28,7,-2.57,26,552,183,73,40,179
891,mO4dGF,0.35002636905656587,38,97,21.19,30,13,-1.66,44,446,103,63,21,120
891,\BAZGb,0.3401384603713543,40,71,22.33,36,11,-3.44,33,330,161,54,21,223
891,t;FMPb,0.3364868146248907,47,53,22.55,33,6,1.33,48,268,183,43,26,223
891,gKT*`t,0.32975298523625446,83,6,6.18,0,1,-1.31,40,410,245,12,36,289
891,5TKdDm,0.32145638246617947,37,51,17.75,22,9,-3.44,9,490,205,63,19,263
891,CE)V>;,0.3201234207215319,47,197,19.86,57,21,7.03,18,357,54,51,15,80
891,wLXY\1,0.3001004867747589,36,71,20.85,14,7,-4.76,50,419,263,53,34,43
891,PD1>V<,0.29858683960951626,54,163,20.0,55,20,3.96,26,348,90,29,30,83
891,<S*w?2,0.28388600601592273,34,188,21.9,41,17,4.17,13,481,59,80,16,47
891,CRg4wH,0.25637443041189695,40,85,22.04,44,9,0.95,18,472,329,21,50,127
891,07t1iJ,0.24419021470215424,30,199,23.05,26,30,-1.64,6,233,387,18,41,135
891,",jiF3Y",0.22185964611328596,27,136,28.09,45,11,0.43,3,685,338,37,9,190
990,Tv0(Zs,48.920559217363206,90,11,3.31,100,1,0.36,28,791,85,10,32,285
990,"[,Y.*j",0.9737822577987155,49,121,41.38,22,18,-2.42,33,135,267,15,3,252
990,Y-j@sZ,0.7421918311460971,56,23,20.73,0,3,-1.74,31,144,342,31,48,194
990,^D+leP,0.6719308178055013,46,106,32.53,41,17,1.46,34,348,63,70,39,157
990,+ZOg>n,0.638078643778168,35,70,23.29,33,9,-1.16,3,543,223,66,15,267
990,5@E5rH,0.5750147592940448,37,168,22.7,43,23,7.03,9,313,178,22,47,127
990,fuPw5k,0.5596368225410762,39,43,42.04,12,8,-6.03,39,782,227,80,10,256
990,"H<XF,l",0.5406817999780262,40,98,31.16,16,12,-5.22,21,277,263,37,4,260
990,5S=Q?i,0.527184541676766,37,82,21.83,27,11,-0.59,9,481,143,46,16,249
990,wK@GeQ,0.3977173093617539,42,68,22.15,30,10,-2.21,50,410,156,37,39,161
990,\ERgMp,0.378746446955677,53,28,16.3,33,6,-2.59,33,357,236,66,24,274
990,jVXfX<,0.3690450612464637,37,64,24.67,14,7,-4.53,42,508,263,65,31,83
990,Q[FofV,0.3503092826397897,41,55,23.07,28,7,-2.57,26,552,183,73,40,179
990,mO4dGF,0.35002636905656587,38,97,21.19,30,13,-1.66,44,446,103,63,21,120
990,\BAZGb,0.3401384603713543,40,71,22.33,36,11,-3.44,33,330,161,54,21,223
990,t;FMPb,0.3364868146248907,47,53,22.55,33,6,1.33,48,268,183,43,26,223
990,gKT*`t,0.32975298523625446,83,6,6.18,0,1,-1.31,40,410,245,12,36,289
990,5TKdDm,0.32145638246617947,37,51,17.75,22,9,-3.44,9,490,205,63,19,263
990,wLXY\1,0.3001004867747589,36,71,20.85,14,7,-4.76,50,419,263,53,34,43
990,<S*w?2,0.28388600601592273,34,188,21.9,41,17,4.17,13,481,59,80,16,47
990,CRg4wH,0.25637443041189695,40,85,22.04,44,9,0.95,18,472,329,21,50,127
990,07t1iJ,0.24419021470215424,30,199,23.05,26,30,-1.64,6,233,387,18,41,135
990,",jiF3Y",0.22185964611328596,27,136,28.09,45,11,0.43,3,685,338,37,9,190
990,m@7bp/,0.22041218809267465,42,113,20.42,25,16,-3.41,44,313,116,61,46,36
990,H<-\5i,0.20548718459221862,45,140,23.73,30,20,-3.11,21,277,72,56,10,249
990,DFRlX-,0.20371832300647788,38,112,21.16,27,11,-1.95,18,366,236,70,31,28
990,;(o/-K,0.19920385388979747,33,278,16.2,28,38,-1.48,13,100,365,16,5,138
990,qAAIr^,0.198826801057235,47,21,9.29,20,5,-2.35,46,322,161,39,47,208
990,G5M(hV,0.19616088981267732,61,68,8.34,69,13,5.3,20,215,214,10,41,179
990,5swn)a,0.1961214759399178,30,86,13.25,8,12,-6.03,9,765,400,72,3,219
1089,Tv0(Zs,48.920559217363206,90,11,3.31,100,1,0.36,28,791,85,10,32,285
1089,+ZOg>n,0.638078643778168,35,70,23.29,33,9,-1.16,3,543,223,66,15,267
1089,5@E5rH,0.5750147592940448,37,168,22.7,43,23,7.03,9,313,178,22,47,127
1089,fuPw5k,0.5596368225410762,39,43,42.04,12,8,-6.03,39,782,227,80,10,256
1089,"H<XF,l",0.5406817999780262,40,98,31.16,16,12,-5.22,21,277,263,37,4,260
1089,5S=Q?i,0.527184541676766,37,82,21.83,27,11,-0.59,9,481,143,46,16,249
1089,wK@GeQ,0.3977173093617539,42,68,22.15,30,10,-2.21,50,410,156,37,39,161
1089,\ERgMp,0.378746446955677,53,28,16.3,33,6,-2.59,33,357,236,66,24,274
1089,jVXfX<,0.3690450612464637,37,64,24.67,14,7,-4.53,42,508,263,65,31,83
1089,Q[FofV,0.3503092826397897,41,55,23.07,28,7,-2.57,26,552,183,73,40,179
1089,mO4dGF,0.35002636905656587,38,97,21.19,30,13,-1.66,44,446,103,63,21,120
1089,\BAZGb,0.3401384603713543,40,71,22.33,36,11,-3.44,33,330,161,54,21,223
1089,t;FMPb,0.3364868146248907,47,53,22.55,33,6,1.33,48,268,183,43,26,223
1089,gKT*`t,0.32975298523625446,83,6,6.18,0,1,-1.31,40,410,245,12,36,289
1089,5TKdDm,0.32145638246617947,37,51,17.75,22,9,-3.44,9,490,205,63,19,263
1089,wLXY\1,0.3001004867747589,36,71,20.85,14,7,-4.76,50,419,263,53,34,43
1089,<S*w?2,0.28388600601592273,34,188,21.9,41,17,4.17,13,481,59,80,16,47
1089,CRg4wH,0.25637443041189695,40,85,22.04,44,9,0.95,18,472,329,21,50,127
1089,07t1iJ,0.24419021470215424,30,199,23.05,26,30,-1.64,6,233,387,18,41,135
1089,m@7bp/,0.22041218809267465,42,113,20.42,25,16,-3.41,44,313,116,61,46,36
1089,H<-\5i,0.20548718459221862,45,140,23.73,30,20,-3.11,21,277,72,56,10,249
1089,DFRlX-,0.20371832300647788,38,112,21.16,27,11,-1.95,18,366,236,70,31,28
1089,;(o/-K,0.19920385388979747,33,278,16.2,28,38,-1.48,13,100,365,16,5,138
1089,G5M(hV,0.19616088981267732,61,68,8.34,69,13,5.3,20,215,214,10,41,179
1089,5swn)a,0.1961214759399178,30,86,13.25,8,12,-6.03,9,765,400,72,3,219
1089,"9XS,_)",0.1862996661281474,46,130,14.09,42,14,2.82,12,525,241,14,35,14
1089,<A?I4^,0.18193749355005479,38,159,45.22,35,17,5.35,13,322,152,39,9,208
1089,/N7r.J,0.1810176534816764,30,193,13.97,25,16,-0.27,5,437,116,76,6,135
1089,><r+c-,0.1786305639428236,39,161,18.91,44,18,5.83,15,277,378,13,38,28
1089,F/0eI[,0.1770548820370044,40,154,33.68,42,21,2.91,20,162,85,64,22,197
1188,Tv0(Zs,48.920559217363206,90,11,3.31,100,1,0.36,28,791,85,10,32,285
1188,5@E5rH,0.5750147592940448,37,168,22.7,43,23,7.03,9,313,178,22,47,127
1188,"H<XF,l",0.5406817999780262,40,98,31.16,16,12,-5.22,21,277,263,37,4,260
1188,5S=Q?i,0.527184541676766,37,82,21.83,27,11,-0.59,9,481,143,46,16,249
1188,\ERgMp,0.378746446955677,53,28,16.3,33,6,-2.59,33,357,236,66,24,274
1188,Q[FofV,0.3503092826397897,41,55,23.07,28,7,-2.57,26,552,183,73,40,179
1188,mO4dGF,0.35002636905656587,38,97,21.19,30,13,-1.66,44,446,103,63,21,120
1188,\BAZGb,0.3401384603713543,40,71,22.33,36,11,-3.44,33,330,161,54,21,223
1188,t;FMPb,0.3364868146248907,47,53,22.55,33,6,1.33,48,268,183,43,26,223
1188,gKT*`t,0.32975298523625446,83,6,6.18,0,1,-1.31,40,410,245,12,36,289
1188,5TKdDm,0.32145638246617947,37,51,17.75,22,9,-3.44,9,490,205,63,19,263
1188,wLXY\1,0.3001004867747589,36,71,20.85,14,7,-4.76,50,419,263,53,34,43
1188,<S*w?2,0.28388600601592273,34,188,21.9,41,17,4.17,13,481,59,80,16,47
1188,07t1iJ,0.24419021470215424,30,199,23.05,26,30,-1.64,6,233,387,18,41,135
1188,m@7bp/,0.22041218809267465,42,113,20.42,25,16,-3.41,44,313,116,61,46,36
1188,H<-\5i,0.20548718459221862,45,140,23.73,30,20,-3.11,21,277,72,56,10,249
1188,DFRlX-,0.20371832300647788,38,112,21.16,27,11,-1.95,18,366,236,70,31,28
1188,;(o/-K,0.19920385388979747,33,278,16.2,28,38,-1.48,13,100,365,16,5,138
1188,"9XS,_)",0.1862996661281474,46,130,14.09,42,14,2.82,12,525,241,14,35,14
1188,<A?I4^,0.18193749355005479,38,159,45.22,35,17,5.35,13,322,152,39,9,208
1188,F/0eI[,0.1770548820370044,40,154,33.68,42,21,2.91,20,162,85,64,22,197
1188,_(KrZG,0.16706965741654994,40,145,18.09,28,21,-4.73,35,100,205,76,32,124
1188,oA0qI^,0.1666410305139322,45,77,36.93,35,14,-0.85,45,322,85,75,22,208
1188,",P`(eV",0.16576454238562707,50,60,20.73,58,12,8.04,3,454,298,10,39,179
1188,"M[,q.f",0.1606847895974363,38,92,10.67,25,12,-3.19,24,552,68,75,6,238
1188,"1Pj:,K",0.15977388063872314,28,143,14.43,35,14,-1.15,7,454,342,26,4,138
1188,@Om:db,0.15873551382809029,44,25,10.94,20,5,-2.7,16,446,356,26,38,223
1188,oD0]I<,0.1574500157233973,44,122,33.26,37,16,-0.77,45,348,85,57,22,83
1188,AQr2pa,0.15235919182968985,47,19,10.64,50,6,-0.87,17,463,378,19,46,219
1188,LH0k\o,0.15167156269018697,50,12,7.97,20,5,-1.93,23,384,85,69,34,271
1287,Tv0(Zs,48.920559217363206,90,11,3.31,100,1,0.36,28,791,85,10,32,285
1287,5@E5rH,0.5750147592940448,37,168,22.7,43,23,7.03,9,313,178,22,47,127
1287,"H<XF,l",0.5406817999780262,40,98,31.16,16,12,-5.22,21,277,263,37,4,260
1287,5S=Q?i,0.527184541676766,37,82,21.83,27,11,-0.59,9,481,143,46,16,249
1287,\ERgMp,0.378746446955677,53,28,16.3,33,6,-2.59,33,357,236,66,24,274
1287,Q[FofV,0.3503092826397897,41,55,23.07,28,7,-2.57,26,552,183,73,40,179
1287,mO4dGF,0.35002636905656587,38,97,21.19,30,13,-1.66,44,446,103,63,21,120
1287,t;FMPb,0.3364868146248907,47,53,22.55,33,6,1.33,48,268,183,43,26,223
1287,5TKdDm,0.32145638246617947,37,51,17.75,22,9,-3.44,9,490,205,63,19,263
1287,wLXY\1,0.3001004867747589,36,71,20.85,14,7,-4.76,50,419,263,53,34,43
1287,<S*w?2,0.28388600601592273,34,188,21.9,41,17,4.17,13,481,59,80,16,47
1287,07t1iJ,0.24419021470215424,30,199,23.05,26,30,-1.64,6,233,387,18,41,135
1287,m@7bp/,0.22041218809267465,42,113,20.42,25,16,-3.41,44,313,116,61,46,36
1287,DFRlX-,0.20371832300647788,38,112,21.16,27,11,-1.95,18,366,236,70,31,28
1287,+BFdKD,0.20197551612677425,29,295,38.89,24,29,-2.33,3,330,183,63,23,113
1287,;(o/-K,0.19920385388979747,33,278,16.2,28,38,-1.48,13,100,365,16,5,138
1287,+BFG)D,0.1986508563270269,26,324,32.58,22,31,-0.86,3,330,183,37,3,113
1287,"9XS,_)",0.1862996661281474,46,130,14.09,42,14,2.82,12,525,241,14,35,14
1287,<A?I4^,0.18193749355005479,38,159,45.22,35,17,5.35,13,322,152,39,9,208
1287,F/0eI[,0.1770548820370044,40,154,33.68,42,21,2.91,20,162,85,64,22,197
1287,oA0qI^,0.1666410305139322,45,77,36.93,35,14,-0.85,45,322,85,75,22,208
1287,",P`(eV",0.16576454238562707,50,60,20.73,58,12,8.04,3,454,298,10,39,179
1287,"1Pj:,K",0.15977388063872314,28,143,14.43,35,14,-1.15,7,454,342,26,4,138
1287,@Om:db,0.15873551382809029,44,25,10.94,20,5,-2.7,16,446,356,26,38,223
1287,AQr2pa,0.15235919182968985,47,19,10.64,50,6,-0.87,17,463,378,19,46,219
1287,LH0k\o,0.15167156269018697,50,12,7.97,20,5,-1.93,23,384,85,69,34,271
1287,`Ol@gL,0.15140869288212502,29,65,9.47,25,8,-2.95,36,446,351,31,40,142
1287,e<I(af,0.14885567329919436,80,20,6.6,66,6,1.2,39,277,196,10,37,238
1287,:JFX)1,0.14541095662717593,34,143,42.36,30,13,-1.86,12,401,183,53,3,43
1287,[B/d7D,0.14479729968126887,46,134,49.17,35,17,-2.48,33,330,81,63,11,113
1386,Tv0(Zs,48.920559217363206,90,11,3.31,100,1,0.36,28,791,85,10,32,285
1386,5@E5rH,0.5750147592940448,37,168,22.7,43,23,7.03,9,313,178,22,47,127
1386,"H<XF,l",0.5406817999780262,40,98,31.16,16,12,-5.22,21,277,263,37,4,260
1386,\ERgMp,0.378746446955677,53,28,16.3,33,6,-2.59,33,357,236,66,24,274
1386,Q[FofV,0.3503092826397897,41,55,23.07,28,7,-2.57,26,552,183,73,40,179
1386,t;FMPb,0.3364868146248907,47,53,22.55,33,6,1.33,48,268,183,43,26,223
1386,5TKdDm,0.32145638246617947,37,51,17.75,22,9,-3.44,9,490,205,63,19,263
1386,wLXY\1,0.3001004867747589,36,71,20.85,14,7,-4.76,50,419,263,53,34,43
1386,<S*w?2,0.28388600601592273,34,188,21.9,41,17,4.17,13,481,59,80,16,47
1386,07t1iJ,0.24419021470215424,30,199,23.05,26,30,-1.64,6,233,387,18,41,135
1386,m@7bp/,0.22041218809267465,42,113,20.42,25,16,-3.41,44,313,116,61,46,36
1386,DFRlX-,0.20371832300647788,38,112,21.16,27,11,-1.95,18,366,236,70,31,28
1386,+BFdKD,0.20197551612677425,29,295,38.89,24,29,-2.33,3,330,183,63,23,113
1386,;(o/-K,0.19920385388979747,33,278,16.2,28,38,-1.48,13,100,365,16,5,138
1386,+BFG)D,0.1986508563270269,26,324,32.58,22,31,-0.86,3,330,183,37,3,113
1386,"9XS,_)",0.1862996661281474,46,130,14.09,42,14,2.82,12,525,241,14,35,14
1386,<A?I4^,0.18193749355005479,38,159,45.22,35,17,5.35,13,322,152,39,9,208
1386,F/0eI[,0.1770548820370044,40,154,33.68,42,21,2.91,20,162,85,64,22,197
1386,",P`(eV",0.16576454238562707,50,60,20.73,58,12,8.04,3,454,298,10,39,179
1386,"1Pj:,K",0.15977388063872314,28,143,14.43,35,14,-1.15,7,454,342,26,4,138
1386,@Om:db,0.15873551382809029,44,25,10.94,20,5,-2.7,16,446,356,26,38,223
1386,AQr2pa,0.15235919182968985,47,19,10.64,50,6,-0.87,17,463,378,19,46,219
1386,LH0k\o,0.15167156269018697,50,12,7.97,20,5,-1.93,23,384,85,69,34,271
1386,`Ol@gL,0.15140869288212502,29,65,9.47,25,8,-2.95,36,446,351,31,40,142
1386,e<I(af,0.14885567329919436,80,20,6.6,66,6,1.2,39,277,196,10,37,238
1386,:JFX)1,0.14541095662717593,34,143,42.36,30,13,-1.86,12,401,183,53,3,43
1386,oD0\I<,0.1441365391605497,44,122,30.41,37,16,-0.89,45,348,85,56,22,83
1386,oB4dID,0.14152484754347777,45,118,56.11,35,14,-2.13,45,330,103,63,22,113
1386,iY2;Lq,0.12976612882972813,76,21,8.08,71,7,3.53,41,534,94,27,24,278
1386,2c0HI_,0.12799016315465564,47,92,21.02,50,16,5.48,7,623,85,38,22,212
1485,Tv0(Zs,48.920559217363206,90,11,3.31,100,1,0.36,28,791,85,10,32,285
1485,5@E5rH,0.5750147592940448,37,168,22.7,43,23,7.03,9,313,178,22,47,127
1485,"H<XF,l",0.5406817999780262,40,98,31.16,16,12,-5.22,21,277,263,37,4,260
1485,\ERgMp,0.378746446955677,53,28,16.3,33,6,-2.59,33,357,236,66,24,274
1485,Q[FofV,0.3503092826397897,41,55,23.07,28,7,-2.57,26,552,183,73,40,179
1485,t;FMPb,0.3364868146248907,47,53,22.55,33,6,1.33,48,268,183,43,26,223
1485,5TKdDm,0.32145638246617947,37,51,17.75,22,9,-3.44,9,490,205,63,19,263
1485,<S*w?2,0.28388600601592273,34,188,21.9,41,17,4.17,13,481,59,80,16,47
1485,07t1iJ,0.24419021470215424,30,199,23.05,26,30,-1.64,6,233,387,18,41,135
1485,m@7bp/,0.22041218809267465,42,113,20.42,25,16,-3.41,44,313,116,61,46,36
1485,DFRlX-,0.20371832300647788,38,112,21.16,27,11,-1.95,18,366,236,70,31,28
1485,+BFdKD,0.20197551612677425,29,295,38.89,24,29,-2.33,3,330,183,63,23,113
1485,"9XS,_)",0.1862996661281474,46,130,14.09,42,14,2.82,12,525,241,14,35,14
1485,<A?I4^,0.18193749355005479,38,159,45.22,35,17,5.35,13,322,152,39,9,208
1485,F/0eI[,0.1770548820370044,40,154,33.68,42,21,2.91,20,162,85,64,22,197
1485,",P`(eV",0.16576454238562707,50,60,20.73,58,12,8.04,3,454,298,10,39,179
1485,@Om:db,0.15873551382809029,44,25,10.94,20,5,-2.7,16,446,356,26,38,223
1485,AQr2pa,0.15235919182968985,47,19,10.64,50,6,-0.87,17,463,378,19,46,219
1485,LH0k\o,0.15167156269018697,50,12,7.97,20,5,-1.93,23,384,85,69,34,271
1485,`Ol@gL,0.15140869288212502,29,65,9.47,25,8,-2.95,36,446,351,31,40,142
1485,e<I(af,0.14885567329919436,80,20,6.6,66,6,1.2,39,277,196,10,37,238
1485,:JFX)1,0.14541095662717593,34,143,42.36,30,13,-1.86,12,401,183,53,3,43
1485,oD0\I<,0.1441365391605497,44,122,30.41,37,16,-0.89,45,348,85,56,22,83
1485,oB4dID,0.14152484754347777,45,118,56.11,35,14,-2.13,45,330,103,63,22,113
1485,i7nMgb,0.13819195443751248,54,24,28.38,0,4,-2.04,41,233,360,43,40,223
1485,iY2;Lq,0.12976612882972813,76,21,8.08,71,7,3.53,41,534,94,27,24,278
1485,2c0HI_,0.12799016315465564,47,92,21.02,50,16,5.48,7,623,85,38,22,212
1485,D9YmB.,0.12237086614675222,35,139,12.09,42,14,-1.17,18,251,267,71,18,32
1485,9YC;(q,0.11995355419239344,40,109,18.57,33,9,-2.36,12,534,170,27,2,278
1485,+BFdrD,0.11832944355677184,26,263,26.97,24,29,-2.82,3,330,183,63,47,113
1584,Tv0(Zs,48.920559217363206,90,11,3.31,100,1,0.36,28,791,85,10,32,285
1584,5@E5rH,0.5750147592940448,37,168,22.7,43,23,7.03,9,313,178,22,47,127
1584,"H<XF,l",0.5406817999780262,40,98,31.16,16,12,-5.22,21,277,263,37,4,260
1584,\ERgMp,0.378746446955677,53,28,16.3,33,6,-2.59,33,357,236,66,24,274
1584,Q[FofV,0.3503092826397897,41,55,23.07,28,7,-2.57,26,552,183,73,40,179
1584,t;FMPb,0.3364868146248907,47,53,22.55,33,6,1.33,48,268,183,43,26,223
1584,5TKdDm,0.32145638246617947,37,51,17.75,22,9,-3.44,9,490,205,63,19,263
1584,07t1iJ,0.24419021470215424,30,199,23.05,26,30,-1.64,6,233,387,18,41,135
1584,DFRlX-,0.20371832300647788,38,112,21.16,27,11,-1.95,18,366,236,70,31,28
1584,"9XS,_)",0.1862996661281474,46,130,14.09,42,14,2.82,12,525,241,14,35,14
1584,F/0eI[,0.1770548820370044,40,154,33.68,42,21,2.91,20,162,85,64,22,197
1584,oA0qI^,0.1666410305139322,45,77,36.93,35,14,-0.85,45,322,85,75,22,208
1584,",P`(eV",0.16576454238562707,50,60,20.73,58,12,8.04,3,454,298,10,39,179
1584,AQr2pa,0.15235919182968985,47,19,10.64,50,6,-0.87,17,463,378,19,46,219
1584,LH0k\o,0.15167156269018697,50,12,7.97,20,5,-1.93,23,384,85,69,34,271
1584,`Ol@gL,0.15140869288212502,29,65,9.47,25,8,-2.95,36,446,351,31,40,142
1584,e<I(af,0.14885567329919436,80,20,6.6,66,6,1.2,39,277,196,10,37,238
1584,:JFX)1,0.14541095662717593,34,143,42.36,30,13,-1.86,12,401,183,53,3,43
1584,oD0\I<,0.1441365391605497,44,122,30.41,37,16,-0.89,45,348,85,56,22,83
1584,oB4dID,0.14152484754347777,45,118,56.11,35,14,-2.13,45,330,103,63,22,113
1584,i7nMgb,0.13819195443751248,54,24,28.38,0,4,-2.04,41,233,360,43,40,223
1584,5OCd3F,0.13337783944647685,33,150,49.76,33,12,-1.0,9,446,170,63,9,120
1584,iY2;Lq,0.12976612882972813,76,21,8.08,71,7,3.53,41,534,94,27,24,278
1584,2c0HI_,0.12799016315465564,47,92,21.02,50,16,5.48,7,623,85,38,22,212
1584,D9YmB.,0.12237086614675222,35,139,12.09,42,14,-1.17,18,251,267,71,18,32
1584,9YC;(q,0.11995355419239344,40,109,18.57,33,9,-2.36,12,534,170,27,2,278
1584,oMHHI_,0.117820847190078,44,56,30.42,28,7,0.35,45,428,192,38,22,212
1584,",[+o+V",0.11753309772300378,30,267,51.0,23,21,2.16,3,552,63,73,4,179
1584,ZB-d3D,0.11558165340428915,45,132,36.83,33,18,-0.14,32,330,72,63,9,113
1584,g<)r>J,0.11192248799030452,46,137,36.35,42,19,2.02,40,277,54,76,15,135
1683,Tv0(Zs,48.920559217363206,90,11,3.31,100,1,0.36,28,791,85,10,32,285
1683,5@E5rH,0.5750147592940448,37,168,22.7,43,23,7.03,9,313,178,22,47,127
1683,"H<XF,l",0.5406817999780262,40,98,31.16,16,12,-5.22,21,277,263,37,4,260
1683,\ERgMp,0.378746446955677,53,28,16.3,33,6,-2.59,33,357,236,66,24,274
1683,Q[FofV,0.3503092826397897,41,55,23.07,28,7,-2.57,26,552,183,73,40,179
1683,t;FMPb,0.3364868146248907,47,53,22.55,33,6,1.33,48,268,183,43,26,223
1683,5TKdDm,0.32145638246617947,37,51,17.75,22,9,-3.44,9,490,205,63,19,263
1683,DFRlX-,0.20371832300647788,38,112,21.16,27,11,-1.95,18,366,236,70,31,28
1683,"9XS,_)",0.1862996661281474,46,130,14.09,42,14,2.82,12,525,241,14,35,14
1683,oA1qI/,0.17786828746430208,45,119,47.55,26,15,-2.31,45,322,90,75,22,36
1683,F/0eI[,0.1770548820370044,40,154,33.68,42,21,2.91,20,162,85,64,22,197
1683,",P`(eV",0.16576454238562707,50,60,20.73,58,12,8.04,3,454,298,10,39,179
1683,oC5drF,0.16528069357635516,45,110,47.73,35,14,-1.8,45,339,108,63,47,120
1683,AQr2pa,0.15235919182968985,47,19,10.64,50,6,-0.87,17,463,378,19,46,219
1683,`Ol@gL,0.15140869288212502,29,65,9.47,25,8,-2.95,36,446,351,31,40,142
1683,e<I(af,0.14885567329919436,80,20,6.6,66,6,1.2,39,277,196,10,37,238
1683,oD0\I<,0.1441365391605497,44,122,30.41,37,16,-0.89,45,348,85,56,22,83
1683,oB4dID,0.14152484754347777,45,118,56.11,35,14,-2.13,45,330,103,63,22,113
1683,i7nMgb,0.13819195443751248,54,24,28.38,0,4,-2.04,41,233,360,43,40,223
1683,5OCd3F,0.13337783944647685,33,150,49.76,33,12,-1.0,9,446,170,63,9,120
1683,2c0HI_,0.12799016315465564,47,92,21.02,50,16,5.48,7,623,85,38,22,212
1683,D9YmB.,0.12237086614675222,35,139,12.09,42,14,-1.17,18,251,267,71,18,32
1683,9YC;(q,0.11995355419239344,40,109,18.57,33,9,-2.36,12,534,170,27,2,278
1683,",W+d^Z",0.11790522523957922,39,53,19.61,28,14,0.82,3,516,63,63,35,194
1683,oMHHI_,0.117820847190078,44,56,30.42,28,7,0.35,45,428,192,38,22,212
1683,",[+o+V",0.11753309772300378,30,267,51.0,23,21,2.16,3,552,63,73,4,179
1683,ZB-d3D,0.11558165340428915,45,132,36.83,33,18,-0.14,32,330,72,63,9,113
1683,g<)r>J,0.11192248799030452,46,137,36.35,42,19,2.02,40,277,54,76,15,135
1683,c3rg61,0.11027261667026511,39,91,11.05,27,11,-1.18,38,197,378,66,11,43
1683,7P0n)2,0.10936690169786599,35,182,37.96,37,16,1.33,10,454,85,72,3,47
1782,Tv0(Zs,48.920559217363206,90,11,3.31,100,1,0.36,28,791,85,10,32,285
1782,5@E5rH,0.5750147592940448,37,168,22.7,43,23,7.03,9,313,178,22,47,127
1782,"H<XF,l",0.5406817999780262,40,98,31.16,16,12,-5.22,21,277,263,37,4,260
1782,Q[FofV,0.3503092826397897,41,55,23.07,28,7,-2.57,26,552,183,73,40,179
1782,t;FMPb,0.3364868146248907,47,53,22.55,33,6,1.33,48,268,183,43,26,223
1782,5TKdDm,0.32145638246617947,37,51,17.75,22,9,-3.44,9,490,205,63,19,263
1782,DFRlX-,0.20371832300647788,38,112,21.16,27,11,-1.95,18,366,236,70,31,28
1782,"9XS,_)",0.1862996661281474,46,130,14.09,42,14,2.82,12,525,241,14,35,14
1782,F/0eI[,0.1770548820370044,40,154,33.68,42,21,2.91,20,162,85,64,22,197
1782,1CndgF,0.1734901495693551,34,156,49.82,41,17,2.8,7,339,360,63,40,120
1782,",P`(eV",0.16576454238562707,50,60,20.73,58,12,8.04,3,454,298,10,39,179
1782,oC5drF,0.16528069357635516,45,110,47.73,35,14,-1.8,45,339,108,63,47,120
1782,e<I(af,0.14885567329919436,80,20,6.6,66,6,1.2,39,277,196,10,37,238
1782,oB4dID,0.14152484754347777,45,118,56.11,35,14,-2.13,45,330,103,63,22,113
1782,i7nMgb,0.13819195443751248,54,24,28.38,0,4,-2.04,41,233,360,43,40,223
1782,oMWHF_,0.1374460142675706,41,55,27.45,28,7,-3.61,45,428,258,38,20,212
1782,",W+d+F",0.12848426856652265,31,284,37.8,25,27,2.45,3,516,63,63,4,120
1782,2c0HI_,0.12799016315465564,47,92,21.02,50,16,5.48,7,623,85,38,22,212
1782,oMvHF`,0.12266132509523142,42,45,22.17,28,7,-3.61,45,428,396,38,20,216
1782,D9YmB.,0.12237086614675222,35,139,12.09,42,14,-1.17,18,251,267,71,18,32
1782,9YC;(q,0.11995355419239344,40,109,18.57,33,9,-2.36,12,534,170,27,2,278
1782,",W+d^Z",0.11790522523957922,39,53,19.61,28,14,0.82,3,516,63,63,35,194
1782,oMHHI_,0.117820847190078,44,56,30.42,28,7,0.35,45,428,192,38,22,212
1782,",[+o+V",0.11753309772300378,30,267,51.0,23,21,2.16,3,552,63,73,4,179
1782,ZB-d3D,0.11558165340428915,45,132,36.83,33,18,-0.14,32,330,72,63,9,113
1782,g<)r>J,0.11192248799030452,46,137,36.35,42,19,2.02,40,277,54,76,15,135
1782,c3rg61,0.11027261667026511,39,91,11.05,27,11,-1.18,38,197,378,66,11,43
1782,7P0n)2,0.10936690169786599,35,182,37.96,37,16,1.33,10,454,85,72,3,47
1782,",B`d6D",0.10665815935566789,30,297,39.81,26,30,0.5,3,330,298,63,11,113
1782,",H+c7e",0.10438445206013418,30,240,13.89,33,27,6.32,3,384,63,62,11,234
